metal,oxidation_state,x,formula,delta_G_min,delta_G_norm_min,alpha_opt,beta_opt,gamma_opt,nu_LPSC_doped,nu_H2O,nu_LiCl,nu_LiF,nu_Li3PO4,nu_H2S,nu_LiOH,nu_MCl_n,nu_MF_n,nu_MOH_n,nu_MO_n_over_2,mu_LPSC_doped,mu_H2O,mu_LiCl,mu_LiF,mu_Li3PO4,mu_H2S,mu_LiOH,mu_MCl_n,mu_MF_n,mu_MOH_n,mu_MO_n_over_2,contrib_LPSC_doped,contrib_H2O,contrib_LiCl,contrib_LiF,contrib_Li3PO4,contrib_H2S,contrib_LiOH,contrib_MCl_n,contrib_MF_n,contrib_MOH_n,contrib_MO_n_over_2
Ac,3,0.01,Li602AcP99S500Cl97F3,-6.558690961,-1.085875987,-0.03,0,0,-1,-6.04,0.97,0,0.99,5,2.08,0,0.01,0,0,-18.4254321,-2.546814899,-4.005635262,-6.288835526,-21.9933548,-0.703408086,-5.293634892,-10.68239021,-18.01965904,-14.63361597,-9.534380436,18.4254321,15.38276199,-3.885466204,0,-21.77342125,-3.517040429,-11.01076057,0,-0.18019659,0,0
Ac,3,0.02,Li302AcP49S250Cl47F3,-6.621485643,-1.089060139,-0.06,0,0,-1,-6.08,0.94,0,0.98,5,2.16,0,0.02,0,0,-18.52434959,-2.546814899,-4.005635262,-6.288835526,-21.9933548,-0.703408086,-5.293634892,-10.68239021,-18.01965904,-14.63361597,-9.534380436,18.52434959,15.48463459,-3.765297146,0,-21.5534877,-3.517040429,-11.43425137,0,-0.360393181,0,0
Ac,3,0.03,Li606Ac3P97S500Cl91F9,-6.685815198,-1.092453464,-0.09,0,0,-1,-6.12,0.91,0,0.97,5,2.24,0,0.03,0,0,-18.62173222,-2.546814899,-4.005635262,-6.288835526,-21.9933548,-0.703408086,-5.293634892,-10.68239021,-18.01965904,-14.63361597,-9.534380436,18.62173222,15.58650718,-3.645128088,0,-21.33355415,-3.517040429,-11.85774216,0,-0.540589771,0,0
Ac,3,0.04,Li152AcP24S125Cl22F3,-6.751274472,-1.095986116,-0.12,0,0,-1,-6.16,0.88,0,0.96,5,2.32,0,0.04,0,0,-18.71798512,-2.546814899,-4.005635262,-6.288835526,-21.9933548,-0.703408086,-5.293634892,-10.68239021,-18.01965904,-14.63361597,-9.534380436,18.71798512,15.68837978,-3.52495903,0,-21.11362061,-3.517040429,-12.28123295,0,-0.720786362,0,0
Ac,3,0.05,Li122AcP19S100Cl17F3,-6.816665589,-1.099462192,-0.15,0,0,-1,-6.2,0.85,0,0.95,5,2.4,-6.94E-18,0.05,0,6.94E-18,-18.81430619,-2.546814899,-4.005635262,-6.288835526,-21.9933548,-0.703408086,-5.293634892,-10.68239021,-18.01965904,-14.63361597,-9.534380436,18.81430619,15.79025237,-3.404789972,0,-20.89368706,-3.517040429,-12.70472374,7.41E-17,-0.900982952,0,-6.62E-17
Ac,3,0.06,Li306Ac3P47S250Cl41F9,-6.880849011,-1.102700162,-0.18,0,0,-1,-6.24,0.82,0,0.94,5,2.48,0,0.06,0,0,-18.91183495,-2.546814899,-4.005635262,-6.288835526,-21.9933548,-0.703408086,-5.293634892,-10.68239021,-18.01965904,-14.63361597,-9.534380436,18.91183495,15.89212497,-3.284620914,0,-20.67375351,-3.517040429,-13.12821453,0,-1.081179543,0,0
Ac,3,0.07,Li614Ac7P93S500Cl79F21,-6.943032256,-1.105578385,-0.21,0,0,-1,-6.28,0.79,0,0.93,5,2.56,-1.39E-17,0.07,0,1.39E-17,-19.01136388,-2.546814899,-4.005635262,-6.288835526,-21.9933548,-0.703408086,-5.293634892,-10.68239021,-18.01965904,-14.63361597,-9.534380436,19.01136388,15.99399757,-3.164451857,0,-20.45381996,-3.517040429,-13.55170532,1.48E-16,-1.261376133,0,-1.32E-16
Ac,3,0.08,Li154Ac2P23S125Cl19F6,-7.002709841,-1.108023709,-0.24,0,0,-1,-6.32,0.76,0,0.92,5,2.64,0,0.08,0,0,-19.11339848,-2.546814899,-4.005635262,-6.288835526,-21.9933548,-0.703408086,-5.293634892,-10.68239021,-18.01965904,-14.63361597,-9.534380436,19.11339848,16.09587016,-3.044282799,0,-20.23388641,-3.517040429,-13.97519611,0,-1.441572723,0,0
Ac,3,0.09,Li618Ac9P91S500Cl73F27,-7.059575941,-1.109996217,-0.27,0,0,-1,-6.36,0.73,0,0.91,5,2.72,1.39E-17,0.09,0,-1.39E-17,-19.21824455,-2.546814899,-4.005635262,-6.288835526,-21.9933548,-0.703408086,-5.293634892,-10.68239021,-18.01965904,-14.63361597,-9.534380436,19.21824455,16.19774276,-2.924113741,0,-20.01395287,-3.517040429,-14.3986869,-1.48E-16,-1.621769314,0,1.32E-16
Ac,3,0.1,Li62AcP9S50Cl7F3,-7.1136408,-1.111506375,-0.3,0,0,-1,-6.4,0.7,0,0.9,5,2.8,-1.39E-17,0.1,0,1.39E-17,-19.32589188,-2.546814899,-4.005635262,-6.288835526,-21.9933548,-0.703408086,-5.293634892,-10.68239021,-18.01965904,-14.63361597,-9.534380436,19.32589188,16.29961535,-2.803944683,0,-19.79401932,-3.517040429,-14.8221777,1.48E-16,-1.801965904,0,-1.32E-16
Ag,1,0.01,Li604AgP99S500Cl99F,-7.657998429,-1.267880535,-0.02,0.01,0,-1,-6.04,0.98,0.01,0.99,5,2.08,0.01,0,0,0,-17.26013799,-2.546814899,-4.005635262,-6.288835526,-21.9933548,-0.703408086,-5.293634892,-1.12652421,-2.230804443,-2.251595378,-0.445244864,17.26013799,15.38276199,-3.925522556,-0.062888355,-21.77342125,-3.517040429,-11.01076057,-0.011265242,0,0,0
Ag,1,0.02,Li304AgP49S250Cl49F,-7.661243786,-1.260072991,-0.04,0.02,0,-1,-6.08,0.96,0.02,0.98,5,2.16,0.02,0,0,0,-17.35261817,-2.546814899,-4.005635262,-6.288835526,-21.9933548,-0.703408086,-5.293634892,-1.12652421,-2.230804443,-2.251595378,-0.445244864,17.35261817,15.48463459,-3.845409851,-0.125776711,-21.5534877,-3.517040429,-11.43425137,-0.022530484,0,0,0
Ag,1,0.03,Li612Ag3P97S500Cl97F3,-7.665082529,-1.252464465,-0.06,0.03,0,-1,-6.12,0.94,0.03,0.97,5,2.24,0.03,0,0,0,-17.44450497,-2.546814899,-4.005635262,-6.288835526,-21.9933548,-0.703408086,-5.293634892,-1.12652421,-2.230804443,-2.251595378,-0.445244864,17.44450497,15.58650718,-3.765297146,-0.188665066,-21.33355415,-3.517040429,-11.85774216,-0.033795726,0,0,0
Ag,1,0.04,Li154AgP24S125Cl24F,-7.669453269,-1.245041115,-0.08,0.04,0,-1,-6.16,0.92,0.04,0.96,5,2.32,0.04,0,0,0,-17.53585977,-2.546814899,-4.005635262,-6.288835526,-21.9933548,-0.703408086,-5.293634892,-1.12652421,-2.230804443,-2.251595378,-0.445244864,17.53585977,15.68837978,-3.685184441,-0.251553421,-21.11362061,-3.517040429,-12.28123295,-0.045060968,0,0,0
Ag,1,0.05,Li124AgP19S100Cl19F,-7.674463724,-1.23781673,-0.1,0.05,0,-1,-6.2,0.9,0.05,0.95,5,2.4,0.05,0,0,0,-17.62657485,-2.546814899,-4.005635262,-6.288835526,-21.9933548,-0.703408086,-5.293634892,-1.12652421,-2.230804443,-2.251595378,-0.445244864,17.62657485,15.79025237,-3.605071735,-0.314441776,-20.89368706,-3.517040429,-12.70472374,-0.05632621,0,0,0
Ag,1,0.06,Li312Ag3P47S250Cl47F3,-7.680172327,-1.230796847,-0.12,0.06,0,-1,-6.24,0.88,0.06,0.94,5,2.48,0.06,0,0,0,-17.71659179,-2.546814899,-4.005635262,-6.288835526,-21.9933548,-0.703408086,-5.293634892,-1.12652421,-2.230804443,-2.251595378,-0.445244864,17.71659179,15.89212497,-3.52495903,-0.377330132,-20.67375351,-3.517040429,-13.12821453,-0.067591453,0,0,0
Ag,1,0.07,Li628Ag7P93S500Cl93F7,-7.686555796,-1.223973853,-0.14,0.07,0,-1,-6.28,0.86,0.07,0.93,5,2.56,0.07,0,0,0,-17.80593386,-2.546814899,-4.005635262,-6.288835526,-21.9933548,-0.703408086,-5.293634892,-1.12652421,-2.230804443,-2.251595378,-0.445244864,17.80593386,15.99399757,-3.444846325,-0.440218487,-20.45381996,-3.517040429,-13.55170532,-0.078856695,0,0,0
Ag,1,0.08,Li158Ag2P23S125Cl23F2,-7.694165281,-1.217431215,-0.16,0.08,0,-1,-6.32,0.84,0.08,0.92,5,2.64,0.08,0,0,0,-17.89404991,-2.546814899,-4.005635262,-6.288835526,-21.9933548,-0.703408086,-5.293634892,-1.12652421,-2.230804443,-2.251595378,-0.445244864,17.89404991,16.09587016,-3.36473362,-0.503106842,-20.23388641,-3.517040429,-13.97519611,-0.090121937,0,0,0
Ag,1,0.09,Li636Ag9P91S500Cl91F9,-7.704295843,-1.211367271,-0.18,0.09,0,-1,-6.36,0.82,0.09,0.91,5,2.72,0.09,0,0,0,-17.97964489,-2.546814899,-4.005635262,-6.288835526,-21.9933548,-0.703408086,-5.293634892,-1.12652421,-2.230804443,-2.251595378,-0.445244864,17.97964489,16.19774276,-3.284620914,-0.565995197,-20.01395287,-3.517040429,-14.3986869,-0.101387179,0,0,0
Ag,1,0.1,Li64AgP9S50Cl9F,-7.717644492,-1.205881952,-0.2,0.1,0,-1,-6.4,0.8,0.1,0.9,5,2.8,0.1,0,0,0,-18.06202178,-2.546814899,-4.005635262,-6.288835526,-21.9933548,-0.703408086,-5.293634892,-1.12652421,-2.230804443,-2.251595378,-0.445244864,18.06202178,16.29961535,-3.204508209,-0.628883553,-19.79401932,-3.517040429,-14.8221777,-0.112652421,0,0,0
Al,3,0.01,Li602AlP99S500Cl97F3,-7.125906604,-1.182723088,-0.03,0.03,0,-1,-6.025,0.97,0.03,0.99,5,2.05,0,0,0,0.01,-17.83015949,-2.546814899,-4.005635262,-6.288835526,-21.9933548,-0.703408086,-5.293634892,-6.621523857,-15.4326458,-13.56695104,-8.408138752,17.83015949,15.34455977,-3.885466204,-0.188665066,-21.77342125,-3.517040429,-10.85195153,0,0,0,-0.084081388
Al,3,0.02,Li302AlP49S250Cl47F3,-7.169586104,-1.185055554,-0.06,0.06,0,-1,-6.05,0.94,0.06,0.98,5,2.1,0,0,0,0.02,-17.92013521,-2.546814899,-4.005635262,-6.288835526,-21.9933548,-0.703408086,-5.293634892,-6.621523857,-15.4326458,-13.56695104,-8.408138752,17.92013521,15.40823014,-3.765297146,-0.377330132,-21.5534877,-3.517040429,-11.11663327,0,0,0,-0.168162775
Al,3,0.03,Li606Al3P97S500Cl91F9,-7.211625728,-1.187098885,-0.09,0.09,0,-1,-6.075,0.91,0.09,0.97,5,2.15,0,0,0,0.03,-18.01175081,-2.546814899,-4.005635262,-6.288835526,-21.9933548,-0.703408086,-5.293634892,-6.621523857,-15.4326458,-13.56695104,-8.408138752,18.01175081,15.47190051,-3.645128088,-0.565995197,-21.33355415,-3.517040429,-11.38131502,0,0,0,-0.252244163
Al,3,0.04,Li152AlP24S125Cl22F3,-7.252070279,-1.18886398,-0.12,0.12,0,-1,-6.1,0.88,0.12,0.96,5,2.2,0,0,0,0.04,-18.10496148,-2.546814899,-4.005635262,-6.288835526,-21.9933548,-0.703408086,-5.293634892,-6.621523857,-15.4326458,-13.56695104,-8.408138752,18.10496148,15.53557088,-3.52495903,-0.754660263,-21.11362061,-3.517040429,-11.64599676,0,0,0,-0.33632555
Al,3,0.05,Li122AlP19S100Cl17F3,-7.290671287,-1.190313679,-0.15,0.15,0,-1,-6.125,0.85,0.15,0.95,5,2.25,-6.94E-18,6.94E-18,0,0.05,-18.20001569,-2.546814899,-4.005635262,-6.288835526,-21.9933548,-0.703408086,-5.293634892,-6.621523857,-15.4326458,-13.56695104,-8.408138752,18.20001569,15.59924126,-3.404789972,-0.943325329,-20.89368706,-3.517040429,-11.91067851,4.59E-17,-1.07E-16,0,-0.420406938
Al,3,0.06,Li306Al3P47S250Cl41F9,-7.327158471,-1.191407881,-0.18,0.18,0,-1,-6.15,0.82,0.18,0.94,5,2.3,0,0,0,0.06,-18.29718372,-2.546814899,-4.005635262,-6.288835526,-21.9933548,-0.703408086,-5.293634892,-6.621523857,-15.4326458,-13.56695104,-8.408138752,18.29718372,15.66291163,-3.284620914,-1.131990395,-20.67375351,-3.517040429,-12.17536025,0,0,0,-0.504488325
Al,3,0.07,Li614Al7P93S500Cl79F21,-7.361543468,-1.192152788,-0.21,0.21,0,-1,-6.175,0.79,0.21,0.93,5,2.35,-1.39E-17,1.39E-17,0,0.07,-18.39645395,-2.546814899,-4.005635262,-6.288835526,-21.9933548,-0.703408086,-5.293634892,-6.621523857,-15.4326458,-13.56695104,-8.408138752,18.39645395,15.726582,-3.164451857,-1.32065546,-20.45381996,-3.517040429,-12.440042,9.19E-17,-2.14E-16,0,-0.588569713
Al,3,0.08,Li154Al2P23S125Cl19F6,-7.393977663,-1.192577042,-0.24,0.24,0,-1,-6.2,0.76,0.24,0.92,5,2.4,0,0,0,0.08,-18.49767497,-2.546814899,-4.005635262,-6.288835526,-21.9933548,-0.703408086,-5.293634892,-6.621523857,-15.4326458,-13.56695104,-8.408138752,18.49767497,15.79025237,-3.044282799,-1.509320526,-20.23388641,-3.517040429,-12.70472374,0,0,0,-0.6726511
Al,3,0.09,Li618Al9P91S500Cl73F27,-7.424327457,-1.192663045,-0.27,0.27,0,-1,-6.225,0.73,0.27,0.91,5,2.45,1.39E-17,-1.39E-17,0,0.09,-18.6009804,-2.546814899,-4.005635262,-6.288835526,-21.9933548,-0.703408086,-5.293634892,-6.621523857,-15.4326458,-13.56695104,-8.408138752,18.6009804,15.85392275,-2.924113741,-1.697985592,-20.01395287,-3.517040429,-12.96940548,-9.19E-17,2.14E-16,0,-0.756732488
Al,3,0.1,Li62AlP9S50Cl7F3,-7.452239764,-1.192358362,-0.3,0.3,0,-1,-6.25,0.7,0.3,0.9,5,2.5,-1.39E-17,1.39E-17,0,0.1,-18.70672331,-2.546814899,-4.005635262,-6.288835526,-21.9933548,-0.703408086,-5.293634892,-6.621523857,-15.4326458,-13.56695104,-8.408138752,18.70672331,15.91759312,-2.803944683,-1.886650658,-19.79401932,-3.517040429,-13.23408723,9.19E-17,-2.14E-16,0,-0.840813875
Am,2,0.01,Li603AmP99S500Cl98F2,-7.155465232,-1.184679674,-0.02,0,0,-1,-6.04,0.98,0,0.99,5,2.08,0,0.01,0,0,-17.80753474,-2.546814899,-4.005635262,-6.288835526,-21.9933548,-0.703408086,-5.293634892,-6.813647747,-11.90171528,-9.36881423,-3.735358715,17.80753474,15.38276199,-3.925522556,0,-21.77342125,-3.517040429,-11.01076057,0,-0.119017153,0,0
Am,3,0.01,Li602AmP99S500Cl97F3,-7.149194499,-1.186588299,-0.03,0.03,0,-1,-6.025,0.97,0.03,0.99,5,2.05,0,0,0,0.01,-17.80509921,-2.546814899,-4.005635262,-6.288835526,-21.9933548,-0.703408086,-5.293634892,-9.618227005,-16.21121216,-12.93425131,-8.230899572,17.80509921,15.34455977,-3.885466204,-0.188665066,-21.77342125,-3.517040429,-10.85195153,0,0,0,-0.082308996
Am,4,0.01,Li601AmP99S500Cl96F4,-7.14452359,-1.186797939,-0.04,0.04,0,-1,-6.02,0.96,0.04,0.99,5,2.04,0,0,0,0.01,-17.80316753,-2.546814899,-4.005635262,-6.288835526,-21.9933548,-0.703408086,-5.293634892,-10.82855463,-19.02587533,-16.24702191,-9.307667971,17.80316753,15.33182569,-3.845409851,-0.251553421,-21.77342125,-3.517040429,-10.79901518,0,0,0,-0.09307668
Am,5,0.01,Li600AmP99S500Cl95F5,-7.134292869,-1.186083602,-0.05,0.05,0,-1,-6.015,0.95,0.05,0.99,5,2.03,0,0,0,0.01,-17.80169821,-2.546814899,-4.005635262,-6.288835526,-21.9933548,-0.703408086,-5.293634892,-12.56024694,-18.97023439,-19.12260437,-9.874691129,17.80169821,15.31909162,-3.805353498,-0.314441776,-21.77342125,-3.517040429,-10.74607883,0,0,0,-0.098746911
Am,6,0.01,Li599AmP99S500Cl94F6,-7.171623187,-1.187354832,-0.06,0.06,0.01,-1,-6.04,0.94,0.06,0.99,5,2.02,0,0,0.01,0,-17.80064214,-2.546814899,-4.005635262,-6.288835526,-21.9933548,-0.703408086,-5.293634892,-13.98837423,-16.11896038,-22.87958765,-8.890557289,17.80064214,15.38276199,-3.765297146,-0.377330132,-21.77342125,-3.517040429,-10.69314248,0,0,-0.228795877,0
Am,2,0.02,Li303AmP49S250Cl48F2,-7.197714986,-1.183834702,-0.04,0,0,-1,-6.08,0.96,0,0.98,5,2.16,0,0.02,0,0,-17.90587408,-2.546814899,-4.005635262,-6.288835526,-21.9933548,-0.703408086,-5.293634892,-6.813647747,-11.90171528,-9.36881423,-3.735358715,17.90587408,15.48463459,-3.845409851,0,-21.5534877,-3.517040429,-11.43425137,0,-0.238034306,0,0
Am,3,0.02,Li302AmP49S250Cl47F3,-7.183181118,-1.187302664,-0.06,0.06,0,-1,-6.05,0.94,0.06,0.98,5,2.1,0,0,0,0.02,-17.90299541,-2.546814899,-4.005635262,-6.288835526,-21.9933548,-0.703408086,-5.293634892,-9.618227005,-16.21121216,-12.93425131,-8.230899572,17.90299541,15.40823014,-3.765297146,-0.377330132,-21.5534877,-3.517040429,-11.11663327,0,0,0,-0.164617991
Am,4,0.02,Li301AmP49S250Cl46F4,-7.171315702,-1.187303924,-0.08,0.08,0,-1,-6.04,0.92,0.08,0.98,5,2.08,0,0,0,0.02,-17.90165565,-2.546814899,-4.005635262,-6.288835526,-21.9933548,-0.703408086,-5.293634892,-10.82855463,-19.02587533,-16.24702191,-9.307667971,17.90165565,15.38276199,-3.685184441,-0.503106842,-21.5534877,-3.517040429,-11.01076057,0,0,0,-0.186153359
Am,5,0.02,Li300AmP49S250Cl45F5,-7.148052455,-1.185415001,-0.1,0.1,0,-1,-6.03,0.9,0.1,0.98,5,2.06,0,0,0,0.02,-17.90151882,-2.546814899,-4.005635262,-6.288835526,-21.9933548,-0.703408086,-5.293634892,-12.56024694,-18.97023439,-19.12260437,-9.874691129,17.90151882,15.35729384,-3.605071735,-0.628883553,-21.5534877,-3.517040429,-10.90488788,0,0,0,-0.197493823
Am,6,0.02,Li299AmP49S250Cl44F6,-7.219847149,-1.18747486,-0.12,0.12,0.02,-1,-6.08,0.88,0.12,0.98,5,2.04,0,0,0.02,0,-17.90227262,-2.546814899,-4.005635262,-6.288835526,-21.9933548,-0.703408086,-5.293634892,-13.98837423,-16.11896038,-22.87958765,-8.890557289,17.90227262,15.48463459,-3.52495903,-0.754660263,-21.5534877,-3.517040429,-10.79901518,0,0,-0.457591753,0
Am,2,0.03,Li609Am3P97S500Cl94F6,-7.239860477,-1.182983738,-0.06,0,0,-1,-6.12,0.94,0,0.97,5,2.24,0,0.03,0,0,-18.00431768,-2.546814899,-4.005635262,-6.288835526,-21.9933548,-0.703408086,-5.293634892,-6.813647747,-11.90171528,-9.36881423,-3.735358715,18.00431768,15.58650718,-3.765297146,0,-21.33355415,-3.517040429,-11.85774216,0,-0.357051458,0,0
Am,3,0.03,Li606Am3P97S500Cl91F9,-7.21538201,-1.187717203,-0.09,0.09,0,-1,-6.075,0.91,0.09,0.97,5,2.15,0,0,0,0.03,-18.00267735,-2.546814899,-4.005635262,-6.288835526,-21.9933548,-0.703408086,-5.293634892,-9.618227005,-16.21121216,-12.93425131,-8.230899572,18.00267735,15.47190051,-3.645128088,-0.565995197,-21.33355415,-3.517040429,-11.38131502,0,0,0,-0.246926987
Am,4,0.03,Li603Am3P97S500Cl88F12,-7.194693877,-1.187243214,-0.12,0.12,0,-1,-6.06,0.88,0.12,0.97,5,2.12,0,0,0,0.03,-18.00355772,-2.546814899,-4.005635262,-6.288835526,-21.9933548,-0.703408086,-5.293634892,-10.82855463,-19.02587533,-16.24702191,-9.307667971,18.00355772,15.43369829,-3.52495903,-0.754660263,-21.33355415,-3.517040429,-11.22250597,0,0,0,-0.279230039
Am,5,0.03,Li600Am3P97S500Cl85F15,-7.157308552,-1.184004723,-0.15,0.15,0,-1,-6.045,0.85,0.15,0.97,5,2.09,0,0,0,0.03,-18.00584292,-2.546814899,-4.005635262,-6.288835526,-21.9933548,-0.703408086,-5.293634892,-12.56024694,-18.97023439,-19.12260437,-9.874691129,18.00584292,15.39549606,-3.404789972,-0.943325329,-21.33355415,-3.517040429,-11.06369692,0,0,0,-0.296240734
Am,6,0.03,Li597Am3P97S500Cl82F18,-7.263188291,-1.186795472,-0.18,0.18,0.03,-1,-6.12,0.82,0.18,0.97,5,2.06,0,0,0.03,0,-18.00878592,-2.546814899,-4.005635262,-6.288835526,-21.9933548,-0.703408086,-5.293634892,-13.98837423,-16.11896038,-22.87958765,-8.890557289,18.00878592,15.58650718,-3.284620914,-1.131990395,-21.33355415,-3.517040429,-10.90488788,0,0,-0.68638763,0
Am,2,0.04,Li153AmP24S125Cl23F2,-7.282027922,-1.18214739,-0.08,0,0,-1,-6.16,0.92,0,0.96,5,2.32,0,0.04,0,0,-18.10273933,-2.546814899,-4.005635262,-6.288835526,-21.9933548,-0.703408086,-5.293634892,-6.813647747,-11.90171528,-9.36881423,-3.735358715,18.10273933,15.68837978,-3.685184441,0,-21.11362061,-3.517040429,-12.28123295,0,-0.476068611,0,0
Am,3,0.04,Li152AmP24S125Cl22F3,-7.246000466,-1.187868929,-0.12,0.12,0,-1,-6.1,0.88,0.12,0.96,5,2.2,0,0,0,0.04,-18.10394172,-2.546814899,-4.005635262,-6.288835526,-21.9933548,-0.703408086,-5.293634892,-9.618227005,-16.21121216,-12.93425131,-8.230899572,18.10394172,15.53557088,-3.52495903,-0.754660263,-21.11362061,-3.517040429,-11.64599676,0,0,0,-0.329235983
Am,4,0.04,Li151AmP24S125Cl21F4,-7.215668744,-1.186787622,-0.16,0.16,0,-1,-6.08,0.84,0.16,0.96,5,2.16,0,0,0,0.04,-18.10786309,-2.546814899,-4.005635262,-6.288835526,-21.9933548,-0.703408086,-5.293634892,-10.82855463,-19.02587533,-16.24702191,-9.307667971,18.10786309,15.48463459,-3.36473362,-1.006213684,-21.11362061,-3.517040429,-11.43425137,0,0,0,-0.372306719
Am,5,0.04,Li150AmP24S125Cl20F5,-7.164142436,-1.182201722,-0.2,0.2,0,-1,-6.06,0.8,0.2,0.96,5,2.12,0,0,0,0.04,-18.11258924,-2.546814899,-4.005635262,-6.288835526,-21.9933548,-0.703408086,-5.293634892,-12.56024694,-18.97023439,-19.12260437,-9.874691129,18.11258924,15.43369829,-3.204508209,-1.257767105,-21.11362061,-3.517040429,-11.22250597,0,0,0,-0.394987645
Am,6,0.04,Li149AmP24S125Cl19F6,-7.304263106,-1.185756998,-0.24,0.24,0.04,-1,-6.16,0.76,0.24,0.96,5,2.08,0,0,0.04,0,-18.11756556,-2.546814899,-4.005635262,-6.288835526,-21.9933548,-0.703408086,-5.293634892,-13.98837423,-16.11896038,-22.87958765,-8.890557289,18.11756556,15.68837978,-3.044282799,-1.509320526,-21.11362061,-3.517040429,-11.01076057,0,0,-0.915183506,0
Am,2,0.05,Li123AmP19S100Cl18F2,-7.324046837,-1.181297877,-0.1,0,0,-1,-6.2,0.9,0,0.95,5,2.4,0,0.05,0,0,-18.20130951,-2.546814899,-4.005635262,-6.288835526,-21.9933548,-0.703408086,-5.293634892,-6.813647747,-11.90171528,-9.36881423,-3.735358715,18.20130951,15.79025237,-3.605071735,0,-20.89368706,-3.517040429,-12.70472374,0,-0.595085764,0,0
Am,3,0.05,Li122AmP19S100Cl17F3,-7.275125501,-1.187775592,-0.15,0.15,0,-1,-6.125,0.85,0.15,0.95,5,2.25,-6.94E-18,6.94E-18,0,0.05,-18.20669951,-2.546814899,-4.005635262,-6.288835526,-21.9933548,-0.703408086,-5.293634892,-9.618227005,-16.21121216,-12.93425131,-8.230899572,18.20669951,15.59924126,-3.404789972,-0.943325329,-20.89368706,-3.517040429,-11.91067851,6.67E-17,-1.12E-16,0,-0.411544979
Am,4,0.05,Li121AmP19S100Cl16F4,-7.2347998,-1.186032754,-0.2,0.2,0,-1,-6.1,0.8,0.2,0.95,5,2.2,0,0,0,0.05,-18.21401228,-2.546814899,-4.005635262,-6.288835526,-21.9933548,-0.703408086,-5.293634892,-10.82855463,-19.02587533,-16.24702191,-9.307667971,18.21401228,15.53557088,-3.204508209,-1.257767105,-20.89368706,-3.517040429,-11.64599676,0,0,0,-0.465383399
Am,5,0.05,Li120AmP19S100Cl15F5,-7.16847817,-1.179996407,-0.25,0.25,0,-1,-6.075,0.75,0.25,0.95,5,2.15,0,0,0,0.05,-18.22183371,-2.546814899,-4.005635262,-6.288835526,-21.9933548,-0.703408086,-5.293634892,-12.56024694,-18.97023439,-19.12260437,-9.874691129,18.22183371,15.47190051,-3.004226446,-1.572208881,-20.89368706,-3.517040429,-11.38131502,0,0,0,-0.493734556
Am,6,0.05,Li119AmP19S100Cl14F6,-7.343227016,-1.184391454,-0.3,0.3,0.05,-1,-6.2,0.7,0.3,0.95,5,2.1,-6.94E-18,6.94E-18,0.05,0,-18.22845609,-2.546814899,-4.005635262,-6.288835526,-21.9933548,-0.703408086,-5.293634892,-13.98837423,-16.11896038,-22.87958765,-8.890557289,18.22845609,15.79025237,-2.803944683,-1.886650658,-20.89368706,-3.517040429,-11.11663327,9.71E-17,-1.12E-16,-1.143979383,0
Am,2,0.06,Li309Am3P47S250Cl44F6,-7.365669749,-1.180395793,-0.12,0,0,-1,-6.24,0.88,0,0.94,5,2.48,0,0.06,0,0,-18.3002757,-2.546814899,-4.005635262,-6.288835526,-21.9933548,-0.703408086,-5.293634892,-6.813647747,-11.90171528,-9.36881423,-3.735358715,18.3002757,15.89212497,-3.52495903,0,-20.67375351,-3.517040429,-13.12821453,0,-0.714102917,0,0
Am,3,0.06,Li306Am3P47S250Cl41F9,-7.302863918,-1.187457548,-0.18,0.18,0,-1,-6.15,0.82,0.18,0.94,5,2.3,0,0,0,0.06,-18.31084393,-2.546814899,-4.005635262,-6.288835526,-21.9933548,-0.703408086,-5.293634892,-9.618227005,-16.21121216,-12.93425131,-8.230899572,18.31084393,15.66291163,-3.284620914,-1.131990395,-20.67375351,-3.517040429,-12.17536025,0,0,0,-0.493853974
Am,4,0.06,Li303Am3P47S250Cl38F12,-7.251566241,-1.184896445,-0.24,0.24,0,-1,-6.12,0.76,0.24,0.94,5,2.24,0,0,0,0.06,-18.32252608,-2.546814899,-4.005635262,-6.288835526,-21.9933548,-0.703408086,-5.293634892,-10.82855463,-19.02587533,-16.24702191,-9.307667971,18.32252608,15.58650718,-3.044282799,-1.509320526,-20.67375351,-3.517040429,-11.85774216,0,0,0,-0.558460078
Am,5,0.06,Li300Am3P47S250Cl35F15,-7.169410717,-1.177243139,-0.3,0.3,0,-1,-6.09,0.7,0.3,0.94,5,2.18,0,0,0,0.06,-18.33448136,-2.546814899,-4.005635262,-6.288835526,-21.9933548,-0.703408086,-5.293634892,-12.56024694,-18.97023439,-19.12260437,-9.874691129,18.33448136,15.51010274,-2.803944683,-1.886650658,-20.67375351,-3.517040429,-11.54012406,0,0,0,-0.592481468
Am,6,0.06,Li297Am3P47S250Cl32F18,-7.383070219,-1.18318433,-0.36,0.36,0.06,-1,-6.24,0.64,0.36,0.94,5,2.12,0,0,0.06,0,-18.33846734,-2.546814899,-4.005635262,-6.288835526,-21.9933548,-0.703408086,-5.293634892,-13.98837423,-16.11896038,-22.87958765,-8.890557289,18.33846734,15.89212497,-2.563606567,-2.263980789,-20.67375351,-3.517040429,-11.22250597,0,0,-1.372775259,0
Am,2,0.07,Li621Am7P93S500Cl86F14,-7.406617002,-1.179397612,-0.14,0,0,-1,-6.28,0.86,0,0.93,5,2.56,0,0.07,0,0,-18.39991754,-2.546814899,-4.005635262,-6.288835526,-21.9933548,-0.703408086,-5.293634892,-6.813647747,-11.90171528,-9.36881423,-3.735358715,18.39991754,15.99399757,-3.444846325,0,-20.45381996,-3.517040429,-13.55170532,0,-0.83312007,0,0
Am,3,0.07,Li614Am7P93S500Cl79F21,-7.329063181,-1.186892823,-0.21,0.21,0,-1,-6.175,0.79,0.21,0.93,5,2.35,-1.39E-17,1.39E-17,0,0.07,-18.41652749,-2.546814899,-4.005635262,-6.288835526,-21.9933548,-0.703408086,-5.293634892,-9.618227005,-16.21121216,-12.93425131,-8.230899572,18.41652749,15.726582,-3.164451857,-1.32065546,-20.45381996,-3.517040429,-12.440042,1.33E-16,-2.25E-16,0,-0.57616297
Am,4,0.07,Li607Am7P93S500Cl72F28,-7.26474767,-1.18318366,-0.28,0.28,0,-1,-6.14,0.72,0.28,0.93,5,2.28,0,0,0,0.07,-18.43462489,-2.546814899,-4.005635262,-6.288835526,-21.9933548,-0.703408086,-5.293634892,-10.82855463,-19.02587533,-16.24702191,-9.307667971,18.43462489,15.63744348,-2.884057388,-1.760873947,-20.45381996,-3.517040429,-12.06948755,0,0,0,-0.651536758
Am,5,0.07,Li600Am7P93S500Cl65F35,-7.168086871,-1.174133804,-0.35,0.35,0,-1,-6.105,0.65,0.35,0.93,5,2.21,-1.39E-17,1.39E-17,0,0.07,-18.4493854,-2.546814899,-4.005635262,-6.288835526,-21.9933548,-0.703408086,-5.293634892,-12.56024694,-18.97023439,-19.12260437,-9.874691129,18.4493854,15.54830496,-2.60366292,-2.201092434,-20.45381996,-3.517040429,-11.69893311,1.74E-16,-2.63E-16,0,-0.691228379
Am,6,0.07,Li593Am7P93S500Cl58F42,-7.430587049,-1.183214498,-0.42,0.42,0.07,-1,-6.28,0.58,0.42,0.93,5,2.14,-1.39E-17,1.39E-17,0.07,0,-18.44080495,-2.546814899,-4.005635262,-6.288835526,-21.9933548,-0.703408086,-5.293634892,-13.98837423,-16.11896038,-22.87958765,-8.890557289,18.44080495,15.99399757,-2.323268452,-2.641310921,-20.45381996,-3.517040429,-11.32837867,1.94E-16,-2.24E-16,-1.601571136,0
Am,2,0.08,Li156Am2P23S125Cl21F4,-7.446590628,-1.178258011,-0.16,0,0,-1,-6.32,0.84,0,0.92,5,2.64,0,0.08,0,0,-18.50053301,-2.546814899,-4.005635262,-6.288835526,-21.9933548,-0.703408086,-5.293634892,-6.813647747,-11.90171528,-9.36881423,-3.735358715,18.50053301,16.09587016,-3.36473362,0,-20.23388641,-3.517040429,-13.97519611,0,-0.952137222,0,0
Am,3,0.08,Li154Am2P23S125Cl19F6,-7.353100788,-1.185983998,-0.24,0.24,0,-1,-6.2,0.76,0.24,0.92,5,2.4,0,0,0,0.08,-18.52437271,-2.546814899,-4.005635262,-6.288835526,-21.9933548,-0.703408086,-5.293634892,-9.618227005,-16.21121216,-12.93425131,-8.230899572,18.52437271,15.79025237,-3.044282799,-1.509320526,-20.23388641,-3.517040429,-12.70472374,0,0,0,-0.658471966
Am,4,0.08,Li152Am2P23S125Cl17F8,-7.273689099,-1.180793685,-0.32,0.32,0,-1,-6.16,0.68,0.32,0.92,5,2.32,0,0,0,0.08,-18.5509637,-2.546814899,-4.005635262,-6.288835526,-21.9933548,-0.703408086,-5.293634892,-10.82855463,-19.02587533,-16.24702191,-9.307667971,18.5509637,15.68837978,-2.723831978,-2.012427368,-20.23388641,-3.517040429,-12.28123295,0,0,0,-0.744613438
Am,5,0.08,Li150Am2P23S125Cl15F10,-7.168554502,-1.171332435,-0.4,0.4,0,-1,-6.12,0.6,0.4,0.92,5,2.24,0,0,0,0.08,-18.56249797,-2.546814899,-4.005635262,-6.288835526,-21.9933548,-0.703408086,-5.293634892,-12.56024694,-18.97023439,-19.12260437,-9.874691129,18.56249797,15.58650718,-2.403381157,-2.51553421,-20.23388641,-3.517040429,-11.85774216,0,0,0,-0.78997529
Am,6,0.08,Li148Am2P23S125Cl13F12,-7.487144775,-1.184674806,-0.48,0.48,0.08,-1,-6.32,0.52,0.48,0.92,5,2.16,0,0,0.08,0,-18.53410167,-2.546814899,-4.005635262,-6.288835526,-21.9933548,-0.703408086,-5.293634892,-13.98837423,-16.11896038,-22.87958765,-8.890557289,18.53410167,16.09587016,-2.082930336,-3.018641052,-20.23388641,-3.517040429,-11.43425137,0,0,-1.830367012,0
Am,2,0.09,Li627Am9P91S500Cl82F18,-7.485259925,-1.176927661,-0.18,0,0,-1,-6.36,0.82,0,0.91,5,2.72,0,0.09,0,0,-18.60245281,-2.546814899,-4.005635262,-6.288835526,-21.9933548,-0.703408086,-5.293634892,-6.813647747,-11.90171528,-9.36881423,-3.735358715,18.60245281,16.19774276,-3.284620914,0,-20.01395287,-3.517040429,-14.3986869,0,-1.071154375,0,0
Am,3,0.09,Li618Am9P91S500Cl73F27,-7.374036255,-1.184584137,-0.27,0.27,0,-1,-6.225,0.73,0.27,0.91,5,2.45,1.39E-17,-1.39E-17,0,0.09,-18.63532007,-2.546814899,-4.005635262,-6.288835526,-21.9933548,-0.703408086,-5.293634892,-9.618227005,-16.21121216,-12.93425131,-8.230899572,18.63532007,15.85392275,-2.924113741,-1.697985592,-20.01395287,-3.517040429,-12.96940548,-1.33E-16,2.25E-16,0,-0.740780962
Am,4,0.09,Li609Am9P91S500Cl64F36,-7.279312736,-1.17788232,-0.36,0.36,0,-1,-6.18,0.64,0.36,0.91,5,2.36,0,0,0,0.09,-18.6706203,-2.546814899,-4.005635262,-6.288835526,-21.9933548,-0.703408086,-5.293634892,-10.82855463,-19.02587533,-16.24702191,-9.307667971,18.6706203,15.73931608,-2.563606567,-2.263980789,-20.01395287,-3.517040429,-12.49297834,0,0,0,-0.837690117
Am,5,0.09,Li600Am9P91S500Cl55F45,-7.174951364,-1.169511225,-0.45,0.45,0,-1,-6.135,0.55,0.45,0.91,5,2.27,0,0,0,0.09,-18.66968131,-2.546814899,-4.005635262,-6.288835526,-21.9933548,-0.703408086,-5.293634892,-12.56024694,-18.97023439,-19.12260437,-9.874691129,18.66968131,15.62470941,-2.203099394,-2.829975986,-20.01395287,-3.517040429,-12.0165512,0,0,0,-0.888722202
Am,6,0.09,Li591Am9P91S500Cl46F54,-7.537563749,-1.185151533,-0.54,0.54,0.09,-1,-6.36,0.46,0.54,0.91,5,2.18,1.39E-17,-1.39E-17,0.09,0,-18.63353714,-2.546814899,-4.005635262,-6.288835526,-21.9933548,-0.703408086,-5.293634892,-13.98837423,-16.11896038,-22.87958765,-8.890557289,18.63353714,16.19774276,-1.84259222,-3.395971184,-20.01395287,-3.517040429,-11.54012406,-1.94E-16,2.24E-16,-2.059162889,0
Am,2,0.1,Li63AmP9S50Cl8F2,-7.522294417,-1.175358503,-0.2,0,0,-1,-6.4,0.8,0,0.9,5,2.8,0,0.1,0,0,-18.70600741,-2.546814899,-4.005635262,-6.288835526,-21.9933548,-0.703408086,-5.293634892,-6.813647747,-11.90171528,-9.36881423,-3.735358715,18.70600741,16.29961535,-3.204508209,0,-19.79401932,-3.517040429,-14.8221777,0,-1.190171528,0,0
Am,3,0.1,Li62AmP9S50Cl7F3,-7.391066635,-1.182570662,-0.3,0.3,0,-1,-6.25,0.7,0.3,0.9,5,2.5,-1.39E-17,1.39E-17,0,0.1,-18.75017252,-2.546814899,-4.005635262,-6.288835526,-21.9933548,-0.703408086,-5.293634892,-9.618227005,-16.21121216,-12.93425131,-8.230899572,18.75017252,15.91759312,-2.803944683,-1.886650658,-19.79401932,-3.517040429,-13.23408723,1.33E-16,-2.25E-16,0,-0.823089957
Am,4,0.1,Li61AmP9S50Cl6F4,-7.284263002,-1.174881129,-0.4,0.4,0,-1,-6.2,0.6,0.4,0.9,5,2.4,0,0,0,0.1,-18.79095027,-2.546814899,-4.005635262,-6.288835526,-21.9933548,-0.703408086,-5.293634892,-10.82855463,-19.02587533,-16.24702191,-9.307667971,18.79095027,15.79025237,-2.403381157,-2.51553421,-19.79401932,-3.517040429,-12.70472374,0,0,0,-0.930766797
Am,5,0.1,Li60AmP9S50Cl5F5,-7.183525584,-1.168052941,-0.5,0.5,0,-1,-6.15,0.5,0.5,0.9,5,2.3,0,0,0,0.1,-18.77468729,-2.546814899,-4.005635262,-6.288835526,-21.9933548,-0.703408086,-5.293634892,-12.56024694,-18.97023439,-19.12260437,-9.874691129,18.77468729,15.66291163,-2.002817631,-3.144417763,-19.79401932,-3.517040429,-12.17536025,0,0,0,-0.987469113
Am,6,0.1,Li59AmP9S50Cl4F6,-7.583250335,-1.184882865,-0.6,0.6,0.1,-1,-6.4,0.4,0.6,0.9,5,2.2,-1.39E-17,1.39E-17,0.1,0,-18.737705,-2.546814899,-4.005635262,-6.288835526,-21.9933548,-0.703408086,-5.293634892,-13.98837423,-16.11896038,-22.87958765,-8.890557289,18.737705,16.29961535,-1.602254105,-3.773301315,-19.79401932,-3.517040429,-11.64599676,1.94E-16,-2.24E-16,-2.287958765,0
Au,1,0.01,Li604AuP99S500Cl99F,-7.737139746,-1.282044697,-0.01,0.01,0,-1,-6.035,0.99,0.01,0.99,5,2.07,0,0,0,0.01,-17.18172956,-2.546814899,-4.005635262,-6.288835526,-21.9933548,-0.703408086,-5.293634892,-0.499446034,-2.055683613,-2.557280302,-1.214404911,17.18172956,15.37002792,-3.965578909,-0.062888355,-21.77342125,-3.517040429,-10.95782423,0,0,0,-0.012144049
Au,3,0.01,Li602AuP99S500Cl97F3,-7.72560183,-1.279073151,-0.03,0.03,0.01,-1,-6.04,0.97,0.03,0.99,5,2.05,0,0,0.01,0,-17.17788739,-2.546814899,-4.005635262,-6.288835526,-21.9933548,-0.703408086,-5.293634892,-1.2741431,-4.34026432,-6.970673144,-1.08438246,17.17788739,15.38276199,-3.885466204,-0.188665066,-21.77342125,-3.517040429,-10.85195153,0,0,-0.069706731,0
Au,1,0.02,Li304AuP49S250Cl49F,-7.758575826,-1.278183826,-0.02,0.02,0,-1,-6.07,0.98,0.02,0.98,5,2.14,0,0,0,0.02,-17.2567519,-2.546814899,-4.005635262,-6.288835526,-21.9933548,-0.703408086,-5.293634892,-0.499446034,-2.055683613,-2.557280302,-1.214404911,17.2567519,15.45916644,-3.925522556,-0.125776711,-21.5534877,-3.517040429,-11.32837867,0,0,0,-0.024288098
Au,3,0.02,Li302AuP49S250Cl47F3,-7.730109673,-1.271399617,-0.06,0.06,0.02,-1,-6.08,0.94,0.06,0.98,5,2.1,0,0,0.02,0,-17.25445788,-2.546814899,-4.005635262,-6.288835526,-21.9933548,-0.703408086,-5.293634892,-1.2741431,-4.34026432,-6.970673144,-1.08438246,17.25445788,15.48463459,-3.765297146,-0.377330132,-21.5534877,-3.517040429,-11.11663327,0,0,-0.139413463,0
Au,1,0.03,Li612Au3P97S500Cl97F3,-7.779794078,-1.274331544,-0.03,0.03,0,-1,-6.105,0.97,0.03,0.97,5,2.21,0,0,0,0.03,-17.33199207,-2.546814899,-4.005635262,-6.288835526,-21.9933548,-0.703408086,-5.293634892,-0.499446034,-2.055683613,-2.557280302,-1.214404911,17.33199207,15.54830496,-3.885466204,-0.188665066,-21.33355415,-3.517040429,-11.69893311,0,0,0,-0.036432147
Au,3,0.03,Li606Au3P97S500Cl91F9,-7.730680377,-1.263183068,-0.09,0.09,0.03,-1,-6.12,0.91,0.09,0.97,5,2.15,0,0,0.03,0,-17.33496552,-2.546814899,-4.005635262,-6.288835526,-21.9933548,-0.703408086,-5.293634892,-1.2741431,-4.34026432,-6.970673144,-1.08438246,17.33496552,15.58650718,-3.645128088,-0.565995197,-21.33355415,-3.517040429,-11.38131502,0,0,-0.209120194,0
Au,1,0.04,Li154AuP24S125Cl24F,-7.800533337,-1.270445169,-0.04,0.04,0,-1,-6.14,0.96,0.04,0.96,5,2.28,0,0,0,0.04,-17.40771124,-2.546814899,-4.005635262,-6.288835526,-21.9933548,-0.703408086,-5.293634892,-0.499446034,-2.055683613,-2.557280302,-1.214404911,17.40771124,15.63744348,-3.845409851,-0.251553421,-21.11362061,-3.517040429,-12.06948755,0,0,0,-0.048576196
Au,3,0.04,Li152AuP24S125Cl22F3,-7.728065275,-1.254556051,-0.12,0.12,0.04,-1,-6.16,0.88,0.12,0.96,5,2.2,0,0,0.04,0,-17.41865896,-2.546814899,-4.005635262,-6.288835526,-21.9933548,-0.703408086,-5.293634892,-1.2741431,-4.34026432,-6.970673144,-1.08438246,17.41865896,15.68837978,-3.52495903,-0.754660263,-21.11362061,-3.517040429,-11.64599676,0,0,-0.278826926,0
Au,1,0.05,Li124AuP19S100Cl19F,-7.820471052,-1.266473045,-0.05,0.05,0,-1,-6.175,0.95,0.05,0.95,5,2.35,0,0,0,0.05,-17.48423195,-2.546814899,-4.005635262,-6.288835526,-21.9933548,-0.703408086,-5.293634892,-0.499446034,-2.055683613,-2.557280302,-1.214404911,17.48423195,15.726582,-3.805353498,-0.314441776,-20.89368706,-3.517040429,-12.440042,0,0,0,-0.060720246
Au,3,0.05,Li122AuP19S100Cl17F3,-7.722918894,-1.24563208,-0.15,0.15,0.05,-1,-6.2,0.85,0.15,0.95,5,2.25,-6.94E-18,6.94E-18,0.05,0,-17.50488368,-2.546814899,-4.005635262,-6.288835526,-21.9933548,-0.703408086,-5.293634892,-1.2741431,-4.34026432,-6.970673144,-1.08438246,17.50488368,15.79025237,-3.404789972,-0.943325329,-20.89368706,-3.517040429,-11.91067851,8.84E-18,-3.01E-17,-0.348533657,0
Au,1,0.06,Li312Au3P47S250Cl47F3,-7.839318678,-1.262370158,-0.06,0.06,0,-1,-6.21,0.94,0.06,0.94,5,2.42,0,0,0,0.06,-17.56184275,-2.546814899,-4.005635262,-6.288835526,-21.9933548,-0.703408086,-5.293634892,-0.499446034,-2.055683613,-2.557280302,-1.214404911,17.56184275,15.81572052,-3.765297146,-0.377330132,-20.67375351,-3.517040429,-12.81059644,0,0,0,-0.072864295
Au,3,0.06,Li306Au3P47S250Cl41F9,-7.716337773,-1.236592592,-0.18,0.18,0.06,-1,-6.24,0.82,0.18,0.94,5,2.3,0,0,0.06,0,-17.59254314,-2.546814899,-4.005635262,-6.288835526,-21.9933548,-0.703408086,-5.293634892,-1.2741431,-4.34026432,-6.970673144,-1.08438246,17.59254314,15.89212497,-3.284620914,-1.131990395,-20.67375351,-3.517040429,-12.17536025,0,0,-0.418240389,0
Au,1,0.07,Li628Au7P93S500Cl93F7,-7.856921989,-1.258114009,-0.07,0.07,0,-1,-6.245,0.93,0.07,0.93,5,2.49,0,0,0,0.07,-17.64069786,-2.546814899,-4.005635262,-6.288835526,-21.9933548,-0.703408086,-5.293634892,-0.499446034,-2.055683613,-2.557280302,-1.214404911,17.64069786,15.90485904,-3.725240793,-0.440218487,-20.45381996,-3.517040429,-13.18115088,0,0,0,-0.085008344
Au,3,0.07,Li614Au7P93S500Cl79F21,-7.709790173,-1.227673594,-0.21,0.21,0.07,-1,-6.28,0.79,0.21,0.93,5,2.35,-1.39E-17,1.39E-17,0.07,0,-17.68016908,-2.546814899,-4.005635262,-6.288835526,-21.9933548,-0.703408086,-5.293634892,-1.2741431,-4.34026432,-6.970673144,-1.08438246,17.68016908,15.99399757,-3.164451857,-1.32065546,-20.45381996,-3.517040429,-12.440042,1.77E-17,-6.02E-17,-0.48794712,0
Au,1,0.08,Li158Au2P23S125Cl23F2,-7.873488622,-1.253740227,-0.08,0.08,0,-1,-6.28,0.92,0.08,0.92,5,2.56,0,0,0,0.08,-17.72058965,-2.546814899,-4.005635262,-6.288835526,-21.9933548,-0.703408086,-5.293634892,-0.499446034,-2.055683613,-2.557280302,-1.214404911,17.72058965,15.99399757,-3.685184441,-0.503106842,-20.23388641,-3.517040429,-13.55170532,0,0,0,-0.097152393
Au,3,0.08,Li154Au2P23S125Cl19F6,-7.704555663,-1.219075263,-0.24,0.24,0.08,-1,-6.32,0.76,0.24,0.92,5,2.4,0,0,0.08,0,-17.76648193,-2.546814899,-4.005635262,-6.288835526,-21.9933548,-0.703408086,-5.293634892,-1.2741431,-4.34026432,-6.970673144,-1.08438246,17.76648193,16.09587016,-3.044282799,-1.509320526,-20.23388641,-3.517040429,-12.70472374,0,0,-0.557653852,0
Au,1,0.09,Li636Au9P91S500Cl91F9,-7.889611063,-1.249344586,-0.09,0.09,0,-1,-6.315,0.91,0.09,0.91,5,2.63,0,0,0,0.09,-17.80092564,-2.546814899,-4.005635262,-6.288835526,-21.9933548,-0.703408086,-5.293634892,-0.499446034,-2.055683613,-2.557280302,-1.214404911,17.80092564,16.08313609,-3.645128088,-0.565995197,-20.01395287,-3.517040429,-13.92225976,0,0,0,-0.109296442
Au,3,0.09,Li618Au9P91S500Cl73F27,-7.701117142,-1.210867475,-0.27,0.27,0.09,-1,-6.36,0.73,0.27,0.91,5,2.45,1.39E-17,-1.39E-17,0.09,0,-17.8509988,-2.546814899,-4.005635262,-6.288835526,-21.9933548,-0.703408086,-5.293634892,-1.2741431,-4.34026432,-6.970673144,-1.08438246,17.8509988,16.19774276,-2.924113741,-1.697985592,-20.01395287,-3.517040429,-12.96940548,-1.77E-17,6.02E-17,-0.627360583,0
Au,1,0.1,Li64AuP9S50Cl9F,-7.905665349,-1.244986669,-0.1,0.1,0,-1,-6.35,0.9,0.1,0.9,5,2.7,0,0,0,0.1,-17.88132977,-2.546814899,-4.005635262,-6.288835526,-21.9933548,-0.703408086,-5.293634892,-0.499446034,-2.055683613,-2.557280302,-1.214404911,17.88132977,16.17227461,-3.605071735,-0.628883553,-19.79401932,-3.517040429,-14.29281421,0,0,0,-0.121440491
Au,3,0.1,Li62AuP9S50Cl7F3,-7.699036715,-1.202974487,-0.3,0.3,0.1,-1,-6.4,0.7,0.3,0.9,5,2.5,-1.39E-17,1.39E-17,0.1,0,-17.93415756,-2.546814899,-4.005635262,-6.288835526,-21.9933548,-0.703408086,-5.293634892,-1.2741431,-4.34026432,-6.970673144,-1.08438246,17.93415756,16.29961535,-2.803944683,-1.886650658,-19.79401932,-3.517040429,-13.23408723,1.77E-17,-6.02E-17,-0.697067314,0
Ba,2,0.01,Li603BaP99S500Cl98F2,-7.079505237,-1.172103516,-0.04,0.02,0,-1,-6.04,0.96,0.02,0.99,5,2.08,0.01,0,0,0,-17.89904258,-2.546814899,-4.005635262,-6.288835526,-21.9933548,-0.703408086,-5.293634892,-8.89009881,-12.55147362,-9.585937858,-5.590439796,17.89904258,15.38276199,-3.845409851,-0.125776711,-21.77342125,-3.517040429,-11.01076057,-0.088900988,0,0,0
Ba,2,0.02,Li303BaP49S250Cl48F2,-7.143741552,-1.174957492,-0.08,0.04,0,-1,-6.08,0.92,0.04,0.98,5,2.16,0.02,0,0,0,-17.9909432,-2.546814899,-4.005635262,-6.288835526,-21.9933548,-0.703408086,-5.293634892,-8.89009881,-12.55147362,-9.585937858,-5.590439796,17.9909432,15.48463459,-3.685184441,-0.251553421,-21.5534877,-3.517040429,-11.43425137,-0.177801976,0,0,0
Ba,2,0.03,Li609Ba3P97S500Cl94F6,-7.207682569,-1.17772591,-0.12,0.06,0,-1,-6.12,0.88,0.06,0.97,5,2.24,0.03,0,0,0,-18.08313911,-2.546814899,-4.005635262,-6.288835526,-21.9933548,-0.703408086,-5.293634892,-8.89009881,-12.55147362,-9.585937858,-5.590439796,18.08313911,15.58650718,-3.52495903,-0.377330132,-21.33355415,-3.517040429,-11.85774216,-0.266702964,0,0,0
Ba,2,0.04,Li153BaP24S125Cl23F2,-7.271019746,-1.180360348,-0.16,0.08,0,-1,-6.16,0.84,0.08,0.96,5,2.32,0.04,0,0,0,-18.17593887,-2.546814899,-4.005635262,-6.288835526,-21.9933548,-0.703408086,-5.293634892,-8.89009881,-12.55147362,-9.585937858,-5.590439796,18.17593887,15.68837978,-3.36473362,-0.503106842,-21.11362061,-3.517040429,-12.28123295,-0.355603952,0,0,0
Ba,2,0.05,Li123BaP19S100Cl18F2,-7.333231663,-1.1827793,-0.2,0.1,0,-1,-6.2,0.8,0.1,0.95,5,2.4,0.05,0,0,0,-18.26986389,-2.546814899,-4.005635262,-6.288835526,-21.9933548,-0.703408086,-5.293634892,-8.89009881,-12.55147362,-9.585937858,-5.590439796,18.26986389,15.79025237,-3.204508209,-0.628883553,-20.89368706,-3.517040429,-12.70472374,-0.444504941,0,0,0
Ba,2,0.06,Li309Ba3P47S250Cl44F6,-7.39377017,-1.184899066,-0.24,0.12,0,-1,-6.24,0.76,0.12,0.94,5,2.48,0.06,0,0,0,-18.36546232,-2.546814899,-4.005635262,-6.288835526,-21.9933548,-0.703408086,-5.293634892,-8.89009881,-12.55147362,-9.585937858,-5.590439796,18.36546232,15.89212497,-3.044282799,-0.754660263,-20.67375351,-3.517040429,-13.12821453,-0.533405929,0,0,0
Ba,2,0.07,Li621Ba7P93S500Cl86F14,-7.45222391,-1.186659858,-0.28,0.14,0,-1,-6.28,0.72,0.14,0.93,5,2.56,0.07,0,0,0,-18.46314552,-2.546814899,-4.005635262,-6.288835526,-21.9933548,-0.703408086,-5.293634892,-8.89009881,-12.55147362,-9.585937858,-5.590439796,18.46314552,15.99399757,-2.884057388,-0.880436974,-20.45381996,-3.517040429,-13.55170532,-0.622306917,0,0,0
Ba,2,0.08,Li156Ba2P23S125Cl21F4,-7.508427252,-1.188042287,-0.32,0.16,0,-1,-6.32,0.68,0.16,0.92,5,2.64,0.08,0,0,0,-18.56307911,-2.546814899,-4.005635262,-6.288835526,-21.9933548,-0.703408086,-5.293634892,-8.89009881,-12.55147362,-9.585937858,-5.590439796,18.56307911,16.09587016,-2.723831978,-1.006213684,-20.23388641,-3.517040429,-13.97519611,-0.711207905,0,0,0
Ba,2,0.09,Li627Ba9P91S500Cl82F18,-7.562535889,-1.18907797,-0.36,0.18,0,-1,-6.36,0.64,0.18,0.91,5,2.72,0.09,0,0,0,-18.66510741,-2.546814899,-4.005635262,-6.288835526,-21.9933548,-0.703408086,-5.293634892,-8.89009881,-12.55147362,-9.585937858,-5.590439796,18.66510741,16.19774276,-2.563606567,-1.131990395,-20.01395287,-3.517040429,-14.3986869,-0.800108893,0,0,0
Ba,2,0.1,Li63BaP9S50Cl8F2,-7.614979747,-1.189840585,-0.4,0.2,0,-1,-6.4,0.6,0.2,0.9,5,2.8,0.1,0,0,0,-18.76880049,-2.546814899,-4.005635262,-6.288835526,-21.9933548,-0.703408086,-5.293634892,-8.89009881,-12.55147362,-9.585937858,-5.590439796,18.76880049,16.29961535,-2.403381157,-1.257767105,-19.79401932,-3.517040429,-14.8221777,-0.889009881,0,0,0
Be,2,0.01,Li603BeP99S500Cl98F2,-7.396908161,-1.226684604,-0.02,0.02,0,-1,-6.03,0.98,0.02,0.99,5,2.06,0,0,0,0.01,-17.55433645,-2.546814899,-4.005635262,-6.288835526,-21.9933548,-0.703408086,-5.293634892,-5.449089289,-10.61675835,-9.603909254,-6.188962936,17.55433645,15.35729384,-3.925522556,-0.125776711,-21.77342125,-3.517040429,-10.90488788,0,0,0,-0.061889629
Be,2,0.02,Li303BeP49S250Cl48F2,-7.435952033,-1.227054791,-0.04,0.04,0,-1,-6.06,0.96,0.04,0.98,5,2.12,0,0,0,0.02,-17.64412631,-2.546814899,-4.005635262,-6.288835526,-21.9933548,-0.703408086,-5.293634892,-5.449089289,-10.61675835,-9.603909254,-6.188962936,17.64412631,15.43369829,-3.845409851,-0.251553421,-21.5534877,-3.517040429,-11.22250597,0,0,0,-0.123779259
Be,2,0.03,Li609Be3P97S500Cl94F6,-7.474642679,-1.22736333,-0.06,0.06,0,-1,-6.09,0.94,0.06,0.97,5,2.18,0,0,0,0.03,-17.7342694,-2.546814899,-4.005635262,-6.288835526,-21.9933548,-0.703408086,-5.293634892,-5.449089289,-10.61675835,-9.603909254,-6.188962936,17.7342694,15.51010274,-3.765297146,-0.377330132,-21.33355415,-3.517040429,-11.54012406,0,0,0,-0.185668888
Be,2,0.04,Li153BeP24S125Cl23F2,-7.512588224,-1.227547095,-0.08,0.08,0,-1,-6.12,0.92,0.08,0.96,5,2.24,0,0,0,0.04,-17.82515759,-2.546814899,-4.005635262,-6.288835526,-21.9933548,-0.703408086,-5.293634892,-5.449089289,-10.61675835,-9.603909254,-6.188962936,17.82515759,15.58650718,-3.685184441,-0.503106842,-21.11362061,-3.517040429,-11.85774216,0,0,0,-0.247558517
Be,2,0.05,Li123BeP19S100Cl18F2,-7.549460624,-1.227554573,-0.1,0.1,0,-1,-6.15,0.9,0.1,0.95,5,2.3,0,0,0,0.05,-17.91711892,-2.546814899,-4.005635262,-6.288835526,-21.9933548,-0.703408086,-5.293634892,-5.449089289,-10.61675835,-9.603909254,-6.188962936,17.91711892,15.66291163,-3.605071735,-0.628883553,-20.89368706,-3.517040429,-12.17536025,0,0,0,-0.309448147
Be,2,0.06,Li309Be3P47S250Cl44F6,-7.585164548,-1.227372904,-0.12,0.12,0,-1,-6.18,0.88,0.12,0.94,5,2.36,0,0,0,0.06,-18.01024873,-2.546814899,-4.005635262,-6.288835526,-21.9933548,-0.703408086,-5.293634892,-5.449089289,-10.61675835,-9.603909254,-6.188962936,18.01024873,15.73931608,-3.52495903,-0.754660263,-20.67375351,-3.517040429,-12.49297834,0,0,0,-0.371337776
Be,2,0.07,Li621Be7P93S500Cl86F14,-7.619808571,-1.227022314,-0.14,0.14,0,-1,-6.21,0.86,0.14,0.93,5,2.42,0,0,0,0.07,-18.10443844,-2.546814899,-4.005635262,-6.288835526,-21.9933548,-0.703408086,-5.293634892,-5.449089289,-10.61675835,-9.603909254,-6.188962936,18.10443844,15.81572052,-3.444846325,-0.880436974,-20.45381996,-3.517040429,-12.81059644,0,0,0,-0.433227406
Be,2,0.08,Li156Be2P23S125Cl21F4,-7.653623841,-1.226542282,-0.16,0.16,0,-1,-6.24,0.84,0.16,0.92,5,2.48,0,0,0,0.08,-18.1994569,-2.546814899,-4.005635262,-6.288835526,-21.9933548,-0.703408086,-5.293634892,-5.449089289,-10.61675835,-9.603909254,-6.188962936,18.1994569,15.89212497,-3.36473362,-1.006213684,-20.23388641,-3.517040429,-13.12821453,0,0,0,-0.495117035
Be,2,0.09,Li627Be9P91S500Cl82F18,-7.686823088,-1.225968595,-0.18,0.18,0,-1,-6.27,0.82,0.18,0.91,5,2.54,0,0,0,0.09,-18.29509139,-2.546814899,-4.005635262,-6.288835526,-21.9933548,-0.703408086,-5.293634892,-5.449089289,-10.61675835,-9.603909254,-6.188962936,18.29509139,15.96852942,-3.284620914,-1.131990395,-20.01395287,-3.517040429,-13.44583262,0,0,0,-0.557006664
Be,2,0.1,Li63BeP9S50Cl8F2,-7.719533802,-1.225322826,-0.2,0.2,0,-1,-6.3,0.8,0.2,0.9,5,2.6,0,0,0,0.1,-18.39121441,-2.546814899,-4.005635262,-6.288835526,-21.9933548,-0.703408086,-5.293634892,-5.449089289,-10.61675835,-9.603909254,-6.188962936,18.39121441,16.04493386,-3.204508209,-1.257767105,-19.79401932,-3.517040429,-13.76345072,0,0,0,-0.618896294
Bh,7,0.01,Li598BhP99S500Cl93F7,-7.559899739,-1.25163903,-0.07,0.07,0.01,-1,-6.04,0.93,0.07,0.99,5,2.01,0,0,0.01,0,-17.35128618,-2.546814899,-4.005635262,-6.288835526,-21.9933548,-0.703408086,-5.293634892,-4.601400852,-16.39454651,-19.78208184,-5.874260902,17.35128618,15.38276199,-3.725240793,-0.440218487,-21.77342125,-3.517040429,-10.64020613,0,0,-0.197820818,0
Bh,7,0.02,Li298BhP49S250Cl43F7,-7.553156571,-1.242295489,-0.14,0.14,0.02,-1,-6.08,0.86,0.14,0.98,5,2.02,0,0,0.02,0,-17.44680439,-2.546814899,-4.005635262,-6.288835526,-21.9933548,-0.703408086,-5.293634892,-4.601400852,-16.39454651,-19.78208184,-5.874260902,17.44680439,15.48463459,-3.444846325,-0.880436974,-21.5534877,-3.517040429,-10.69314248,0,0,-0.395641637,0
Bh,7,0.03,Li594Bh3P97S500Cl79F21,-7.542901914,-1.232500313,-0.21,0.21,0.03,-1,-6.12,0.79,0.21,0.97,5,2.03,0,0,0.03,0,-17.54583409,-2.546814899,-4.005635262,-6.288835526,-21.9933548,-0.703408086,-5.293634892,-4.601400852,-16.39454651,-19.78208184,-5.874260902,17.54583409,15.58650718,-3.164451857,-1.32065546,-21.33355415,-3.517040429,-10.74607883,0,0,-0.593462455,0
Bh,7,0.04,Li148BhP24S125Cl18F7,-7.537410727,-1.223605638,-0.28,0.28,0.04,-1,-6.16,0.72,0.28,0.96,5,2.04,0,0,0.04,0,-17.64010032,-2.546814899,-4.005635262,-6.288835526,-21.9933548,-0.703408086,-5.293634892,-4.601400852,-16.39454651,-19.78208184,-5.874260902,17.64010032,15.68837978,-2.884057388,-1.760873947,-21.11362061,-3.517040429,-10.79901518,0,0,-0.791283274,0
Bh,7,0.05,Li118BhP19S100Cl13F7,-7.54553734,-1.217022152,-0.35,0.35,0.05,-1,-6.2,0.65,0.35,0.95,5,2.05,-6.94E-18,6.94E-18,0.05,0,-17.72074875,-2.546814899,-4.005635262,-6.288835526,-21.9933548,-0.703408086,-5.293634892,-4.601400852,-16.39454651,-19.78208184,-5.874260902,17.72074875,15.79025237,-2.60366292,-2.201092434,-20.89368706,-3.517040429,-10.85195153,3.19E-17,-1.14E-16,-0.989104092,0
Bh,7,0.06,Li294Bh3P47S250Cl29F21,-7.570601146,-1.213237363,-0.42,0.42,0.06,-1,-6.24,0.58,0.42,0.94,5,2.06,0,0,0.06,0,-17.78445998,-2.546814899,-4.005635262,-6.288835526,-21.9933548,-0.703408086,-5.293634892,-4.601400852,-16.39454651,-19.78208184,-5.874260902,17.78445998,15.89212497,-2.323268452,-2.641310921,-20.67375351,-3.517040429,-10.90488788,0,0,-1.186924911,0
Bh,7,0.07,Li586Bh7P93S500Cl51F49,-7.601511508,-1.210431769,-0.49,0.49,0.07,-1,-6.28,0.51,0.49,0.93,5,2.07,-1.39E-17,1.39E-17,0.07,0,-17.84232466,-2.546814899,-4.005635262,-6.288835526,-21.9933548,-0.703408086,-5.293634892,-4.601400852,-16.39454651,-19.78208184,-5.874260902,17.84232466,15.99399757,-2.042873983,-3.081529408,-20.45381996,-3.517040429,-10.95782423,6.39E-17,-2.28E-16,-1.384745729,0
Bh,7,0.08,Li146Bh2P23S125Cl11F14,-7.613516392,-1.204670315,-0.56,0.56,0.08,-1,-6.32,0.44,0.56,0.92,5,2.08,0,0,0.08,0,-17.91909482,-2.546814899,-4.005635262,-6.288835526,-21.9933548,-0.703408086,-5.293634892,-4.601400852,-16.39454651,-19.78208184,-5.874260902,17.91909482,16.09587016,-1.762479515,-3.521747894,-20.23388641,-3.517040429,-11.01076057,0,0,-1.582566547,0
Bh,7,0.09,Li582Bh9P91S500Cl37F63,-7.617956457,-1.197791896,-0.63,0.63,0.09,-1,-6.36,0.37,0.63,0.91,5,2.09,0,0,0.09,0,-18.0034298,-2.546814899,-4.005635262,-6.288835526,-21.9933548,-0.703408086,-5.293634892,-4.601400852,-16.39454651,-19.78208184,-5.874260902,18.0034298,16.19774276,-1.482085047,-3.961966381,-20.01395287,-3.517040429,-11.06369692,0,0,-1.780387366,0
Bh,7,0.1,Li58BhP9S50Cl3F7,-7.647041789,-1.194850279,-0.7,0.7,0.1,-1,-6.4,0.3,0.7,0.9,5,2.1,-1.39E-17,1.39E-17,0.1,0,-18.06311951,-2.546814899,-4.005635262,-6.288835526,-21.9933548,-0.703408086,-5.293634892,-4.601400852,-16.39454651,-19.78208184,-5.874260902,18.06311951,16.29961535,-1.201690578,-4.402184868,-19.79401932,-3.517040429,-11.11663327,6.39E-17,-2.28E-16,-1.978208184,0
Bi,3,0.01,Li602BiP99S500Cl97F3,-6.681969795,-1.10628639,-0.03,0.03,0.01,-1,-6.04,0.97,0.03,0.99,5,2.05,0,0,0.01,0,-18.24707816,-2.546814899,-4.005635262,-6.288835526,-21.9933548,-0.703408086,-5.293634892,-4.192033768,-10.14153576,-9.526547313,-3.994631171,18.24707816,15.38276199,-3.885466204,-0.188665066,-21.77342125,-3.517040429,-10.85195153,0,0,-0.095265473,0
Bi,5,0.01,Li600BiP99S500Cl95F5,-6.674950789,-1.105124303,-0.05,0.05,0.01,-1,-6.04,0.95,0.05,0.99,5,2.03,0,0,0.01,0,-18.24514461,-2.546814899,-4.005635262,-6.288835526,-21.9933548,-0.703408086,-5.293634892,-5.281199455,-10.98955607,-14.65216017,-4.76242125,18.24514461,15.38276199,-3.805353498,-0.314441776,-21.77342125,-3.517040429,-10.74607883,0,0,-0.146521602,0
Bi,3,0.02,Li302BiP49S250Cl47F3,-6.708677842,-1.103400961,-0.06,0.06,0.02,-1,-6.08,0.94,0.06,0.98,5,2.1,0,0,0.02,0,-18.3270072,-2.546814899,-4.005635262,-6.288835526,-21.9933548,-0.703408086,-5.293634892,-4.192033768,-10.14153576,-9.526547313,-3.994631171,18.3270072,15.48463459,-3.765297146,-0.377330132,-21.5534877,-3.517040429,-11.11663327,0,0,-0.190530946,0
Bi,5,0.02,Li300BiP49S250Cl45F5,-6.6885893,-1.100096924,-0.1,0.1,0.02,-1,-6.08,0.9,0.1,0.98,5,2.06,0,0,0.02,0,-18.32919061,-2.546814899,-4.005635262,-6.288835526,-21.9933548,-0.703408086,-5.293634892,-5.281199455,-10.98955607,-14.65216017,-4.76242125,18.32919061,15.48463459,-3.605071735,-0.628883553,-21.5534877,-3.517040429,-10.90488788,0,0,-0.293043203,0
Bi,3,0.03,Li606Bi3P97S500Cl91F9,-6.736483084,-1.10073253,-0.09,0.09,0.03,-1,-6.12,0.91,0.09,0.97,5,2.15,0,0,0.03,0,-18.40583904,-2.546814899,-4.005635262,-6.288835526,-21.9933548,-0.703408086,-5.293634892,-4.192033768,-10.14153576,-9.526547313,-3.994631171,18.40583904,15.58650718,-3.645128088,-0.565995197,-21.33355415,-3.517040429,-11.38131502,0,0,-0.285796419,0
Bi,5,0.03,Li600Bi3P97S500Cl85F15,-6.704096775,-1.09544065,-0.15,0.15,0.03,-1,-6.12,0.85,0.15,0.97,5,2.09,0,0,0.03,0,-18.41136765,-2.546814899,-4.005635262,-6.288835526,-21.9933548,-0.703408086,-5.293634892,-5.281199455,-10.98955607,-14.65216017,-4.76242125,18.41136765,15.58650718,-3.404789972,-0.943325329,-21.33355415,-3.517040429,-11.06369692,0,0,-0.439564805,0
Bi,3,0.04,Li152BiP24S125Cl22F3,-6.767279554,-1.098584343,-0.12,0.12,0.04,-1,-6.16,0.88,0.12,0.96,5,2.2,0,0,0.04,0,-18.48167965,-2.546814899,-4.005635262,-6.288835526,-21.9933548,-0.703408086,-5.293634892,-4.192033768,-10.14153576,-9.526547313,-3.994631171,18.48167965,15.68837978,-3.52495903,-0.754660263,-21.11362061,-3.517040429,-11.64599676,0,0,-0.381061893,0
Bi,5,0.04,Li150BiP24S125Cl20F5,-6.726861592,-1.092022986,-0.2,0.2,0.04,-1,-6.16,0.8,0.2,0.96,5,2.12,0,0,0.04,0,-18.48628736,-2.546814899,-4.005635262,-6.288835526,-21.9933548,-0.703408086,-5.293634892,-5.281199455,-10.98955607,-14.65216017,-4.76242125,18.48628736,15.68837978,-3.204508209,-1.257767105,-21.11362061,-3.517040429,-11.22250597,0,0,-0.586086407,0
Bi,3,0.05,Li122BiP19S100Cl17F3,-6.802448123,-1.097169052,-0.15,0.15,0.05,-1,-6.2,0.85,0.15,0.95,5,2.25,-6.94E-18,6.94E-18,0.05,0,-18.55314816,-2.546814899,-4.005635262,-6.288835526,-21.9933548,-0.703408086,-5.293634892,-4.192033768,-10.14153576,-9.526547313,-3.994631171,18.55314816,15.79025237,-3.404789972,-0.943325329,-20.89368706,-3.517040429,-11.91067851,2.91E-17,-7.04E-17,-0.476327366,0
Bi,5,0.05,Li120BiP19S100Cl15F5,-6.758695375,-1.090112157,-0.25,0.25,0.05,-1,-6.2,0.75,0.25,0.95,5,2.15,0,0,0.05,0,-18.55213809,-2.546814899,-4.005635262,-6.288835526,-21.9933548,-0.703408086,-5.293634892,-5.281199455,-10.98955607,-14.65216017,-4.76242125,18.55213809,15.79025237,-3.004226446,-1.572208881,-20.89368706,-3.517040429,-11.38131502,0,0,-0.732608008,0
Bi,3,0.06,Li306Bi3P47S250Cl41F9,-6.84250215,-1.096554832,-0.18,0.18,0.06,-1,-6.24,0.82,0.18,0.94,5,2.3,0,0,0.06,0,-18.61973122,-2.546814899,-4.005635262,-6.288835526,-21.9933548,-0.703408086,-5.293634892,-4.192033768,-10.14153576,-9.526547313,-3.994631171,18.61973122,15.89212497,-3.284620914,-1.131990395,-20.67375351,-3.517040429,-12.17536025,0,0,-0.571592839,0
Bi,5,0.06,Li300Bi3P47S250Cl35F15,-6.79923239,-1.089620575,-0.3,0.3,0.06,-1,-6.24,0.7,0.3,0.94,5,2.18,0,0,0.06,0,-18.60928559,-2.546814899,-4.005635262,-6.288835526,-21.9933548,-0.703408086,-5.293634892,-5.281199455,-10.98955607,-14.65216017,-4.76242125,18.60928559,15.89212497,-2.803944683,-1.886650658,-20.67375351,-3.517040429,-11.54012406,0,0,-0.87912961,0
Bi,3,0.07,Li614Bi7P93S500Cl79F21,-6.8869508,-1.096648217,-0.21,0.21,0.07,-1,-6.28,0.79,0.21,0.93,5,2.35,-1.39E-17,1.39E-17,0.07,0,-18.68191965,-2.546814899,-4.005635262,-6.288835526,-21.9933548,-0.703408086,-5.293634892,-4.192033768,-10.14153576,-9.526547313,-3.994631171,18.68191965,15.99399757,-3.164451857,-1.32065546,-20.45381996,-3.517040429,-12.440042,5.82E-17,-1.41E-16,-0.666858312,0
Bi,5,0.07,Li600Bi7P93S500Cl65F35,-6.846547883,-1.090214631,-0.35,0.35,0.07,-1,-6.28,0.65,0.35,0.93,5,2.21,-1.39E-17,1.39E-17,0.07,0,-18.65965462,-2.546814899,-4.005635262,-6.288835526,-21.9933548,-0.703408086,-5.293634892,-5.281199455,-10.98955607,-14.65216017,-4.76242125,18.65965462,15.99399757,-2.60366292,-2.201092434,-20.45381996,-3.517040429,-11.69893311,7.33E-17,-1.53E-16,-1.025651212,0
Bi,3,0.08,Li154Bi2P23S125Cl19F6,-6.934427857,-1.097219598,-0.24,0.24,0.08,-1,-6.32,0.76,0.24,0.92,5,2.4,0,0,0.08,0,-18.74107967,-2.546814899,-4.005635262,-6.288835526,-21.9933548,-0.703408086,-5.293634892,-4.192033768,-10.14153576,-9.526547313,-3.994631171,18.74107967,16.09587016,-3.044282799,-1.509320526,-20.23388641,-3.517040429,-12.70472374,0,0,-0.762123785,0
Bi,5,0.08,Li150Bi2P23S125Cl15F10,-6.901647624,-1.092032852,-0.4,0.4,0.08,-1,-6.32,0.6,0.4,0.92,5,2.24,0,0,0.08,0,-18.70223939,-2.546814899,-4.005635262,-6.288835526,-21.9933548,-0.703408086,-5.293634892,-5.281199455,-10.98955607,-14.65216017,-4.76242125,18.70223939,16.09587016,-2.403381157,-2.51553421,-20.23388641,-3.517040429,-11.85774216,0,0,-1.172172813,0
Bi,3,0.09,Li618Bi9P91S500Cl73F27,-6.983607381,-1.098051475,-0.27,0.27,0.09,-1,-6.36,0.73,0.27,0.91,5,2.45,1.39E-17,-1.39E-17,0.09,0,-18.79853723,-2.546814899,-4.005635262,-6.288835526,-21.9933548,-0.703408086,-5.293634892,-4.192033768,-10.14153576,-9.526547313,-3.994631171,18.79853723,16.19774276,-2.924113741,-1.697985592,-20.01395287,-3.517040429,-12.96940548,-5.82E-17,1.41E-16,-0.857389258,0
Bi,5,0.09,Li600Bi9P91S500Cl55F45,-6.965762091,-1.095245612,-0.45,0.45,0.09,-1,-6.36,0.55,0.45,0.91,5,2.27,0,0,0.09,0,-18.73580945,-2.546814899,-4.005635262,-6.288835526,-21.9933548,-0.703408086,-5.293634892,-5.281199455,-10.98955607,-14.65216017,-4.76242125,18.73580945,16.19774276,-2.203099394,-2.829975986,-20.01395287,-3.517040429,-12.0165512,0,0,-1.318694415,0
Bi,3,0.1,Li62BiP9S50Cl7F3,-7.033960965,-1.099056401,-0.3,0.3,0.1,-1,-6.4,0.7,0.3,0.9,5,2.5,-1.39E-17,1.39E-17,0.1,0,-18.85482073,-2.546814899,-4.005635262,-6.288835526,-21.9933548,-0.703408086,-5.293634892,-4.192033768,-10.14153576,-9.526547313,-3.994631171,18.85482073,16.29961535,-2.803944683,-1.886650658,-19.79401932,-3.517040429,-13.23408723,5.82E-17,-1.41E-16,-0.952654731,0
Bi,5,0.1,Li60BiP9S50Cl5F5,-7.032069412,-1.098760846,-0.5,0.5,0.1,-1,-6.4,0.5,0.5,0.9,5,2.3,0,0,0.1,0,-18.76718664,-2.546814899,-4.005635262,-6.288835526,-21.9933548,-0.703408086,-5.293634892,-5.281199455,-10.98955607,-14.65216017,-4.76242125,18.76718664,16.29961535,-2.002817631,-3.144417763,-19.79401932,-3.517040429,-12.17536025,0,0,-1.465216017,0
Bk,3,0.01,Li602BkP99S500Cl97F3,-7.542479835,-1.24875494,-0.03,0.03,0.01,-1,-6.04,0.97,0.03,0.99,5,2.05,0,0,0.01,0,-17.38245016,-2.546814899,-4.005635262,-6.288835526,-21.9933548,-0.703408086,-5.293634892,-2.971790314,-7.363987923,-9.114751339,-3.157308698,17.38245016,15.38276199,-3.885466204,-0.188665066,-21.77342125,-3.517040429,-10.85195153,0,0,-0.091147513,0
Bk,4,0.01,Li601BkP99S500Cl96F4,-7.535292874,-1.247565045,-0.04,0.04,0.01,-1,-6.04,0.96,0.04,0.99,5,2.04,0,0,0.01,0,-17.3822839,-2.546814899,-4.005635262,-6.288835526,-21.9933548,-0.703408086,-5.293634892,-2.557867765,-8.747356534,-11.38986325,-3.664668202,17.3822839,15.38276199,-3.845409851,-0.251553421,-21.77342125,-3.517040429,-10.79901518,0,0,-0.113898633,0
Bk,3,0.02,Li302BkP49S250Cl47F3,-7.560761499,-1.243546299,-0.06,0.06,0.02,-1,-6.08,0.94,0.06,0.98,5,2.1,0,0,0.02,0,-17.46668762,-2.546814899,-4.005635262,-6.288835526,-21.9933548,-0.703408086,-5.293634892,-2.971790314,-7.363987923,-9.114751339,-3.157308698,17.46668762,15.48463459,-3.765297146,-0.377330132,-21.5534877,-3.517040429,-11.11663327,0,0,-0.182295027,0
Bk,4,0.02,Li301BkP49S250Cl46F4,-7.543577952,-1.240720058,-0.08,0.08,0.02,-1,-6.08,0.92,0.08,0.98,5,2.08,0,0,0.02,0,-17.46916471,-2.546814899,-4.005635262,-6.288835526,-21.9933548,-0.703408086,-5.293634892,-2.557867765,-8.747356534,-11.38986325,-3.664668202,17.46916471,15.48463459,-3.685184441,-0.503106842,-21.5534877,-3.517040429,-11.01076057,0,0,-0.227797265,0
Bk,3,0.03,Li606Bk3P97S500Cl91F9,-7.576710401,-1.238024575,-0.09,0.09,0.03,-1,-6.12,0.91,0.09,0.97,5,2.15,0,0,0.03,0,-17.55325784,-2.546814899,-4.005635262,-6.288835526,-21.9933548,-0.703408086,-5.293634892,-2.971790314,-7.363987923,-9.114751339,-3.157308698,17.55325784,15.58650718,-3.645128088,-0.565995197,-21.33355415,-3.517040429,-11.38131502,0,0,-0.27344254,0
Bk,4,0.03,Li603Bk3P97S500Cl88F12,-7.547655604,-1.233277059,-0.12,0.12,0.03,-1,-6.12,0.88,0.12,0.97,5,2.12,0,0,0.03,0,-17.56025296,-2.546814899,-4.005635262,-6.288835526,-21.9933548,-0.703408086,-5.293634892,-2.557867765,-8.747356534,-11.38986325,-3.664668202,17.56025296,15.58650718,-3.52495903,-0.754660263,-21.33355415,-3.517040429,-11.22250597,0,0,-0.341695898,0
Bk,3,0.04,Li152BkP24S125Cl22F3,-7.590539609,-1.232230456,-0.12,0.12,0.04,-1,-6.16,0.88,0.12,0.96,5,2.2,0,0,0.04,0,-17.64194776,-2.546814899,-4.005635262,-6.288835526,-21.9933548,-0.703408086,-5.293634892,-2.971790314,-7.363987923,-9.114751339,-3.157308698,17.64194776,15.68837978,-3.52495903,-0.754660263,-21.11362061,-3.517040429,-11.64599676,0,0,-0.364590054,0
Bk,4,0.04,Li151BkP24S125Cl21F4,-7.548520604,-1.225409189,-0.16,0.16,0.04,-1,-6.16,0.84,0.16,0.96,5,2.16,0,0,0.04,0,-17.65455385,-2.546814899,-4.005635262,-6.288835526,-21.9933548,-0.703408086,-5.293634892,-2.557867765,-8.747356534,-11.38986325,-3.664668202,17.65455385,15.68837978,-3.36473362,-1.006213684,-21.11362061,-3.517040429,-11.43425137,0,0,-0.45559453,0
Bk,3,0.05,Li122BkP19S100Cl17F3,-7.60214498,-1.226152416,-0.15,0.15,0.05,-1,-6.2,0.85,0.15,0.95,5,2.25,-6.94E-18,6.94E-18,0.05,0,-17.73286151,-2.546814899,-4.005635262,-6.288835526,-21.9933548,-0.703408086,-5.293634892,-2.971790314,-7.363987923,-9.114751339,-3.157308698,17.73286151,15.79025237,-3.404789972,-0.943325329,-20.89368706,-3.517040429,-11.91067851,2.06E-17,-5.11E-17,-0.455737567,0
Bk,4,0.05,Li121BkP19S100Cl16F4,-7.547197252,-1.217289879,-0.2,0.2,0.05,-1,-6.2,0.8,0.2,0.95,5,2.2,0,0,0.05,0,-17.7510431,-2.546814899,-4.005635262,-6.288835526,-21.9933548,-0.703408086,-5.293634892,-2.557867765,-8.747356534,-11.38986325,-3.664668202,17.7510431,15.79025237,-3.204508209,-1.257767105,-20.89368706,-3.517040429,-11.64599676,0,0,-0.569493163,0
Bk,3,0.06,Li306Bk3P47S250Cl41F9,-7.611634495,-1.21981322,-0.18,0.18,0.06,-1,-6.24,0.82,0.18,0.94,5,2.3,0,0,0.06,0,-17.82589111,-2.546814899,-4.005635262,-6.288835526,-21.9933548,-0.703408086,-5.293634892,-2.971790314,-7.363987923,-9.114751339,-3.157308698,17.82589111,15.89212497,-3.284620914,-1.131990395,-20.67375351,-3.517040429,-12.17536025,0,0,-0.54688508,0
Bk,4,0.06,Li303Bk3P47S250Cl38F12,-7.545212765,-1.209168712,-0.24,0.24,0.06,-1,-6.24,0.76,0.24,0.94,5,2.24,0,0,0.06,0,-17.84819348,-2.546814899,-4.005635262,-6.288835526,-21.9933548,-0.703408086,-5.293634892,-2.557867765,-8.747356534,-11.38986325,-3.664668202,17.84819348,15.89212497,-3.044282799,-1.509320526,-20.67375351,-3.517040429,-11.85774216,0,0,-0.683391795,0
Bk,3,0.07,Li614Bk7P93S500Cl79F21,-7.619489659,-1.213294532,-0.21,0.21,0.07,-1,-6.28,0.79,0.21,0.93,5,2.35,-1.39E-17,1.39E-17,0.07,0,-17.92055507,-2.546814899,-4.005635262,-6.288835526,-21.9933548,-0.703408086,-5.293634892,-2.971790314,-7.363987923,-9.114751339,-3.157308698,17.92055507,15.99399757,-3.164451857,-1.32065546,-20.45381996,-3.517040429,-12.440042,4.12E-17,-1.02E-16,-0.638032594,0
Bk,4,0.07,Li607Bk7P93S500Cl72F28,-7.544304717,-1.201322407,-0.28,0.28,0.07,-1,-6.28,0.72,0.28,0.93,5,2.28,0,0,0.07,0,-17.94426742,-2.546814899,-4.005635262,-6.288835526,-21.9933548,-0.703408086,-5.293634892,-2.557867765,-8.747356534,-11.38986325,-3.664668202,17.94426742,15.99399757,-2.884057388,-1.760873947,-20.45381996,-3.517040429,-12.06948755,0,0,-0.797290428,0
Bk,3,0.08,Li154Bk2P23S125Cl19F6,-7.626408314,-1.206710176,-0.24,0.24,0.08,-1,-6.32,0.76,0.24,0.92,5,2.4,0,0,0.08,0,-18.01615554,-2.546814899,-4.005635262,-6.288835526,-21.9933548,-0.703408086,-5.293634892,-2.971790314,-7.363987923,-9.114751339,-3.157308698,18.01615554,16.09587016,-3.044282799,-1.509320526,-20.23388641,-3.517040429,-12.70472374,0,0,-0.729180107,0
Bk,4,0.08,Li152Bk2P23S125Cl17F8,-7.545294484,-1.19387571,-0.32,0.32,0.08,-1,-6.32,0.68,0.32,0.92,5,2.32,0,0,0.08,0,-18.03844355,-2.546814899,-4.005635262,-6.288835526,-21.9933548,-0.703408086,-5.293634892,-2.557867765,-8.747356534,-11.38986325,-3.664668202,18.03844355,16.09587016,-2.723831978,-2.012427368,-20.23388641,-3.517040429,-12.28123295,0,0,-0.91118906,0
Bk,3,0.09,Li618Bk9P91S500Cl73F27,-7.632911901,-1.200143381,-0.27,0.27,0.09,-1,-6.36,0.73,0.27,0.91,5,2.45,1.39E-17,-1.39E-17,0.09,0,-18.11217107,-2.546814899,-4.005635262,-6.288835526,-21.9933548,-0.703408086,-5.293634892,-2.971790314,-7.363987923,-9.114751339,-3.157308698,18.11217107,16.19774276,-2.924113741,-1.697985592,-20.01395287,-3.517040429,-12.96940548,-4.12E-17,1.02E-16,-0.820327621,0
Bk,4,0.09,Li609Bk9P91S500Cl64F36,-7.547384636,-1.186695698,-0.36,0.36,0.09,-1,-6.36,0.64,0.36,0.91,5,2.36,0,0,0.09,0,-18.13151929,-2.546814899,-4.005635262,-6.288835526,-21.9933548,-0.703408086,-5.293634892,-2.557867765,-8.747356534,-11.38986325,-3.664668202,18.13151929,16.19774276,-2.563606567,-2.263980789,-20.01395287,-3.517040429,-12.49297834,0,0,-1.025087693,0
Bk,3,0.1,Li62BkP9S50Cl7F3,-7.639078155,-1.193605962,-0.3,0.3,0.1,-1,-6.4,0.7,0.3,0.9,5,2.5,-1.39E-17,1.39E-17,0.1,0,-18.20852394,-2.546814899,-4.005635262,-6.288835526,-21.9933548,-0.703408086,-5.293634892,-2.971790314,-7.363987923,-9.114751339,-3.157308698,18.20852394,16.29961535,-2.803944683,-1.886650658,-19.79401932,-3.517040429,-13.23408723,4.12E-17,-1.02E-16,-0.911475134,0
Bk,4,0.1,Li61BkP9S50Cl6F4,-7.549645677,-1.179632137,-0.4,0.4,0.1,-1,-6.4,0.6,0.4,0.9,5,2.4,0,0,0.1,0,-18.22442415,-2.546814899,-4.005635262,-6.288835526,-21.9933548,-0.703408086,-5.293634892,-2.557867765,-8.747356534,-11.38986325,-3.664668202,18.22442415,16.29961535,-2.403381157,-2.51553421,-19.79401932,-3.517040429,-12.70472374,0,0,-1.138986325,0
Ca,2,0.01,Li603CaP99S500Cl98F2,-7.253238198,-1.200867251,-0.02,0,0,-1,-6.04,0.98,0,0.99,5,2.08,0,0.01,0,0,-17.71856344,-2.546814899,-4.005635262,-6.288835526,-21.9933548,-0.703408086,-5.293634892,-7.902034521,-12.78188181,-10.29491782,-6.594923019,17.71856344,15.38276199,-3.925522556,0,-21.77342125,-3.517040429,-11.01076057,0,-0.127818818,0,0
Ca,2,0.02,Li303CaP49S250Cl48F2,-7.294778017,-1.199799016,-0.04,0,0,-1,-6.08,0.96,0,0.98,5,2.16,0,0.02,0,0,-17.82641438,-2.546814899,-4.005635262,-6.288835526,-21.9933548,-0.703408086,-5.293634892,-7.902034521,-12.78188181,-10.29491782,-6.594923019,17.82641438,15.48463459,-3.845409851,0,-21.5534877,-3.517040429,-11.43425137,0,-0.255637636,0,0
Ca,2,0.03,Li609Ca3P97S500Cl94F6,-7.334859717,-1.19850649,-0.06,0,0,-1,-6.12,0.94,0,0.97,5,2.24,0,0.03,0,0,-17.93572344,-2.546814899,-4.005635262,-6.288835526,-21.9933548,-0.703408086,-5.293634892,-7.902034521,-12.78188181,-10.29491782,-6.594923019,17.93572344,15.58650718,-3.765297146,0,-21.33355415,-3.517040429,-11.85774216,0,-0.383456454,0,0
Ca,2,0.04,Li153CaP24S125Cl23F2,-7.373509799,-1.196998344,-0.08,0,0,-1,-6.16,0.92,0,0.96,5,2.32,0,0.04,0,0,-18.04646412,-2.546814899,-4.005635262,-6.288835526,-21.9933548,-0.703408086,-5.293634892,-7.902034521,-12.78188181,-10.29491782,-6.594923019,18.04646412,15.68837978,-3.685184441,0,-21.11362061,-3.517040429,-12.28123295,0,-0.511275272,0,0
Ca,2,0.05,Li123CaP19S100Cl18F2,-7.410548156,-1.195249703,-0.1,0,0,-1,-6.2,0.9,0,0.95,5,2.4,0,0.05,0,0,-18.15881652,-2.546814899,-4.005635262,-6.288835526,-21.9933548,-0.703408086,-5.293634892,-7.902034521,-12.78188181,-10.29491782,-6.594923019,18.15881652,15.79025237,-3.605071735,0,-20.89368706,-3.517040429,-12.70472374,0,-0.63909409,0,0
Ca,2,0.06,Li309Ca3P47S250Cl44F6,-7.445796249,-1.193236578,-0.12,0,0,-1,-6.24,0.88,0,0.94,5,2.48,0,0.06,0,0,-18.27295919,-2.546814899,-4.005635262,-6.288835526,-21.9933548,-0.703408086,-5.293634892,-7.902034521,-12.78188181,-10.29491782,-6.594923019,18.27295919,15.89212497,-3.52495903,0,-20.67375351,-3.517040429,-13.12821453,0,-0.766912909,0,0
Ca,2,0.07,Li621Ca7P93S500Cl86F14,-7.479176354,-1.190951649,-0.14,0,0,-1,-6.28,0.86,0,0.93,5,2.56,0,0.07,0,0,-18.38896984,-2.546814899,-4.005635262,-6.288835526,-21.9933548,-0.703408086,-5.293634892,-7.902034521,-12.78188181,-10.29491782,-6.594923019,18.38896984,15.99399757,-3.444846325,0,-20.45381996,-3.517040429,-13.55170532,0,-0.894731727,0,0
Ca,2,0.08,Li156Ca2P23S125Cl21F4,-7.510747446,-1.188409406,-0.16,0,0,-1,-6.32,0.84,0,0.92,5,2.64,0,0.08,0,0,-18.50678951,-2.546814899,-4.005635262,-6.288835526,-21.9933548,-0.703408086,-5.293634892,-7.902034521,-12.78188181,-10.29491782,-6.594923019,18.50678951,16.09587016,-3.36473362,0,-20.23388641,-3.517040429,-13.97519611,0,-1.022550545,0,0
Ca,2,0.09,Li627Ca9P91S500Cl82F18,-7.54066879,-1.185639747,-0.18,0,0,-1,-6.36,0.82,0,0.91,5,2.72,0,0.09,0,0,-18.62625893,-2.546814899,-4.005635262,-6.288835526,-21.9933548,-0.703408086,-5.293634892,-7.902034521,-12.78188181,-10.29491782,-6.594923019,18.62625893,16.19774276,-3.284620914,0,-20.01395287,-3.517040429,-14.3986869,0,-1.150369363,0,0
Ca,2,0.1,Li63CaP9S50Cl8F2,-7.569186798,-1.182685437,-0.2,0,0,-1,-6.4,0.8,0,0.9,5,2.8,0,0.1,0,0,-18.74713168,-2.546814899,-4.005635262,-6.288835526,-21.9933548,-0.703408086,-5.293634892,-7.902034521,-12.78188181,-10.29491782,-6.594923019,18.74713168,16.29961535,-3.204508209,0,-19.79401932,-3.517040429,-14.8221777,0,-1.278188181,0,0
Cd,2,0.01,Li603CdP99S500Cl98F2,-7.585812066,-1.25592915,-0.02,0.02,0.01,-1,-6.04,0.98,0.02,0.99,5,2.06,0,0,0.01,0,-17.34378082,-2.546814899,-4.005635262,-6.288835526,-21.9933548,-0.703408086,-5.293634892,-3.584264517,-7.274977684,-6.570605636,-2.533599377,17.34378082,15.38276199,-3.925522556,-0.125776711,-21.77342125,-3.517040429,-10.90488788,0,0,-0.065706056,0
Cd,2,0.02,Li303CdP49S250Cl48F2,-7.618982162,-1.253122066,-0.04,0.04,0.02,-1,-6.08,0.96,0.04,0.98,5,2.12,0,0,0.02,0,-17.41779274,-2.546814899,-4.005635262,-6.288835526,-21.9933548,-0.703408086,-5.293634892,-3.584264517,-7.274977684,-6.570605636,-2.533599377,17.41779274,15.48463459,-3.845409851,-0.251553421,-21.5534877,-3.517040429,-11.22250597,0,0,-0.131412113,0
Cd,2,0.03,Li609Cd3P97S500Cl94F6,-7.651399596,-1.250228692,-0.06,0.06,0.03,-1,-6.12,0.94,0.06,0.97,5,2.18,0,0,0.03,0,-17.49255731,-2.546814899,-4.005635262,-6.288835526,-21.9933548,-0.703408086,-5.293634892,-3.584264517,-7.274977684,-6.570605636,-2.533599377,17.49255731,15.58650718,-3.765297146,-0.377330132,-21.33355415,-3.517040429,-11.54012406,0,0,-0.197118169,0
Cd,2,0.04,Li153CdP24S125Cl23F2,-7.682602011,-1.247175651,-0.08,0.08,0.04,-1,-6.16,0.92,0.08,0.96,5,2.24,0,0,0.04,0,-17.56853691,-2.546814899,-4.005635262,-6.288835526,-21.9933548,-0.703408086,-5.293634892,-3.584264517,-7.274977684,-6.570605636,-2.533599377,17.56853691,15.68837978,-3.685184441,-0.503106842,-21.11362061,-3.517040429,-11.85774216,0,0,-0.262824225,0
Cd,2,0.05,Li123CdP19S100Cl18F2,-7.712099343,-1.243886991,-0.1,0.1,0.05,-1,-6.2,0.9,0.1,0.95,5,2.3,0,0,0.05,0,-17.64622159,-2.546814899,-4.005635262,-6.288835526,-21.9933548,-0.703408086,-5.293634892,-3.584264517,-7.274977684,-6.570605636,-2.533599377,17.64622159,15.79025237,-3.605071735,-0.628883553,-20.89368706,-3.517040429,-12.17536025,0,0,-0.328530282,0
Cd,2,0.06,Li309Cd3P47S250Cl44F6,-7.739577808,-1.240316956,-0.12,0.12,0.06,-1,-6.24,0.88,0.12,0.94,5,2.36,0,0,0.06,0,-17.72592514,-2.546814899,-4.005635262,-6.288835526,-21.9933548,-0.703408086,-5.293634892,-3.584264517,-7.274977684,-6.570605636,-2.533599377,17.72592514,15.89212497,-3.52495903,-0.754660263,-20.67375351,-3.517040429,-12.49297834,0,0,-0.394236338,0
Cd,2,0.07,Li621Cd7P93S500Cl86F14,-7.765042113,-1.236471674,-0.14,0.14,0.07,-1,-6.28,0.86,0.14,0.93,5,2.42,0,0,0.07,0,-17.80764284,-2.546814899,-4.005635262,-6.288835526,-21.9933548,-0.703408086,-5.293634892,-3.584264517,-7.274977684,-6.570605636,-2.533599377,17.80764284,15.99399757,-3.444846325,-0.880436974,-20.45381996,-3.517040429,-12.81059644,0,0,-0.459942394,0
Cd,2,0.08,Li156Cd2P23S125Cl21F4,-7.788883809,-1.232418324,-0.16,0.16,0.08,-1,-6.32,0.84,0.16,0.92,5,2.48,0,0,0.08,0,-17.89098316,-2.546814899,-4.005635262,-6.288835526,-21.9933548,-0.703408086,-5.293634892,-3.584264517,-7.274977684,-6.570605636,-2.533599377,17.89098316,16.09587016,-3.36473362,-1.006213684,-20.23388641,-3.517040429,-13.12821453,0,0,-0.525648451,0
Cd,2,0.09,Li627Cd9P91S500Cl82F18,-7.811814495,-1.228272719,-0.18,0.18,0.09,-1,-6.36,0.82,0.18,0.91,5,2.54,0,0,0.09,0,-17.97523448,-2.546814899,-4.005635262,-6.288835526,-21.9933548,-0.703408086,-5.293634892,-3.584264517,-7.274977684,-6.570605636,-2.533599377,17.97523448,16.19774276,-3.284620914,-1.131990395,-20.01395287,-3.517040429,-13.44583262,0,0,-0.591354507,0
Cd,2,0.1,Li63CdP9S50Cl8F2,-7.834702912,-1.22417233,-0.2,0.2,0.1,-1,-6.4,0.8,0.2,0.9,5,2.6,0,0,0.1,0,-18.05952808,-2.546814899,-4.005635262,-6.288835526,-21.9933548,-0.703408086,-5.293634892,-3.584264517,-7.274977684,-6.570605636,-2.533599377,18.05952808,16.29961535,-3.204508209,-1.257767105,-19.79401932,-3.517040429,-13.76345072,0,0,-0.657060564,0
Ce,3,0.01,Li602CeP99S500Cl97F3,-6.952098846,-1.153875327,-0.03,0.03,0,-1,-6.025,0.97,0.03,0.99,5,2.05,0,0,0,0.01,-18.01352517,-2.546814899,-4.005635262,-6.288835526,-21.9933548,-0.703408086,-5.293634892,-9.818534851,-17.4780674,-14.48929024,-9.363930821,18.01352517,15.34455977,-3.885466204,-0.188665066,-21.77342125,-3.517040429,-10.85195153,0,0,0,-0.093639308
Ce,4,0.01,Li601CeP99S500Cl96F4,-6.958314374,-1.155866175,-0.04,0.04,0,-1,-6.02,0.96,0.04,0.99,5,2.04,0,0,0,0.01,-18.01401723,-2.546814899,-4.005635262,-6.288835526,-21.9933548,-0.703408086,-5.293634892,-11.79125071,-21.19218826,-17.9971987,-11.77171683,18.01401723,15.33182569,-3.845409851,-0.251553421,-21.77342125,-3.517040429,-10.79901518,0,0,0,-0.117717168
Ce,3,0.02,Li302CeP49S250Cl47F3,-6.996299716,-1.156413176,-0.06,0.06,0,-1,-6.05,0.94,0.06,0.98,5,2.1,0,0,0,0.02,-18.11253744,-2.546814899,-4.005635262,-6.288835526,-21.9933548,-0.703408086,-5.293634892,-9.818534851,-17.4780674,-14.48929024,-9.363930821,18.11253744,15.40823014,-3.765297146,-0.377330132,-21.5534877,-3.517040429,-11.11663327,0,0,0,-0.187278616
Ce,4,0.02,Li301CeP49S250Cl46F4,-7.005284024,-1.159815236,-0.08,0.08,0,-1,-6.04,0.92,0.08,0.98,5,2.08,0,0,0,0.02,-18.11696831,-2.546814899,-4.005635262,-6.288835526,-21.9933548,-0.703408086,-5.293634892,-11.79125071,-21.19218826,-17.9971987,-11.77171683,18.11696831,15.38276199,-3.685184441,-0.503106842,-21.5534877,-3.517040429,-11.01076057,0,0,0,-0.235434337
Ce,3,0.03,Li606Ce3P97S500Cl91F9,-7.037750271,-1.158477411,-0.09,0.09,0,-1,-6.075,0.91,0.09,0.97,5,2.15,0,0,0,0.03,-18.21430003,-2.546814899,-4.005635262,-6.288835526,-21.9933548,-0.703408086,-5.293634892,-9.818534851,-17.4780674,-14.48929024,-9.363930821,18.21430003,15.47190051,-3.645128088,-0.565995197,-21.33355415,-3.517040429,-11.38131502,0,0,0,-0.280917925
Ce,4,0.03,Li603Ce3P97S500Cl88F12,-7.047531468,-1.162958988,-0.12,0.12,0,-1,-6.06,0.88,0.12,0.97,5,2.12,0,0,0,0.03,-18.22464159,-2.546814899,-4.005635262,-6.288835526,-21.9933548,-0.703408086,-5.293634892,-11.79125071,-21.19218826,-17.9971987,-11.77171683,18.22464159,15.43369829,-3.52495903,-0.754660263,-21.33355415,-3.517040429,-11.22250597,0,0,0,-0.353151505
Ce,3,0.04,Li152CeP24S125Cl22F3,-7.076622872,-1.16010211,-0.12,0.12,0,-1,-6.1,0.88,0.12,0.96,5,2.2,0,0,0,0.04,-18.31864057,-2.546814899,-4.005635262,-6.288835526,-21.9933548,-0.703408086,-5.293634892,-9.818534851,-17.4780674,-14.48929024,-9.363930821,18.31864057,15.53557088,-3.52495903,-0.754660263,-21.11362061,-3.517040429,-11.64599676,0,0,0,-0.374557233
Ce,4,0.04,Li151CeP24S125Cl21F4,-7.085742559,-1.165418184,-0.16,0.16,0,-1,-6.08,0.84,0.16,0.96,5,2.16,0,0,0,0.04,-18.33635123,-2.546814899,-4.005635262,-6.288835526,-21.9933548,-0.703408086,-5.293634892,-11.79125071,-21.19218826,-17.9971987,-11.77171683,18.33635123,15.48463459,-3.36473362,-1.006213684,-21.11362061,-3.517040429,-11.43425137,0,0,0,-0.470868673
Ce,3,0.05,Li122CeP19S100Cl17F3,-7.11252257,-1.161228175,-0.15,0.15,0,-1,-6.125,0.85,0.15,0.95,5,2.25,-6.94E-18,6.94E-18,0,0.05,-18.42595401,-2.546814899,-4.005635262,-6.288835526,-21.9933548,-0.703408086,-5.293634892,-9.818534851,-17.4780674,-14.48929024,-9.363930821,18.42595401,15.59924126,-3.404789972,-0.943325329,-20.89368706,-3.517040429,-11.91067851,6.81E-17,-1.21E-16,0,-0.468196541
Ce,4,0.05,Li121CeP19S100Cl16F4,-7.119637653,-1.167153714,-0.2,0.2,0,-1,-6.1,0.8,0.2,0.95,5,2.2,0,0,0,0.05,-18.45237687,-2.546814899,-4.005635262,-6.288835526,-21.9933548,-0.703408086,-5.293634892,-11.79125071,-21.19218826,-17.9971987,-11.77171683,18.45237687,15.53557088,-3.204508209,-1.257767105,-20.89368706,-3.517040429,-11.64599676,0,0,0,-0.588585842
Ce,3,0.06,Li306Ce3P47S250Cl41F9,-7.144983252,-1.161785895,-0.18,0.18,0,-1,-6.15,0.82,0.18,0.94,5,2.3,0,0,0,0.06,-18.53670647,-2.546814899,-4.005635262,-6.288835526,-21.9933548,-0.703408086,-5.293634892,-9.818534851,-17.4780674,-14.48929024,-9.363930821,18.53670647,15.66291163,-3.284620914,-1.131990395,-20.67375351,-3.517040429,-12.17536025,0,0,0,-0.561835849
Ce,4,0.06,Li303Ce3P47S250Cl38F12,-7.149009452,-1.168138799,-0.24,0.24,0,-1,-6.12,0.76,0.24,0.94,5,2.24,0,0,0,0.06,-18.5729258,-2.546814899,-4.005635262,-6.288835526,-21.9933548,-0.703408086,-5.293634892,-11.79125071,-21.19218826,-17.9971987,-11.77171683,18.5729258,15.58650718,-3.044282799,-1.509320526,-20.67375351,-3.517040429,-11.85774216,0,0,0,-0.70630301
Ce,3,0.07,Li614Ce7P93S500Cl79F21,-7.173789797,-1.161747335,-0.21,0.21,0,-1,-6.175,0.79,0.21,0.93,5,2.35,-1.39E-17,1.39E-17,0,0.07,-18.65111306,-2.546814899,-4.005635262,-6.288835526,-21.9933548,-0.703408086,-5.293634892,-9.818534851,-17.4780674,-14.48929024,-9.363930821,18.65111306,15.726582,-3.164451857,-1.32065546,-20.45381996,-3.517040429,-12.440042,1.36E-16,-2.43E-16,0,-0.655475157
Ce,4,0.07,Li607Ce7P93S500Cl72F28,-7.173865061,-1.168381932,-0.28,0.28,0,-1,-6.14,0.72,0.28,0.93,5,2.28,0,0,0,0.07,-18.69799092,-2.546814899,-4.005635262,-6.288835526,-21.9933548,-0.703408086,-5.293634892,-11.79125071,-21.19218826,-17.9971987,-11.77171683,18.69799092,15.63744348,-2.884057388,-1.760873947,-20.45381996,-3.517040429,-12.06948755,0,0,0,-0.824020178
Ce,3,0.08,Li154Ce2P23S125Cl19F6,-7.198852936,-1.161105312,-0.24,0.24,0,-1,-6.2,0.76,0.24,0.92,5,2.4,0,0,0,0.08,-18.76926306,-2.546814899,-4.005635262,-6.288835526,-21.9933548,-0.703408086,-5.293634892,-9.818534851,-17.4780674,-14.48929024,-9.363930821,18.76926306,15.79025237,-3.044282799,-1.509320526,-20.23388641,-3.517040429,-12.70472374,0,0,0,-0.749114466
Ce,4,0.08,Li152Ce2P23S125Cl17F8,-7.194997507,-1.168019076,-0.32,0.32,0,-1,-6.16,0.68,0.32,0.92,5,2.32,0,0,0,0.08,-18.8267792,-2.546814899,-4.005635262,-6.288835526,-21.9933548,-0.703408086,-5.293634892,-11.79125071,-21.19218826,-17.9971987,-11.77171683,18.8267792,15.68837978,-2.723831978,-2.012427368,-20.23388641,-3.517040429,-12.28123295,0,0,0,-0.941737347
Ce,3,0.09,Li618Ce9P91S500Cl73F27,-7.219991825,-1.159838044,-0.27,0.27,0,-1,-6.225,0.73,0.27,0.91,5,2.45,1.39E-17,-1.39E-17,0,0.09,-18.89133731,-2.546814899,-4.005635262,-6.288835526,-21.9933548,-0.703408086,-5.293634892,-9.818534851,-17.4780674,-14.48929024,-9.363930821,18.89133731,15.85392275,-2.924113741,-1.697985592,-20.01395287,-3.517040429,-12.96940548,-1.36E-16,2.43E-16,0,-0.842753774
Ce,4,0.09,Li609Ce9P91S500Cl64F36,-7.214725269,-1.167431273,-0.36,0.36,0,-1,-6.18,0.64,0.36,0.91,5,2.36,0,0,0,0.09,-18.95697217,-2.546814899,-4.005635262,-6.288835526,-21.9933548,-0.703408086,-5.293634892,-11.79125071,-21.19218826,-17.9971987,-11.77171683,18.95697217,15.73931608,-2.563606567,-2.263980789,-20.01395287,-3.517040429,-12.49297834,0,0,0,-1.059454515
Ce,3,0.1,Li62CeP9S50Cl7F3,-7.237200856,-1.157952137,-0.3,0.3,0,-1,-6.25,0.7,0.3,0.9,5,2.5,-1.39E-17,1.39E-17,0,0.1,-19.01734142,-2.546814899,-4.005635262,-6.288835526,-21.9933548,-0.703408086,-5.293634892,-9.818534851,-17.4780674,-14.48929024,-9.363930821,19.01734142,15.91759312,-2.803944683,-1.886650658,-19.79401932,-3.517040429,-13.23408723,1.36E-16,-2.43E-16,0,-0.936393082
Ce,4,0.1,Li61CeP9S50Cl6F4,-7.236748182,-1.167217449,-0.4,0.4,0,-1,-6.2,0.6,0.4,0.9,5,2.4,0,0,0,0.1,-19.08486998,-2.546814899,-4.005635262,-6.288835526,-21.9933548,-0.703408086,-5.293634892,-11.79125071,-21.19218826,-17.9971987,-11.77171683,19.08486998,15.79025237,-2.403381157,-2.51553421,-19.79401932,-3.517040429,-12.70472374,0,0,0,-1.177171683
Cf,2,0.01,Li603CfP99S500Cl98F2,-7.581860633,-1.255274939,-0.02,0.02,0.01,-1,-6.04,0.98,0.02,0.99,5,2.06,0,0,0.01,0,-17.3513314,-2.546814899,-4.005635262,-6.288835526,-21.9933548,-0.703408086,-5.293634892,-3.211803675,-7.281374931,-6.930519938,-2.868606091,17.3513314,15.38276199,-3.925522556,-0.125776711,-21.77342125,-3.517040429,-10.90488788,0,0,-0.069305199,0
Cf,3,0.01,Li602CfP99S500Cl97F3,-7.581344877,-1.255189549,-0.03,0.03,0.01,-1,-6.04,0.97,0.03,0.99,5,2.05,0,0,0.01,0,-17.34965574,-2.546814899,-4.005635262,-6.288835526,-21.9933548,-0.703408086,-5.293634892,-3.82174015,-8.317549706,-9.721812963,-3.723580837,17.34965574,15.38276199,-3.885466204,-0.188665066,-21.77342125,-3.517040429,-10.85195153,0,0,-0.09721813,0
Cf,4,0.01,Li601CfP99S500Cl96F4,-7.58235617,-1.255356982,-0.04,0.04,0.01,-1,-6.04,0.96,0.04,0.99,5,2.04,0,0,0.01,0,-17.34852983,-2.546814899,-4.005635262,-6.288835526,-21.9933548,-0.703408086,-5.293634892,-4.476875663,-11.83387995,-12.72078609,-4.435231447,17.34852983,15.38276199,-3.845409851,-0.251553421,-21.77342125,-3.517040429,-10.79901518,0,0,-0.127207861,0
Cf,2,0.02,Li303CfP49S250Cl48F2,-7.611640808,-1.251914607,-0.04,0.04,0.02,-1,-6.08,0.96,0.04,0.98,5,2.12,0,0,0.02,0,-17.43233238,-2.546814899,-4.005635262,-6.288835526,-21.9933548,-0.703408086,-5.293634892,-3.211803675,-7.281374931,-6.930519938,-2.868606091,17.43233238,15.48463459,-3.845409851,-0.251553421,-21.5534877,-3.517040429,-11.22250597,0,0,-0.138610399,0
Cf,3,0.02,Li302CfP49S250Cl47F3,-7.608859619,-1.251457174,-0.06,0.06,0.02,-1,-6.08,0.94,0.06,0.98,5,2.1,0,0,0.02,0,-17.43073073,-2.546814899,-4.005635262,-6.288835526,-21.9933548,-0.703408086,-5.293634892,-3.82174015,-8.317549706,-9.721812963,-3.723580837,17.43073073,15.48463459,-3.765297146,-0.377330132,-21.5534877,-3.517040429,-11.11663327,0,0,-0.194436259,0
Cf,4,0.02,Li301CfP49S250Cl46F4,-7.608381294,-1.251378502,-0.08,0.08,0.02,-1,-6.08,0.92,0.08,0.98,5,2.08,0,0,0.02,0,-17.43097983,-2.546814899,-4.005635262,-6.288835526,-21.9933548,-0.703408086,-5.293634892,-4.476875663,-11.83387995,-12.72078609,-4.435231447,17.43097983,15.48463459,-3.685184441,-0.503106842,-21.5534877,-3.517040429,-11.01076057,0,0,-0.254415722,0
Cf,2,0.03,Li609Cf3P97S500Cl94F6,-7.640399104,-1.248431226,-0.06,0.06,0.03,-1,-6.12,0.94,0.06,0.97,5,2.18,0,0,0.03,0,-17.51435524,-2.546814899,-4.005635262,-6.288835526,-21.9933548,-0.703408086,-5.293634892,-3.211803675,-7.281374931,-6.930519938,-2.868606091,17.51435524,15.58650718,-3.765297146,-0.377330132,-21.33355415,-3.517040429,-11.54012406,0,0,-0.207915598,0
Cf,3,0.03,Li606Cf3P97S500Cl91F9,-7.634199049,-1.247418145,-0.09,0.09,0.03,-1,-6.12,0.91,0.09,0.97,5,2.15,0,0,0.03,0,-17.51398104,-2.546814899,-4.005635262,-6.288835526,-21.9933548,-0.703408086,-5.293634892,-3.82174015,-8.317549706,-9.721812963,-3.723580837,17.51398104,15.58650718,-3.645128088,-0.565995197,-21.33355415,-3.517040429,-11.38131502,0,0,-0.291654389,0
Cf,4,0.03,Li603Cf3P97S500Cl88F12,-7.630676409,-1.24684255,-0.12,0.12,0.03,-1,-6.12,0.88,0.12,0.97,5,2.12,0,0,0.03,0,-17.51715984,-2.546814899,-4.005635262,-6.288835526,-21.9933548,-0.703408086,-5.293634892,-4.476875663,-11.83387995,-12.72078609,-4.435231447,17.51715984,15.58650718,-3.52495903,-0.754660263,-21.33355415,-3.517040429,-11.22250597,0,0,-0.381623583,0
Cf,2,0.04,Li153CfP24S125Cl23F2,-7.668179842,-1.24483439,-0.08,0.08,0.04,-1,-6.16,0.92,0.08,0.96,5,2.24,0,0,0.04,0,-17.59735565,-2.546814899,-4.005635262,-6.288835526,-21.9933548,-0.703408086,-5.293634892,-3.211803675,-7.281374931,-6.930519938,-2.868606091,17.59735565,15.68837978,-3.685184441,-0.503106842,-21.11362061,-3.517040429,-11.85774216,0,0,-0.277220798,0
Cf,3,0.04,Li152CfP24S125Cl22F3,-7.657578474,-1.243113389,-0.12,0.12,0.04,-1,-6.16,0.88,0.12,0.96,5,2.2,0,0,0.04,0,-17.59919136,-2.546814899,-4.005635262,-6.288835526,-21.9933548,-0.703408086,-5.293634892,-3.82174015,-8.317549706,-9.721812963,-3.723580837,17.59919136,15.68837978,-3.52495903,-0.754660263,-21.11362061,-3.517040429,-11.64599676,0,0,-0.388872519,0
Cf,4,0.04,Li151CfP24S125Cl21F4,-7.650249806,-1.24192367,-0.16,0.16,0.04,-1,-6.16,0.84,0.16,0.96,5,2.16,0,0,0.04,0,-17.60606156,-2.546814899,-4.005635262,-6.288835526,-21.9933548,-0.703408086,-5.293634892,-4.476875663,-11.83387995,-12.72078609,-4.435231447,17.60606156,15.68837978,-3.36473362,-1.006213684,-21.11362061,-3.517040429,-11.43425137,0,0,-0.508831444,0
Cf,2,0.05,Li123CfP19S100Cl18F2,-7.694711142,-1.241082442,-0.1,0.1,0.05,-1,-6.2,0.9,0.1,0.95,5,2.3,0,0,0.05,0,-17.68160551,-2.546814899,-4.005635262,-6.288835526,-21.9933548,-0.703408086,-5.293634892,-3.211803675,-7.281374931,-6.930519938,-2.868606091,17.68160551,15.79025237,-3.605071735,-0.628883553,-20.89368706,-3.517040429,-12.17536025,0,0,-0.346525997,0
Cf,3,0.05,Li122CfP19S100Cl17F3,-7.678978764,-1.238544962,-0.15,0.15,0.05,-1,-6.2,0.85,0.15,0.95,5,2.25,-6.94E-18,6.94E-18,0.05,0,-17.6863808,-2.546814899,-4.005635262,-6.288835526,-21.9933548,-0.703408086,-5.293634892,-3.82174015,-8.317549706,-9.721812963,-3.723580837,17.6863808,15.79025237,-3.404789972,-0.943325329,-20.89368706,-3.517040429,-11.91067851,2.65E-17,-5.77E-17,-0.486090648,0
Cf,4,0.05,Li121CfP19S100Cl16F4,-7.66797133,-1.236769569,-0.2,0.2,0.05,-1,-6.2,0.8,0.2,0.95,5,2.2,0,0,0.05,0,-17.69681516,-2.546814899,-4.005635262,-6.288835526,-21.9933548,-0.703408086,-5.293634892,-4.476875663,-11.83387995,-12.72078609,-4.435231447,17.69681516,15.79025237,-3.204508209,-1.257767105,-20.89368706,-3.517040429,-11.64599676,0,0,-0.636039305,0
Cf,2,0.06,Li309Cf3P47S250Cl44F6,-7.719651134,-1.237123579,-0.12,0.12,0.06,-1,-6.24,0.88,0.12,0.94,5,2.36,0,0,0.06,0,-17.76744667,-2.546814899,-4.005635262,-6.288835526,-21.9933548,-0.703408086,-5.293634892,-3.211803675,-7.281374931,-6.930519938,-2.868606091,17.76744667,15.89212497,-3.52495903,-0.754660263,-20.67375351,-3.517040429,-12.49297834,0,0,-0.415831196,0
Cf,3,0.06,Li306Cf3P47S250Cl41F9,-7.698468311,-1.233728896,-0.18,0.18,0.06,-1,-6.24,0.82,0.18,0.94,5,2.3,0,0,0.06,0,-17.775481,-2.546814899,-4.005635262,-6.288835526,-21.9933548,-0.703408086,-5.293634892,-3.82174015,-8.317549706,-9.721812963,-3.723580837,17.775481,15.89212497,-3.284620914,-1.131990395,-20.67375351,-3.517040429,-12.17536025,0,0,-0.583308778,0
Cf,4,0.06,Li303Cf3P47S250Cl38F12,-7.684381895,-1.231471458,-0.24,0.24,0.06,-1,-6.24,0.76,0.24,0.94,5,2.24,0,0,0.06,0,-17.78887972,-2.546814899,-4.005635262,-6.288835526,-21.9933548,-0.703408086,-5.293634892,-4.476875663,-11.83387995,-12.72078609,-4.435231447,17.78887972,15.89212497,-3.044282799,-1.509320526,-20.67375351,-3.517040429,-11.85774216,0,0,-0.763247166,0
Cf,2,0.07,Li621Cf7P93S500Cl86F14,-7.742730488,-1.232918868,-0.14,0.14,0.07,-1,-6.28,0.86,0.14,0.93,5,2.42,0,0,0.07,0,-17.85514847,-2.546814899,-4.005635262,-6.288835526,-21.9933548,-0.703408086,-5.293634892,-3.211803675,-7.281374931,-6.930519938,-2.868606091,17.85514847,15.99399757,-3.444846325,-0.880436974,-20.45381996,-3.517040429,-12.81059644,0,0,-0.485136396,0
Cf,3,0.07,Li614Cf7P93S500Cl79F21,-7.716191159,-1.22869286,-0.21,0.21,0.07,-1,-6.28,0.79,0.21,0.93,5,2.35,-1.39E-17,1.39E-17,0.07,0,-17.86634789,-2.546814899,-4.005635262,-6.288835526,-21.9933548,-0.703408086,-5.293634892,-3.82174015,-8.317549706,-9.721812963,-3.723580837,17.86634789,15.99399757,-3.164451857,-1.32065546,-20.45381996,-3.517040429,-12.440042,5.30E-17,-1.15E-16,-0.680526907,0
Cf,4,0.07,Li607Cf7P93S500Cl72F28,-7.699924368,-1.226102606,-0.28,0.28,0.07,-1,-6.28,0.72,0.28,0.93,5,2.28,0,0,0.07,0,-17.88181237,-2.546814899,-4.005635262,-6.288835526,-21.9933548,-0.703408086,-5.293634892,-4.476875663,-11.83387995,-12.72078609,-4.435231447,17.88181237,15.99399757,-2.884057388,-1.760873947,-20.45381996,-3.517040429,-12.06948755,0,0,-0.890455027,0
Cf,2,0.08,Li156Cf2P23S125Cl21F4,-7.763868493,-1.228460205,-0.16,0.16,0.08,-1,-6.32,0.84,0.16,0.92,5,2.48,0,0,0.08,0,-17.94479162,-2.546814899,-4.005635262,-6.288835526,-21.9933548,-0.703408086,-5.293634892,-3.211803675,-7.281374931,-6.930519938,-2.868606091,17.94479162,16.09587016,-3.36473362,-1.006213684,-20.23388641,-3.517040429,-13.12821453,0,0,-0.554441595,0
Cf,3,0.08,Li154Cf2P23S125Cl19F6,-7.732307967,-1.223466451,-0.24,0.24,0.08,-1,-6.32,0.76,0.24,0.92,5,2.4,0,0,0.08,0,-17.95882082,-2.546814899,-4.005635262,-6.288835526,-21.9933548,-0.703408086,-5.293634892,-3.82174015,-8.317549706,-9.721812963,-3.723580837,17.95882082,16.09587016,-3.044282799,-1.509320526,-20.23388641,-3.517040429,-12.70472374,0,0,-0.777745037,0
Cf,4,0.08,Li152Cf2P23S125Cl17F8,-7.715244125,-1.220766476,-0.32,0.32,0.08,-1,-6.32,0.68,0.32,0.92,5,2.32,0,0,0.08,0,-17.97496774,-2.546814899,-4.005635262,-6.288835526,-21.9933548,-0.703408086,-5.293634892,-4.476875663,-11.83387995,-12.72078609,-4.435231447,17.97496774,16.09587016,-2.723831978,-2.012427368,-20.23388641,-3.517040429,-12.28123295,0,0,-1.017662888,0
Cf,2,0.09,Li627Cf9P91S500Cl82F18,-7.783211602,-1.223775409,-0.18,0.18,0.09,-1,-6.36,0.82,0.18,0.91,5,2.54,0,0,0.09,0,-18.03622966,-2.546814899,-4.005635262,-6.288835526,-21.9933548,-0.703408086,-5.293634892,-3.211803675,-7.281374931,-6.930519938,-2.868606091,18.03622966,16.19774276,-3.284620914,-1.131990395,-20.01395287,-3.517040429,-13.44583262,0,0,-0.623746794,0
Cf,3,0.09,Li618Cf9P91S500Cl73F27,-7.746970987,-1.218077199,-0.27,0.27,0.09,-1,-6.36,0.73,0.27,0.91,5,2.45,1.39E-17,-1.39E-17,0.09,0,-18.05274753,-2.546814899,-4.005635262,-6.288835526,-21.9933548,-0.703408086,-5.293634892,-3.82174015,-8.317549706,-9.721812963,-3.723580837,18.05274753,16.19774276,-2.924113741,-1.697985592,-20.01395287,-3.517040429,-12.96940548,-5.30E-17,1.15E-16,-0.874963167,0
Cf,4,0.09,Li609Cf9P91S500Cl64F36,-7.730999443,-1.21556595,-0.36,0.36,0.09,-1,-6.36,0.64,0.36,0.91,5,2.36,0,0,0.09,0,-18.06768754,-2.546814899,-4.005635262,-6.288835526,-21.9933548,-0.703408086,-5.293634892,-4.476875663,-11.83387995,-12.72078609,-4.435231447,18.06768754,16.19774276,-2.563606567,-2.263980789,-20.01395287,-3.517040429,-12.49297834,0,0,-1.144870749,0
Cf,2,0.1,Li63CfP9S50Cl8F2,-7.801105884,-1.218922794,-0.2,0.2,0.1,-1,-6.4,0.8,0.2,0.9,5,2.6,0,0,0.1,0,-18.12911654,-2.546814899,-4.005635262,-6.288835526,-21.9933548,-0.703408086,-5.293634892,-3.211803675,-7.281374931,-6.930519938,-2.868606091,18.12911654,16.29961535,-3.204508209,-1.257767105,-19.79401932,-3.517040429,-13.76345072,0,0,-0.693051994,0
Cf,3,0.1,Li62CfP9S50Cl7F3,-7.760287801,-1.212544969,-0.3,0.3,0.1,-1,-6.4,0.7,0.3,0.9,5,2.5,-1.39E-17,1.39E-17,0.1,0,-18.14802046,-2.546814899,-4.005635262,-6.288835526,-21.9933548,-0.703408086,-5.293634892,-3.82174015,-8.317549706,-9.721812963,-3.723580837,18.14802046,16.29961535,-2.803944683,-1.886650658,-19.79401932,-3.517040429,-13.23408723,5.30E-17,-1.15E-16,-0.972181296,0
Cf,4,0.1,Li61CfP9S50Cl6F4,-7.747631982,-1.210567497,-0.4,0.4,0.1,-1,-6.4,0.6,0.4,0.9,5,2.4,0,0,0.1,0,-18.15953013,-2.546814899,-4.005635262,-6.288835526,-21.9933548,-0.703408086,-5.293634892,-4.476875663,-11.83387995,-12.72078609,-4.435231447,18.15953013,16.29961535,-2.403381157,-2.51553421,-19.79401932,-3.517040429,-12.70472374,0,0,-1.272078609,0
Cm,3,0.01,Li602CmP99S500Cl97F3,-7.36381388,-1.219174483,-0.03,0.03,0.01,-1,-6.04,0.97,0.03,0.99,5,2.05,0,0,0.01,0,-17.58690119,-2.546814899,-4.005635262,-6.288835526,-21.9933548,-0.703408086,-5.293634892,-5.933133602,-14.0593214,-11.69325829,-4.783735871,17.58690119,15.38276199,-3.885466204,-0.188665066,-21.77342125,-3.517040429,-10.85195153,0,0,-0.116932583,0
Cm,4,0.01,Li601CmP99S500Cl96F4,-7.371966096,-1.220524188,-0.04,0.04,0.01,-1,-6.04,0.96,0.04,0.99,5,2.04,0,0,0.01,0,-17.58381572,-2.546814899,-4.005635262,-6.288835526,-21.9933548,-0.703408086,-5.293634892,-8.166182041,-16.49271131,-15.21036744,-6.392918587,17.58381572,15.38276199,-3.845409851,-0.251553421,-21.77342125,-3.517040429,-10.79901518,0,0,-0.152103674,0
Cm,3,0.02,Li302CmP49S250Cl47F3,-7.398880071,-1.216921064,-0.06,0.06,0.02,-1,-6.08,0.94,0.06,0.98,5,2.1,0,0,0.02,0,-17.68013919,-2.546814899,-4.005635262,-6.288835526,-21.9933548,-0.703408086,-5.293634892,-5.933133602,-14.0593214,-11.69325829,-4.783735871,17.68013919,15.48463459,-3.765297146,-0.377330132,-21.5534877,-3.517040429,-11.11663327,0,0,-0.233865166,0
Cm,4,0.02,Li301CmP49S250Cl46F4,-7.412479364,-1.21915779,-0.08,0.08,0.02,-1,-6.08,0.92,0.08,0.98,5,2.08,0,0,0.02,0,-17.67667339,-2.546814899,-4.005635262,-6.288835526,-21.9933548,-0.703408086,-5.293634892,-8.166182041,-16.49271131,-15.21036744,-6.392918587,17.67667339,15.48463459,-3.685184441,-0.503106842,-21.5534877,-3.517040429,-11.01076057,0,0,-0.304207349,0
Cm,3,0.03,Li606Cm3P97S500Cl91F9,-7.431277037,-1.214260954,-0.09,0.09,0.03,-1,-6.12,0.91,0.09,0.97,5,2.15,0,0,0.03,0,-17.77604641,-2.546814899,-4.005635262,-6.288835526,-21.9933548,-0.703408086,-5.293634892,-5.933133602,-14.0593214,-11.69325829,-4.783735871,17.77604641,15.58650718,-3.645128088,-0.565995197,-21.33355415,-3.517040429,-11.38131502,0,0,-0.350797749,0
Cm,4,0.03,Li603Cm3P97S500Cl88F12,-7.448408133,-1.217060152,-0.12,0.12,0.03,-1,-6.12,0.88,0.12,0.97,5,2.12,0,0,0.03,0,-17.77411555,-2.546814899,-4.005635262,-6.288835526,-21.9933548,-0.703408086,-5.293634892,-8.166182041,-16.49271131,-15.21036744,-6.392918587,17.77411555,15.58650718,-3.52495903,-0.754660263,-21.33355415,-3.517040429,-11.22250597,0,0,-0.456311023,0
Cm,3,0.04,Li152CmP24S125Cl22F3,-7.461029311,-1.211206057,-0.12,0.12,0.04,-1,-6.16,0.88,0.12,0.96,5,2.2,0,0,0.04,0,-17.87459833,-2.546814899,-4.005635262,-6.288835526,-21.9933548,-0.703408086,-5.293634892,-5.933133602,-14.0593214,-11.69325829,-4.783735871,17.87459833,15.68837978,-3.52495903,-0.754660263,-21.11362061,-3.517040429,-11.64599676,0,0,-0.467730331,0
Cm,4,0.04,Li151CmP24S125Cl21F4,-7.480410558,-1.214352363,-0.16,0.16,0.04,-1,-6.16,0.84,0.16,0.96,5,2.16,0,0,0.04,0,-17.87548407,-2.546814899,-4.005635262,-6.288835526,-21.9933548,-0.703408086,-5.293634892,-8.166182041,-16.49271131,-15.21036744,-6.392918587,17.87548407,15.68837978,-3.36473362,-1.006213684,-21.11362061,-3.517040429,-11.43425137,0,0,-0.608414698,0
Cm,3,0.05,Li122CmP19S100Cl17F3,-7.488180386,-1.20777103,-0.15,0.15,0.05,-1,-6.2,0.85,0.15,0.95,5,2.25,-6.94E-18,6.94E-18,0.05,0,-17.97575145,-2.546814899,-4.005635262,-6.288835526,-21.9933548,-0.703408086,-5.293634892,-5.933133602,-14.0593214,-11.69325829,-4.783735871,17.97575145,15.79025237,-3.404789972,-0.943325329,-20.89368706,-3.517040429,-11.91067851,4.12E-17,-9.76E-17,-0.584662914,0
Cm,4,0.05,Li121CmP19S100Cl16F4,-7.509333526,-1.211182827,-0.2,0.2,0.05,-1,-6.2,0.8,0.2,0.95,5,2.2,0,0,0.05,0,-17.97993203,-2.546814899,-4.005635262,-6.288835526,-21.9933548,-0.703408086,-5.293634892,-8.166182041,-16.49271131,-15.21036744,-6.392918587,17.97993203,15.79025237,-3.204508209,-1.257767105,-20.89368706,-3.517040429,-11.64599676,0,0,-0.760518372,0
Cm,3,0.06,Li306Cm3P47S250Cl41F9,-7.513097842,-1.20402209,-0.18,0.18,0.06,-1,-6.24,0.82,0.18,0.94,5,2.3,0,0,0.06,0,-18.07913818,-2.546814899,-4.005635262,-6.288835526,-21.9933548,-0.703408086,-5.293634892,-5.933133602,-14.0593214,-11.69325829,-4.783735871,18.07913818,15.89212497,-3.284620914,-1.131990395,-20.67375351,-3.517040429,-12.17536025,0,0,-0.701595497,0
Cm,4,0.06,Li303Cm3P47S250Cl38F12,-7.535934694,-1.207681842,-0.24,0.24,0.06,-1,-6.24,0.76,0.24,0.94,5,2.24,0,0,0.06,0,-18.0867018,-2.546814899,-4.005635262,-6.288835526,-21.9933548,-0.703408086,-5.293634892,-8.166182041,-16.49271131,-15.21036744,-6.392918587,18.0867018,15.89212497,-3.044282799,-1.509320526,-20.67375351,-3.517040429,-11.85774216,0,0,-0.912622046,0
Cm,3,0.07,Li614Cm7P93S500Cl79F21,-7.536292542,-1.200046583,-0.21,0.21,0.07,-1,-6.28,0.79,0.21,0.93,5,2.35,-1.39E-17,1.39E-17,0.07,0,-18.18424767,-2.546814899,-4.005635262,-6.288835526,-21.9933548,-0.703408086,-5.293634892,-5.933133602,-14.0593214,-11.69325829,-4.783735871,18.18424767,15.99399757,-3.164451857,-1.32065546,-20.45381996,-3.517040429,-12.440042,8.23E-17,-1.95E-16,-0.81852808,0
Cm,4,0.07,Li607Cm7P93S500Cl72F28,-7.560897711,-1.203964604,-0.28,0.28,0.07,-1,-6.28,0.72,0.28,0.93,5,2.28,0,0,0.07,0,-18.19510972,-2.546814899,-4.005635262,-6.288835526,-21.9933548,-0.703408086,-5.293634892,-8.166182041,-16.49271131,-15.21036744,-6.392918587,18.19510972,15.99399757,-2.884057388,-1.760873947,-20.45381996,-3.517040429,-12.06948755,0,0,-1.064725721,0
Cm,3,0.08,Li154Cm2P23S125Cl19F6,-7.558132619,-1.19590706,-0.24,0.24,0.08,-1,-6.32,0.76,0.24,0.92,5,2.4,0,0,0.08,0,-18.29071179,-2.546814899,-4.005635262,-6.288835526,-21.9933548,-0.703408086,-5.293634892,-5.933133602,-14.0593214,-11.69325829,-4.783735871,18.29071179,16.09587016,-3.044282799,-1.509320526,-20.23388641,-3.517040429,-12.70472374,0,0,-0.935460663,0
Cm,4,0.08,Li152Cm2P23S125Cl17F8,-7.585150022,-1.200181965,-0.32,0.32,0.08,-1,-6.32,0.68,0.32,0.92,5,2.32,0,0,0.08,0,-18.30422835,-2.546814899,-4.005635262,-6.288835526,-21.9933548,-0.703408086,-5.293634892,-8.166182041,-16.49271131,-15.21036744,-6.392918587,18.30422835,16.09587016,-2.723831978,-2.012427368,-20.23388641,-3.517040429,-12.28123295,0,0,-1.216829395,0
Cm,3,0.09,Li618Cm9P91S500Cl73F27,-7.578755951,-1.191628294,-0.27,0.27,0.09,-1,-6.36,0.73,0.27,0.91,5,2.45,1.39E-17,-1.39E-17,0.09,0,-18.39839265,-2.546814899,-4.005635262,-6.288835526,-21.9933548,-0.703408086,-5.293634892,-5.933133602,-14.0593214,-11.69325829,-4.783735871,18.39839265,16.19774276,-2.924113741,-1.697985592,-20.01395287,-3.517040429,-12.96940548,-8.23E-17,1.95E-16,-1.052393246,0
Cm,4,0.09,Li609Cm9P91S500Cl64F36,-7.610043237,-1.196547679,-0.36,0.36,0.09,-1,-6.36,0.64,0.36,0.91,5,2.36,0,0,0.09,0,-18.41270607,-2.546814899,-4.005635262,-6.288835526,-21.9933548,-0.703408086,-5.293634892,-8.166182041,-16.49271131,-15.21036744,-6.392918587,18.41270607,16.19774276,-2.563606567,-2.263980789,-20.01395287,-3.517040429,-12.49297834,0,0,-1.36893307,0
Cm,3,0.1,Li62CmP9S50Cl7F3,-7.598147073,-1.18721048,-0.3,0.3,0.1,-1,-6.4,0.7,0.3,0.9,5,2.5,-1.39E-17,1.39E-17,0.1,0,-18.50730572,-2.546814899,-4.005635262,-6.288835526,-21.9933548,-0.703408086,-5.293634892,-5.933133602,-14.0593214,-11.69325829,-4.783735871,18.50730572,16.29961535,-2.803944683,-1.886650658,-19.79401932,-3.517040429,-13.23408723,8.23E-17,-1.95E-16,-1.169325829,0
Cm,4,0.1,Li61CmP9S50Cl6F4,-7.636954966,-1.193274213,-0.4,0.4,0.1,-1,-6.4,0.6,0.4,0.9,5,2.4,0,0,0.1,0,-18.51916528,-2.546814899,-4.005635262,-6.288835526,-21.9933548,-0.703408086,-5.293634892,-8.166182041,-16.49271131,-15.21036744,-6.392918587,18.51916528,16.29961535,-2.403381157,-2.51553421,-19.79401932,-3.517040429,-12.70472374,0,0,-1.521036744,0
Cn,2,0.01,Li603CnP99S500Cl98F2,-7.235370003,-1.197908941,-0.02,0.02,0.01,-1,-6.04,0.98,0.02,0.99,5,2.06,0,0,0.01,0,-17.72773255,-2.546814899,-4.005635262,-6.288835526,-21.9933548,-0.703408086,-5.293634892,-4.682691693,-10.80545497,-9.921572208,-5.936782837,17.72773255,15.38276199,-3.925522556,-0.125776711,-21.77342125,-3.517040429,-10.90488788,0,0,-0.099215722,0
Cn,2,0.02,Li303CnP49S250Cl48F2,-7.269555005,-1.195650494,-0.04,0.04,0.02,-1,-6.08,0.96,0.04,0.98,5,2.12,0,0,0.02,0,-17.83423923,-2.546814899,-4.005635262,-6.288835526,-21.9933548,-0.703408086,-5.293634892,-4.682691693,-10.80545497,-9.921572208,-5.936782837,17.83423923,15.48463459,-3.845409851,-0.251553421,-21.5534877,-3.517040429,-11.22250597,0,0,-0.198431444,0
Cn,2,0.03,Li609Cn3P97S500Cl94F6,-7.302604933,-1.1932361,-0.06,0.06,0.03,-1,-6.12,0.94,0.06,0.97,5,2.18,0,0,0.03,0,-17.94188097,-2.546814899,-4.005635262,-6.288835526,-21.9933548,-0.703408086,-5.293634892,-4.682691693,-10.80545497,-9.921572208,-5.936782837,17.94188097,15.58650718,-3.765297146,-0.377330132,-21.33355415,-3.517040429,-11.54012406,0,0,-0.297647166,0
Cn,2,0.04,Li153CnP24S125Cl23F2,-7.334734584,-1.190703666,-0.08,0.08,0.04,-1,-6.16,0.92,0.08,0.96,5,2.24,0,0,0.04,0,-18.050443,-2.546814899,-4.005635262,-6.288835526,-21.9933548,-0.703408086,-5.293634892,-4.682691693,-10.80545497,-9.921572208,-5.936782837,18.050443,15.68837978,-3.685184441,-0.503106842,-21.11362061,-3.517040429,-11.85774216,0,0,-0.396862888,0
Cn,2,0.05,Li123CnP19S100Cl18F2,-7.36614353,-1.188087666,-0.1,0.1,0.05,-1,-6.2,0.9,0.1,0.95,5,2.3,0,0,0.05,0,-18.15972573,-2.546814899,-4.005635262,-6.288835526,-21.9933548,-0.703408086,-5.293634892,-4.682691693,-10.80545497,-9.921572208,-5.936782837,18.15972573,15.79025237,-3.605071735,-0.628883553,-20.89368706,-3.517040429,-12.17536025,0,0,-0.49607861,0
Cn,2,0.06,Li309Cn3P47S250Cl44F6,-7.397081909,-1.185429793,-0.12,0.12,0.06,-1,-6.24,0.88,0.12,0.94,5,2.36,0,0,0.06,0,-18.26947903,-2.546814899,-4.005635262,-6.288835526,-21.9933548,-0.703408086,-5.293634892,-4.682691693,-10.80545497,-9.921572208,-5.936782837,18.26947903,15.89212497,-3.52495903,-0.754660263,-20.67375351,-3.517040429,-12.49297834,0,0,-0.595294333,0
Cn,2,0.07,Li621Cn7P93S500Cl86F14,-7.427769093,-1.182765779,-0.14,0.14,0.07,-1,-6.28,0.86,0.14,0.93,5,2.42,0,0,0.07,0,-18.37948352,-2.546814899,-4.005635262,-6.288835526,-21.9933548,-0.703408086,-5.293634892,-4.682691693,-10.80545497,-9.921572208,-5.936782837,18.37948352,15.99399757,-3.444846325,-0.880436974,-20.45381996,-3.517040429,-12.81059644,0,0,-0.694510055,0
Cn,2,0.08,Li156Cn2P23S125Cl21F4,-7.458320707,-1.180114036,-0.16,0.16,0.08,-1,-6.32,0.84,0.16,0.92,5,2.48,0,0,0.08,0,-18.48962358,-2.546814899,-4.005635262,-6.288835526,-21.9933548,-0.703408086,-5.293634892,-4.682691693,-10.80545497,-9.921572208,-5.936782837,18.48962358,16.09587016,-3.36473362,-1.006213684,-20.23388641,-3.517040429,-13.12821453,0,0,-0.793725777,0
Cn,2,0.09,Li627Cn9P91S500Cl82F18,-7.488695232,-1.177467804,-0.18,0.18,0.09,-1,-6.36,0.82,0.18,0.91,5,2.54,0,0,0.09,0,-18.59994074,-2.546814899,-4.005635262,-6.288835526,-21.9933548,-0.703408086,-5.293634892,-4.682691693,-10.80545497,-9.921572208,-5.936782837,18.59994074,16.19774276,-3.284620914,-1.131990395,-20.01395287,-3.517040429,-13.44583262,0,0,-0.892941499,0
Cn,2,0.1,Li63CnP9S50Cl8F2,-7.518744531,-1.174803833,-0.2,0.2,0.1,-1,-6.4,0.8,0.2,0.9,5,2.6,0,0,0.1,0,-18.71058311,-2.546814899,-4.005635262,-6.288835526,-21.9933548,-0.703408086,-5.293634892,-4.682691693,-10.80545497,-9.921572208,-5.936782837,18.71058311,16.29961535,-3.204508209,-1.257767105,-19.79401932,-3.517040429,-13.76345072,0,0,-0.992157221,0
Co,2,0.01,Li603CoP99S500Cl98F2,-6.762843766,-1.11967612,-0.02,0.02,0.01,-1,-6.04,0.98,0.02,0.99,5,2.06,0,0,0.01,0,-18.16304249,-2.546814899,-4.005635262,-6.288835526,-21.9933548,-0.703408086,-5.293634892,-2.788604558,-6.797708988,-6.199942827,-2.483524323,18.16304249,15.38276199,-3.925522556,-0.125776711,-21.77342125,-3.517040429,-10.90488788,0,0,-0.061999428,0
Co,3,0.01,Li602CoP99S500Cl97F3,-6.764512163,-1.119952345,-0.03,0.03,0.01,-1,-6.04,0.97,0.03,0.99,5,2.05,0,0,0.01,0,-18.15911262,-2.546814899,-4.005635262,-6.288835526,-21.9933548,-0.703408086,-5.293634892,-3.558750868,-8.377994537,-8.984229326,-3.01751405,18.15911262,15.38276199,-3.885466204,-0.188665066,-21.77342125,-3.517040429,-10.85195153,0,0,-0.089842293,0
Co,4,0.01,Li601CoP99S500Cl96F4,-6.757464871,-1.118785575,-0.04,0.04,0.01,-1,-6.04,0.96,0.04,0.99,5,2.04,0,0,0.01,0,-18.15524956,-2.546814899,-4.005635262,-6.288835526,-21.9933548,-0.703408086,-5.293634892,-3.254848123,-9.482908249,-10.90362918,-3.04115653,18.15524956,15.38276199,-3.845409851,-0.251553421,-21.77342125,-3.517040429,-10.79901518,0,0,-0.109036292,0
Co,2,0.02,Li303CoP49S250Cl48F2,-6.78269889,-1.115575475,-0.04,0.04,0.02,-1,-6.08,0.96,0.04,0.98,5,2.12,0,0,0.02,0,-18.24666275,-2.546814899,-4.005635262,-6.288835526,-21.9933548,-0.703408086,-5.293634892,-2.788604558,-6.797708988,-6.199942827,-2.483524323,18.24666275,15.48463459,-3.845409851,-0.251553421,-21.5534877,-3.517040429,-11.22250597,0,0,-0.123998857,0
Co,3,0.02,Li302CoP49S250Cl47F3,-6.782955307,-1.115617649,-0.06,0.06,0.02,-1,-6.08,0.94,0.06,0.98,5,2.1,0,0,0.02,0,-18.24188337,-2.546814899,-4.005635262,-6.288835526,-21.9933548,-0.703408086,-5.293634892,-3.558750868,-8.377994537,-8.984229326,-3.01751405,18.24188337,15.48463459,-3.765297146,-0.377330132,-21.5534877,-3.517040429,-11.11663327,0,0,-0.179684587,0
Co,4,0.02,Li301CoP49S250Cl46F4,-6.76618837,-1.112859929,-0.08,0.08,0.02,-1,-6.08,0.92,0.08,0.98,5,2.08,0,0,0.02,0,-18.23682961,-2.546814899,-4.005635262,-6.288835526,-21.9933548,-0.703408086,-5.293634892,-3.254848123,-9.482908249,-10.90362918,-3.04115653,18.23682961,15.48463459,-3.685184441,-0.503106842,-21.5534877,-3.517040429,-11.01076057,0,0,-0.218072584,0
Co,2,0.03,Li609Co3P97S500Cl94F6,-6.807725234,-1.112373404,-0.06,0.06,0.03,-1,-6.12,0.94,0.06,0.97,5,2.18,0,0,0.03,0,-18.32511179,-2.546814899,-4.005635262,-6.288835526,-21.9933548,-0.703408086,-5.293634892,-2.788604558,-6.797708988,-6.199942827,-2.483524323,18.32511179,15.58650718,-3.765297146,-0.377330132,-21.33355415,-3.517040429,-11.54012406,0,0,-0.185998285,0
Co,3,0.03,Li606Co3P97S500Cl91F9,-6.803823869,-1.111735926,-0.09,0.09,0.03,-1,-6.12,0.91,0.09,0.97,5,2.15,0,0,0.03,0,-18.32222871,-2.546814899,-4.005635262,-6.288835526,-21.9933548,-0.703408086,-5.293634892,-3.558750868,-8.377994537,-8.984229326,-3.01751405,18.32222871,15.58650718,-3.645128088,-0.565995197,-21.33355415,-3.517040429,-11.38131502,0,0,-0.26952688,0
Co,4,0.03,Li603Co3P97S500Cl88F12,-6.775365624,-1.107085886,-0.12,0.12,0.03,-1,-6.12,0.88,0.12,0.97,5,2.12,0,0,0.03,0,-18.31795591,-2.546814899,-4.005635262,-6.288835526,-21.9933548,-0.703408086,-5.293634892,-3.254848123,-9.482908249,-10.90362918,-3.04115653,18.31795591,15.58650718,-3.52495903,-0.754660263,-21.33355415,-3.517040429,-11.22250597,0,0,-0.327108876,0
Co,2,0.04,Li153CoP24S125Cl23F2,-6.837843934,-1.1100396,-0.08,0.08,0.04,-1,-6.16,0.92,0.08,0.96,5,2.24,0,0,0.04,0,-18.39846848,-2.546814899,-4.005635262,-6.288835526,-21.9933548,-0.703408086,-5.293634892,-2.788604558,-6.797708988,-6.199942827,-2.483524323,18.39846848,15.68837978,-3.685184441,-0.503106842,-21.11362061,-3.517040429,-11.85774216,0,0,-0.247997713,0
Co,3,0.04,Li152CoP24S125Cl22F3,-6.827072073,-1.108290921,-0.12,0.12,0.04,-1,-6.16,0.88,0.12,0.96,5,2.2,0,0,0.04,0,-18.40019441,-2.546814899,-4.005635262,-6.288835526,-21.9933548,-0.703408086,-5.293634892,-3.558750868,-8.377994537,-8.984229326,-3.01751405,18.40019441,15.68837978,-3.52495903,-0.754660263,-21.11362061,-3.517040429,-11.64599676,0,0,-0.359369173,0
Co,4,0.04,Li151CoP24S125Cl21F4,-6.785350786,-1.101517985,-0.16,0.16,0.04,-1,-6.16,0.84,0.16,0.96,5,2.16,0,0,0.04,0,-18.39827431,-2.546814899,-4.005635262,-6.288835526,-21.9933548,-0.703408086,-5.293634892,-3.254848123,-9.482908249,-10.90362918,-3.04115653,18.39827431,15.68837978,-3.36473362,-1.006213684,-21.11362061,-3.517040429,-11.43425137,0,0,-0.436145167,0
Co,2,0.05,Li123CoP19S100Cl18F2,-6.872238295,-1.108425532,-0.1,0.1,0.05,-1,-6.2,0.9,0.1,0.95,5,2.3,0,0,0.05,0,-18.4675495,-2.546814899,-4.005635262,-6.288835526,-21.9933548,-0.703408086,-5.293634892,-2.788604558,-6.797708988,-6.199942827,-2.483524323,18.4675495,15.79025237,-3.605071735,-0.628883553,-20.89368706,-3.517040429,-12.17536025,0,0,-0.309997141,0
Co,3,0.05,Li122CoP19S100Cl17F3,-6.852321159,-1.10521309,-0.15,0.15,0.05,-1,-6.2,0.85,0.15,0.95,5,2.25,-6.94E-18,6.94E-18,0.05,0,-18.47615923,-2.546814899,-4.005635262,-6.288835526,-21.9933548,-0.703408086,-5.293634892,-3.558750868,-8.377994537,-8.984229326,-3.01751405,18.47615923,15.79025237,-3.404789972,-0.943325329,-20.89368706,-3.517040429,-11.91067851,2.47E-17,-5.81E-17,-0.449211466,0
Co,4,0.05,Li121CoP19S100Cl16F4,-6.796415084,-1.096195981,-0.2,0.2,0.05,-1,-6.2,0.8,0.2,0.95,5,2.2,0,0,0.05,0,-18.47751356,-2.546814899,-4.005635262,-6.288835526,-21.9933548,-0.703408086,-5.293634892,-3.254848123,-9.482908249,-10.90362918,-3.04115653,18.47751356,15.79025237,-3.204508209,-1.257767105,-20.89368706,-3.517040429,-11.64599676,0,0,-0.545181459,0
Co,2,0.06,Li309Co3P47S250Cl44F6,-6.909683192,-1.107321024,-0.12,0.12,0.06,-1,-6.24,0.88,0.12,0.94,5,2.36,0,0,0.06,0,-18.53357998,-2.546814899,-4.005635262,-6.288835526,-21.9933548,-0.703408086,-5.293634892,-2.788604558,-6.797708988,-6.199942827,-2.483524323,18.53357998,15.89212497,-3.52495903,-0.754660263,-20.67375351,-3.517040429,-12.49297834,0,0,-0.37199657,0
Co,3,0.06,Li306Co3P47S250Cl41F9,-6.879210317,-1.102437551,-0.18,0.18,0.06,-1,-6.24,0.82,0.18,0.94,5,2.3,0,0,0.06,0,-18.55048397,-2.546814899,-4.005635262,-6.288835526,-21.9933548,-0.703408086,-5.293634892,-3.558750868,-8.377994537,-8.984229326,-3.01751405,18.55048397,15.89212497,-3.284620914,-1.131990395,-20.67375351,-3.517040429,-12.17536025,0,0,-0.53905376,0
Co,4,0.06,Li303Co3P47S250Cl38F12,-6.808872607,-1.091165482,-0.24,0.24,0.06,-1,-6.24,0.76,0.24,0.94,5,2.24,0,0,0.06,0,-18.55535959,-2.546814899,-4.005635262,-6.288835526,-21.9933548,-0.703408086,-5.293634892,-3.254848123,-9.482908249,-10.90362918,-3.04115653,18.55535959,15.89212497,-3.044282799,-1.509320526,-20.67375351,-3.517040429,-11.85774216,0,0,-0.654217751,0
Co,2,0.07,Li621Co7P93S500Cl86F14,-6.948789315,-1.106495114,-0.14,0.14,0.07,-1,-6.28,0.86,0.14,0.93,5,2.42,0,0,0.07,0,-18.59794924,-2.546814899,-4.005635262,-6.288835526,-21.9933548,-0.703408086,-5.293634892,-2.788604558,-6.797708988,-6.199942827,-2.483524323,18.59794924,15.99399757,-3.444846325,-0.880436974,-20.45381996,-3.517040429,-12.81059644,0,0,-0.433995998,0
Co,3,0.07,Li614Co7P93S500Cl79F21,-6.907442265,-1.099911189,-0.21,0.21,0.07,-1,-6.28,0.79,0.21,0.93,5,2.35,-1.39E-17,1.39E-17,0.07,0,-18.62346592,-2.546814899,-4.005635262,-6.288835526,-21.9933548,-0.703408086,-5.293634892,-3.558750868,-8.377994537,-8.984229326,-3.01751405,18.62346592,15.99399757,-3.164451857,-1.32065546,-20.45381996,-3.517040429,-12.440042,4.94E-17,-1.16E-16,-0.628896053,0
Co,4,0.07,Li607Co7P93S500Cl72F28,-6.823058652,-1.086474308,-0.28,0.28,0.07,-1,-6.28,0.72,0.28,0.93,5,2.28,0,0,0.07,0,-18.6314771,-2.546814899,-4.005635262,-6.288835526,-21.9933548,-0.703408086,-5.293634892,-3.254848123,-9.482908249,-10.90362918,-3.04115653,18.6314771,15.99399757,-2.884057388,-1.760873947,-20.45381996,-3.517040429,-12.06948755,0,0,-0.763254043,0
Co,2,0.08,Li156Co2P23S125Cl21F4,-6.988255552,-1.105736638,-0.16,0.16,0.08,-1,-6.32,0.84,0.16,0.92,5,2.48,0,0,0.08,0,-18.66195839,-2.546814899,-4.005635262,-6.288835526,-21.9933548,-0.703408086,-5.293634892,-2.788604558,-6.797708988,-6.199942827,-2.483524323,18.66195839,16.09587016,-3.36473362,-1.006213684,-20.23388641,-3.517040429,-13.12821453,0,0,-0.495995426,0
Co,3,0.08,Li154Co2P23S125Cl19F6,-6.936948475,-1.09761843,-0.24,0.24,0.08,-1,-6.32,0.76,0.24,0.92,5,2.4,0,0,0.08,0,-18.69517362,-2.546814899,-4.005635262,-6.288835526,-21.9933548,-0.703408086,-5.293634892,-3.558750868,-8.377994537,-8.984229326,-3.01751405,18.69517362,16.09587016,-3.044282799,-1.509320526,-20.23388641,-3.517040429,-12.70472374,0,0,-0.718738346,0
Co,4,0.08,Li152Co2P23S125Cl17F8,-6.838894772,-1.082103603,-0.32,0.32,0.08,-1,-6.32,0.68,0.32,0.92,5,2.32,0,0,0.08,0,-18.70594454,-2.546814899,-4.005635262,-6.288835526,-21.9933548,-0.703408086,-5.293634892,-3.254848123,-9.482908249,-10.90362918,-3.04115653,18.70594454,16.09587016,-2.723831978,-2.012427368,-20.23388641,-3.517040429,-12.28123295,0,0,-0.872290335,0
Co,2,0.09,Li627Co9P91S500Cl82F18,-7.027181768,-1.104902794,-0.18,0.18,0.09,-1,-6.36,0.82,0.18,0.91,5,2.54,0,0,0.09,0,-18.72650756,-2.546814899,-4.005635262,-6.288835526,-21.9933548,-0.703408086,-5.293634892,-2.788604558,-6.797708988,-6.199942827,-2.483524323,18.72650756,16.19774276,-3.284620914,-1.131990395,-20.01395287,-3.517040429,-13.44583262,0,0,-0.557994854,0
Co,3,0.09,Li618Co9P91S500Cl73F27,-6.967724378,-1.095554147,-0.27,0.27,0.09,-1,-6.36,0.73,0.27,0.91,5,2.45,1.39E-17,-1.39E-17,0.09,0,-18.76561162,-2.546814899,-4.005635262,-6.288835526,-21.9933548,-0.703408086,-5.293634892,-3.558750868,-8.377994537,-8.984229326,-3.01751405,18.76561162,16.19774276,-2.924113741,-1.697985592,-20.01395287,-3.517040429,-12.96940548,-4.94E-17,1.16E-16,-0.808580639,0
Co,4,0.09,Li609Co9P91S500Cl64F36,-6.855962084,-1.07798146,-0.36,0.36,0.09,-1,-6.36,0.64,0.36,0.91,5,2.36,0,0,0.09,0,-18.77918078,-2.546814899,-4.005635262,-6.288835526,-21.9933548,-0.703408086,-5.293634892,-3.254848123,-9.482908249,-10.90362918,-3.04115653,18.77918078,16.19774276,-2.563606567,-2.263980789,-20.01395287,-3.517040429,-12.49297834,0,0,-0.981326627,0
Co,2,0.1,Li63CoP9S50Cl8F2,-7.06523836,-1.103943494,-0.2,0.2,0.1,-1,-6.4,0.8,0.2,0.9,5,2.6,0,0,0.1,0,-18.79192635,-2.546814899,-4.005635262,-6.288835526,-21.9933548,-0.703408086,-5.293634892,-2.788604558,-6.797708988,-6.199942827,-2.483524323,18.79192635,16.29961535,-3.204508209,-1.257767105,-19.79401932,-3.517040429,-13.76345072,0,0,-0.619994283,0
Co,3,0.1,Li62CoP9S50Cl7F3,-6.999488393,-1.093670061,-0.3,0.3,0.1,-1,-6.4,0.7,0.3,0.9,5,2.5,-1.39E-17,1.39E-17,0.1,0,-18.8350615,-2.546814899,-4.005635262,-6.288835526,-21.9933548,-0.703408086,-5.293634892,-3.558750868,-8.377994537,-8.984229326,-3.01751405,18.8350615,16.29961535,-2.803944683,-1.886650658,-19.79401932,-3.517040429,-13.23408723,4.94E-17,-1.16E-16,-0.898422933,0
Co,4,0.1,Li61CoP9S50Cl6F4,-6.875194362,-1.074249119,-0.4,0.4,0.1,-1,-6.4,0.6,0.4,0.9,5,2.4,0,0,0.1,0,-18.85025206,-2.546814899,-4.005635262,-6.288835526,-21.9933548,-0.703408086,-5.293634892,-3.254848123,-9.482908249,-10.90362918,-3.04115653,18.85025206,16.29961535,-2.403381157,-2.51553421,-19.79401932,-3.517040429,-12.70472374,0,0,-1.090362918,0
Cr,2,0.01,Li603CrP99S500Cl98F2,-7.518700529,-1.246882343,-0.02,0.02,0,-1,-6.03,0.98,0.02,0.99,5,2.06,0,0,0,0.01,-17.40880339,-2.546814899,-4.005635262,-6.288835526,-21.9933548,-0.703408086,-5.293634892,-3.530821681,-8.430708647,-7.599887252,-3.814893723,17.40880339,15.35729384,-3.925522556,-0.125776711,-21.77342125,-3.517040429,-10.90488788,0,0,0,-0.038148937
Cr,3,0.01,Li602CrP99S500Cl97F3,-7.521777514,-1.248427803,-0.03,0.03,0,-1,-6.025,0.97,0.03,0.99,5,2.05,0,0,0,0.01,-17.40819803,-2.546814899,-4.005635262,-6.288835526,-21.9933548,-0.703408086,-5.293634892,-5.636079311,-12.16966057,-10.71466279,-5.79908371,17.40819803,15.34455977,-3.885466204,-0.188665066,-21.77342125,-3.517040429,-10.85195153,0,0,0,-0.057990837
Cr,4,0.01,Li601CrP99S500Cl96F4,-7.505685853,-1.24679167,-0.04,0.04,0,-1,-6.02,0.96,0.04,0.99,5,2.04,0,0,0,0.01,-17.40837025,-2.546814899,-4.005635262,-6.288835526,-21.9933548,-0.703408086,-5.293634892,-6.670814157,-13.01948071,-13.53046775,-5.94416678,17.40837025,15.33182569,-3.845409851,-0.251553421,-21.77342125,-3.517040429,-10.79901518,0,0,0,-0.059441668
Cr,5,0.01,Li600CrP99S500Cl95F5,-7.520568179,-1.245127182,-0.05,0.05,0.01,-1,-6.04,0.95,0.05,0.99,5,2.03,0,0,0.01,0,-17.40923452,-2.546814899,-4.005635262,-6.288835526,-21.9933548,-0.703408086,-5.293634892,-6.906645298,-13.62566185,-15.62289095,-5.907960236,17.40923452,15.38276199,-3.805353498,-0.314441776,-21.77342125,-3.517040429,-10.74607883,0,0,-0.156228909,0
Cr,6,0.01,Li599CrP99S500Cl94F6,-7.511470095,-1.243620877,-0.06,0.06,0.01,-1,-6.04,0.94,0.06,0.99,5,2.02,0,0,0.01,0,-17.41069939,-2.546814899,-4.005635262,-6.288835526,-21.9933548,-0.703408086,-5.293634892,-8.150785685,-14.39002562,-17.8700037,-5.795318604,17.41069939,15.38276199,-3.765297146,-0.377330132,-21.77342125,-3.517040429,-10.69314248,0,0,-0.178700037,0
Cr,2,0.02,Li303CrP49S250Cl48F2,-7.541780635,-1.244518257,-0.04,0.04,0,-1,-6.06,0.96,0.04,0.98,5,2.12,0,0,0,0.02,-17.49081632,-2.546814899,-4.005635262,-6.288835526,-21.9933548,-0.703408086,-5.293634892,-3.530821681,-8.430708647,-7.599887252,-3.814893723,17.49081632,15.43369829,-3.845409851,-0.251553421,-21.5534877,-3.517040429,-11.22250597,0,0,0,-0.076297874
Cr,3,0.02,Li302CrP49S250Cl47F3,-7.544869307,-1.247085836,-0.06,0.06,0,-1,-6.05,0.94,0.06,0.98,5,2.1,0,0,0,0.02,-17.49267091,-2.546814899,-4.005635262,-6.288835526,-21.9933548,-0.703408086,-5.293634892,-5.636079311,-12.16966057,-10.71466279,-5.79908371,17.49267091,15.40823014,-3.765297146,-0.377330132,-21.5534877,-3.517040429,-11.11663327,0,0,0,-0.115981674
Cr,4,0.02,Li301CrP49S250Cl46F4,-7.558557696,-1.243183832,-0.08,0.08,0.02,-1,-6.08,0.92,0.08,0.98,5,2.08,0,0,0.02,0,-17.49699706,-2.546814899,-4.005635262,-6.288835526,-21.9933548,-0.703408086,-5.293634892,-6.670814157,-13.01948071,-13.53046775,-5.94416678,17.49699706,15.48463459,-3.685184441,-0.503106842,-21.5534877,-3.517040429,-11.01076057,0,0,-0.270609355,0
Cr,5,0.02,Li300CrP49S250Cl45F5,-7.534280934,-1.239190943,-0.1,0.1,0.02,-1,-6.08,0.9,0.1,0.98,5,2.06,0,0,0.02,0,-17.50291359,-2.546814899,-4.005635262,-6.288835526,-21.9933548,-0.703408086,-5.293634892,-6.906645298,-13.62566185,-15.62289095,-5.907960236,17.50291359,15.48463459,-3.605071735,-0.628883553,-21.5534877,-3.517040429,-10.90488788,0,0,-0.312457819,0
Cr,6,0.02,Li299CrP49S250Cl44F6,-7.512480902,-1.235605411,-0.12,0.12,0.02,-1,-6.08,0.88,0.12,0.98,5,2.04,0,0,0.02,0,-17.50944719,-2.546814899,-4.005635262,-6.288835526,-21.9933548,-0.703408086,-5.293634892,-8.150785685,-14.39002562,-17.8700037,-5.795318604,17.50944719,15.48463459,-3.52495903,-0.754660263,-21.5534877,-3.517040429,-10.79901518,0,0,-0.357400074,0
Cr,2,0.03,Li609Cr3P97S500Cl94F6,-7.566209826,-1.242398986,-0.06,0.06,0,-1,-6.09,0.94,0.06,0.97,5,2.18,0,0,0,0.03,-17.57148017,-2.546814899,-4.005635262,-6.288835526,-21.9933548,-0.703408086,-5.293634892,-3.530821681,-8.430708647,-7.599887252,-3.814893723,17.57148017,15.51010274,-3.765297146,-0.377330132,-21.33355415,-3.517040429,-11.54012406,0,0,0,-0.114446812
Cr,3,0.03,Li606Cr3P97S500Cl91F9,-7.567223534,-1.245633503,-0.09,0.09,0,-1,-6.075,0.91,0.09,0.97,5,2.15,0,0,0,0.03,-17.57788135,-2.546814899,-4.005635262,-6.288835526,-21.9933548,-0.703408086,-5.293634892,-5.636079311,-12.16966057,-10.71466279,-5.79908371,17.57788135,15.47190051,-3.645128088,-0.565995197,-21.33355415,-3.517040429,-11.38131502,0,0,0,-0.173972511
Cr,4,0.03,Li603Cr3P97S500Cl88F12,-7.58398895,-1.239213881,-0.12,0.12,0.03,-1,-6.12,0.88,0.12,0.97,5,2.12,0,0,0.03,0,-17.58813775,-2.546814899,-4.005635262,-6.288835526,-21.9933548,-0.703408086,-5.293634892,-6.670814157,-13.01948071,-13.53046775,-5.94416678,17.58813775,15.58650718,-3.52495903,-0.754660263,-21.33355415,-3.517040429,-11.22250597,0,0,-0.405914032,0
Cr,5,0.03,Li600Cr3P97S500Cl85F15,-7.545473843,-1.232920563,-0.15,0.15,0.03,-1,-6.12,0.85,0.15,0.97,5,2.09,0,0,0.03,0,-17.59911251,-2.546814899,-4.005635262,-6.288835526,-21.9933548,-0.703408086,-5.293634892,-6.906645298,-13.62566185,-15.62289095,-5.907960236,17.59911251,15.58650718,-3.404789972,-0.943325329,-21.33355415,-3.517040429,-11.06369692,0,0,-0.468686728,0
Cr,6,0.03,Li597Cr3P97S500Cl82F18,-7.513607308,-1.227713612,-0.18,0.18,0.03,-1,-6.12,0.82,0.18,0.97,5,2.06,0,0,0.03,0,-17.60807939,-2.546814899,-4.005635262,-6.288835526,-21.9933548,-0.703408086,-5.293634892,-8.150785685,-14.39002562,-17.8700037,-5.795318604,17.60807939,15.58650718,-3.284620914,-1.131990395,-21.33355415,-3.517040429,-10.90488788,0,0,-0.536100111,0
Cr,2,0.04,Li153CrP24S125Cl23F2,-7.591834478,-1.24049583,-0.08,0.08,0,-1,-6.12,0.92,0.08,0.96,5,2.24,0,0,0,0.04,-17.65094856,-2.546814899,-4.005635262,-6.288835526,-21.9933548,-0.703408086,-5.293634892,-3.530821681,-8.430708647,-7.599887252,-3.814893723,17.65094856,15.58650718,-3.685184441,-0.503106842,-21.11362061,-3.517040429,-11.85774216,0,0,0,-0.152595749
Cr,3,0.04,Li152CrP24S125Cl22F3,-7.589643755,-1.244203894,-0.12,0.12,0,-1,-6.1,0.88,0.12,0.96,5,2.2,0,0,0,0.04,-17.6630258,-2.546814899,-4.005635262,-6.288835526,-21.9933548,-0.703408086,-5.293634892,-5.636079311,-12.16966057,-10.71466279,-5.79908371,17.6630258,15.53557088,-3.52495903,-0.754660263,-21.11362061,-3.517040429,-11.64599676,0,0,0,-0.231963348
Cr,4,0.04,Li151CrP24S125Cl21F4,-7.609560538,-1.235318269,-0.16,0.16,0.04,-1,-6.16,0.84,0.16,0.96,5,2.16,0,0,0.04,0,-17.6791381,-2.546814899,-4.005635262,-6.288835526,-21.9933548,-0.703408086,-5.293634892,-6.670814157,-13.01948071,-13.53046775,-5.94416678,17.6791381,15.68837978,-3.36473362,-1.006213684,-21.11362061,-3.517040429,-11.43425137,0,0,-0.54121871,0
Cr,5,0.04,Li150CrP24S125Cl20F5,-7.558958789,-1.227103699,-0.2,0.2,0.04,-1,-6.16,0.8,0.2,0.96,5,2.12,0,0,0.04,0,-17.69301939,-2.546814899,-4.005635262,-6.288835526,-21.9933548,-0.703408086,-5.293634892,-6.906645298,-13.62566185,-15.62289095,-5.907960236,17.69301939,15.68837978,-3.204508209,-1.257767105,-21.11362061,-3.517040429,-11.22250597,0,0,-0.624915638,0
Cr,6,0.04,Li149CrP24S125Cl19F6,-7.52099063,-1.220940037,-0.24,0.24,0.04,-1,-6.16,0.76,0.24,0.96,5,2.08,0,0,0.04,0,-17.70045467,-2.546814899,-4.005635262,-6.288835526,-21.9933548,-0.703408086,-5.293634892,-8.150785685,-14.39002562,-17.8700037,-5.795318604,17.70045467,15.68837978,-3.044282799,-1.509320526,-21.11362061,-3.517040429,-11.01076057,0,0,-0.714800148,0
Cr,2,0.05,Li123CrP19S100Cl18F2,-7.618127946,-1.238719991,-0.1,0.1,0,-1,-6.15,0.9,0.1,0.95,5,2.3,0,0,0,0.05,-17.72974814,-2.546814899,-4.005635262,-6.288835526,-21.9933548,-0.703408086,-5.293634892,-3.530821681,-8.430708647,-7.599887252,-3.814893723,17.72974814,15.66291163,-3.605071735,-0.628883553,-20.89368706,-3.517040429,-12.17536025,0,0,0,-0.190744686
Cr,3,0.05,Li122CrP19S100Cl17F3,-7.612240408,-1.24281476,-0.15,0.15,0,-1,-6.125,0.85,0.15,0.95,5,2.25,-6.94E-18,6.94E-18,0,0.05,-17.74799381,-2.546814899,-4.005635262,-6.288835526,-21.9933548,-0.703408086,-5.293634892,-5.636079311,-12.16966057,-10.71466279,-5.79908371,17.74799381,15.59924126,-3.404789972,-0.943325329,-20.89368706,-3.517040429,-11.91067851,3.91E-17,-8.44E-17,0,-0.289954185
Cr,4,0.05,Li121CrP19S100Cl16F4,-7.635789543,-1.231578958,-0.2,0.2,0.05,-1,-6.2,0.8,0.2,0.95,5,2.2,0,0,0.05,0,-17.76948103,-2.546814899,-4.005635262,-6.288835526,-21.9933548,-0.703408086,-5.293634892,-6.670814157,-13.01948071,-13.53046775,-5.94416678,17.76948103,15.79025237,-3.204508209,-1.257767105,-20.89368706,-3.517040429,-11.64599676,0,0,-0.676523387,0
Cr,5,0.05,Li120CrP19S100Cl15F5,-7.574563753,-1.221703831,-0.25,0.25,0.05,-1,-6.2,0.75,0.25,0.95,5,2.15,0,0,0.05,0,-17.78480625,-2.546814899,-4.005635262,-6.288835526,-21.9933548,-0.703408086,-5.293634892,-6.906645298,-13.62566185,-15.62289095,-5.907960236,17.78480625,15.79025237,-3.004226446,-1.572208881,-20.89368706,-3.517040429,-11.38131502,0,0,-0.781144547,0
Cr,6,0.05,Li119CrP19S100Cl14F6,-7.533432721,-1.215069794,-0.3,0.3,0.05,-1,-6.2,0.7,0.3,0.95,5,2.1,-6.94E-18,6.94E-18,0.05,0,-17.78777119,-2.546814899,-4.005635262,-6.288835526,-21.9933548,-0.703408086,-5.293634892,-8.150785685,-14.39002562,-17.8700037,-5.795318604,17.78777119,15.79025237,-2.803944683,-1.886650658,-20.89368706,-3.517040429,-11.11663327,5.66E-17,-9.99E-17,-0.893500185,0
Cr,2,0.06,Li309Cr3P47S250Cl44F6,-7.718538315,-1.236945243,-0.12,0.12,0.06,-1,-6.24,0.88,0.12,0.94,5,2.36,0,0,0.06,0,-17.80872153,-2.546814899,-4.005635262,-6.288835526,-21.9933548,-0.703408086,-5.293634892,-3.530821681,-8.430708647,-7.599887252,-3.814893723,17.80872153,15.89212497,-3.52495903,-0.754660263,-20.67375351,-3.517040429,-12.49297834,0,0,-0.455993235,0
Cr,3,0.06,Li306Cr3P47S250Cl41F9,-7.634419222,-1.241368979,-0.18,0.18,0,-1,-6.15,0.82,0.18,0.94,5,2.3,0,0,0,0.06,-17.83337967,-2.546814899,-4.005635262,-6.288835526,-21.9933548,-0.703408086,-5.293634892,-5.636079311,-12.16966057,-10.71466279,-5.79908371,17.83337967,15.66291163,-3.284620914,-1.131990395,-20.67375351,-3.517040429,-12.17536025,0,0,0,-0.347945023
Cr,4,0.06,Li303Cr3P47S250Cl38F12,-7.661882186,-1.227865735,-0.24,0.24,0.06,-1,-6.24,0.76,0.24,0.94,5,2.24,0,0,0.06,0,-17.85996033,-2.546814899,-4.005635262,-6.288835526,-21.9933548,-0.703408086,-5.293634892,-6.670814157,-13.01948071,-13.53046775,-5.94416678,17.85996033,15.89212497,-3.044282799,-1.509320526,-20.67375351,-3.517040429,-11.85774216,0,0,-0.811828065,0
Cr,5,0.06,Li300Cr3P47S250Cl35F15,-7.59142709,-1.216574854,-0.3,0.3,0.06,-1,-6.24,0.7,0.3,0.94,5,2.18,0,0,0.06,0,-17.87533474,-2.546814899,-4.005635262,-6.288835526,-21.9933548,-0.703408086,-5.293634892,-6.906645298,-13.62566185,-15.62289095,-5.907960236,17.87533474,15.89212497,-2.803944683,-1.886650658,-20.67375351,-3.517040429,-11.54012406,0,0,-0.937373457,0
Cr,6,0.06,Li297Cr3P47S250Cl32F18,-7.549921114,-1.209923256,-0.36,0.36,0.06,-1,-6.24,0.64,0.36,0.94,5,2.12,0,0,0.06,0,-17.8710414,-2.546814899,-4.005635262,-6.288835526,-21.9933548,-0.703408086,-5.293634892,-8.150785685,-14.39002562,-17.8700037,-5.795318604,17.8710414,15.89212497,-2.563606567,-2.263980789,-20.67375351,-3.517040429,-11.22250597,0,0,-1.072200222,0
Cr,2,0.07,Li621Cr7P93S500Cl86F14,-7.755932117,-1.235021038,-0.14,0.14,0.07,-1,-6.28,0.86,0.14,0.93,5,2.42,0,0,0.07,0,-17.88880255,-2.546814899,-4.005635262,-6.288835526,-21.9933548,-0.703408086,-5.293634892,-3.530821681,-8.430708647,-7.599887252,-3.814893723,17.88880255,15.99399757,-3.444846325,-0.880436974,-20.45381996,-3.517040429,-12.81059644,0,0,-0.531992108,0
Cr,3,0.07,Li614Cr7P93S500Cl79F21,-7.655619889,-1.2397765,-0.21,0.21,0,-1,-6.175,0.79,0.21,0.93,5,2.35,-1.39E-17,1.39E-17,0,0.07,-17.91974367,-2.546814899,-4.005635262,-6.288835526,-21.9933548,-0.703408086,-5.293634892,-5.636079311,-12.16966057,-10.71466279,-5.79908371,17.91974367,15.726582,-3.164451857,-1.32065546,-20.45381996,-3.517040429,-12.440042,7.82E-17,-1.69E-16,0,-0.40593586
Cr,4,0.07,Li607Cr7P93S500Cl72F28,-7.68771378,-1.224158245,-0.28,0.28,0.07,-1,-6.28,0.72,0.28,0.93,5,2.28,0,0,0.07,0,-17.95070068,-2.546814899,-4.005635262,-6.288835526,-21.9933548,-0.703408086,-5.293634892,-6.670814157,-13.01948071,-13.53046775,-5.94416678,17.95070068,15.99399757,-2.884057388,-1.760873947,-20.45381996,-3.517040429,-12.06948755,0,0,-0.947132742,0
Cr,5,0.07,Li600Cr7P93S500Cl65F35,-7.60972082,-1.211738984,-0.35,0.35,0.07,-1,-6.28,0.65,0.35,0.93,5,2.21,-1.39E-17,1.39E-17,0.07,0,-17.96443284,-2.546814899,-4.005635262,-6.288835526,-21.9933548,-0.703408086,-5.293634892,-6.906645298,-13.62566185,-15.62289095,-5.907960236,17.96443284,15.99399757,-2.60366292,-2.201092434,-20.45381996,-3.517040429,-11.69893311,9.58E-17,-1.89E-16,-1.093602366,0
Cr,6,0.07,Li593Cr7P93S500Cl58F42,-7.57347097,-1.205966715,-0.42,0.42,0.07,-1,-6.28,0.58,0.42,0.93,5,2.14,-1.39E-17,1.39E-17,0.07,0,-17.94725015,-2.546814899,-4.005635262,-6.288835526,-21.9933548,-0.703408086,-5.293634892,-8.150785685,-14.39002562,-17.8700037,-5.795318604,17.94725015,15.99399757,-2.323268452,-2.641310921,-20.45381996,-3.517040429,-11.32837867,1.13E-16,-2.00E-16,-1.250900259,0
Cr,2,0.08,Li156Cr2P23S125Cl21F4,-7.79153325,-1.23283754,-0.16,0.16,0.08,-1,-6.32,0.84,0.16,0.92,5,2.48,0,0,0.08,0,-17.97067625,-2.546814899,-4.005635262,-6.288835526,-21.9933548,-0.703408086,-5.293634892,-3.530821681,-8.430708647,-7.599887252,-3.814893723,17.97067625,16.09587016,-3.36473362,-1.006213684,-20.23388641,-3.517040429,-13.12821453,0,0,-0.60799098,0
Cr,3,0.08,Li154Cr2P23S125Cl19F6,-7.675799533,-1.238032183,-0.24,0.24,0,-1,-6.2,0.76,0.24,0.92,5,2.4,0,0,0,0.08,-18.0071287,-2.546814899,-4.005635262,-6.288835526,-21.9933548,-0.703408086,-5.293634892,-5.636079311,-12.16966057,-10.71466279,-5.79908371,18.0071287,15.79025237,-3.044282799,-1.509320526,-20.23388641,-3.517040429,-12.70472374,0,0,0,-0.463926697
Cr,4,0.08,Li152Cr2P23S125Cl17F8,-7.713413414,-1.220476806,-0.32,0.32,0.08,-1,-6.32,0.68,0.32,0.92,5,2.32,0,0,0.08,0,-18.04157298,-2.546814899,-4.005635262,-6.288835526,-21.9933548,-0.703408086,-5.293634892,-6.670814157,-13.01948071,-13.53046775,-5.94416678,18.04157298,16.09587016,-2.723831978,-2.012427368,-20.23388641,-3.517040429,-12.28123295,0,0,-1.08243742,0
Cr,5,0.08,Li150Cr2P23S125Cl15F10,-7.630766853,-1.207399819,-0.4,0.4,0.08,-1,-6.32,0.6,0.4,0.92,5,2.24,0,0,0.08,0,-18.05077863,-2.546814899,-4.005635262,-6.288835526,-21.9933548,-0.703408086,-5.293634892,-6.906645298,-13.62566185,-15.62289095,-5.907960236,18.05077863,16.09587016,-2.403381157,-2.51553421,-20.23388641,-3.517040429,-11.85774216,0,0,-1.249831276,0
Cr,6,0.08,Li148Cr2P23S125Cl13F12,-7.610256251,-1.20415447,-0.48,0.48,0.08,-1,-6.32,0.52,0.48,0.92,5,2.16,0,0,0.08,0,-18.01022348,-2.546814899,-4.005635262,-6.288835526,-21.9933548,-0.703408086,-5.293634892,-8.150785685,-14.39002562,-17.8700037,-5.795318604,18.01022348,16.09587016,-2.082930336,-3.018641052,-20.23388641,-3.517040429,-11.43425137,0,0,-1.429600296,0
Cr,2,0.09,Li627Cr9P91S500Cl82F18,-7.825117191,-1.230364338,-0.18,0.18,0.09,-1,-6.36,0.82,0.18,0.91,5,2.54,0,0,0.09,0,-18.05456713,-2.546814899,-4.005635262,-6.288835526,-21.9933548,-0.703408086,-5.293634892,-3.530821681,-8.430708647,-7.599887252,-3.814893723,18.05456713,16.19774276,-3.284620914,-1.131990395,-20.01395287,-3.517040429,-13.44583262,0,0,-0.683989853,0
Cr,3,0.09,Li618Cr9P91S500Cl73F27,-7.695018739,-1.236147589,-0.27,0.27,0,-1,-6.225,0.73,0.27,0.91,5,2.45,1.39E-17,-1.39E-17,0,0.09,-18.09547416,-2.546814899,-4.005635262,-6.288835526,-21.9933548,-0.703408086,-5.293634892,-5.636079311,-12.16966057,-10.71466279,-5.79908371,18.09547416,15.85392275,-2.924113741,-1.697985592,-20.01395287,-3.517040429,-12.96940548,-7.82E-17,1.69E-16,0,-0.521917534
Cr,4,0.09,Li609Cr9P91S500Cl64F36,-7.738745428,-1.216783872,-0.36,0.36,0.09,-1,-6.36,0.64,0.36,0.91,5,2.36,0,0,0.09,0,-18.13281291,-2.546814899,-4.005635262,-6.288835526,-21.9933548,-0.703408086,-5.293634892,-6.670814157,-13.01948071,-13.53046775,-5.94416678,18.13281291,16.19774276,-2.563606567,-2.263980789,-20.01395287,-3.517040429,-12.49297834,0,0,-1.217742097,0
Cr,5,0.09,Li600Cr9P91S500Cl55F45,-7.659691667,-1.204354036,-0.45,0.45,0.09,-1,-6.36,0.55,0.45,0.91,5,2.27,0,0,0.09,0,-18.12924564,-2.546814899,-4.005635262,-6.288835526,-21.9933548,-0.703408086,-5.293634892,-6.906645298,-13.62566185,-15.62289095,-5.907960236,18.12924564,16.19774276,-2.203099394,-2.829975986,-20.01395287,-3.517040429,-12.0165512,0,0,-1.406060185,0
Cr,6,0.09,Li591Cr9P91S500Cl46F54,-7.640987605,-1.201413145,-0.54,0.54,0.09,-1,-6.36,0.46,0.54,0.91,5,2.18,1.39E-17,-1.39E-17,0.09,0,-18.07925073,-2.546814899,-4.005635262,-6.288835526,-21.9933548,-0.703408086,-5.293634892,-8.150785685,-14.39002562,-17.8700037,-5.795318604,18.07925073,16.19774276,-1.84259222,-3.395971184,-20.01395287,-3.517040429,-11.54012406,-1.13E-16,2.00E-16,-1.608300333,0
Cr,2,0.1,Li63CrP9S50Cl8F2,-7.856890324,-1.227639113,-0.2,0.2,0.1,-1,-6.4,0.8,0.2,0.9,5,2.6,0,0,0.1,0,-18.14026883,-2.546814899,-4.005635262,-6.288835526,-21.9933548,-0.703408086,-5.293634892,-3.530821681,-8.430708647,-7.599887252,-3.814893723,18.14026883,16.29961535,-3.204508209,-1.257767105,-19.79401932,-3.517040429,-13.76345072,0,0,-0.759988725,0
Cr,3,0.1,Li62CrP9S50Cl7F3,-7.713047373,-1.23408758,-0.3,0.3,0,-1,-6.25,0.7,0.3,0.9,5,2.5,-1.39E-17,1.39E-17,0,0.1,-18.18501019,-2.546814899,-4.005635262,-6.288835526,-21.9933548,-0.703408086,-5.293634892,-5.636079311,-12.16966057,-10.71466279,-5.79908371,18.18501019,15.91759312,-2.803944683,-1.886650658,-19.79401932,-3.517040429,-13.23408723,7.82E-17,-1.69E-16,0,-0.579908371
Cr,4,0.1,Li61CrP9S50Cl6F4,-7.764733687,-1.213239639,-0.4,0.4,0.1,-1,-6.4,0.6,0.4,0.9,5,2.4,0,0,0.1,0,-18.22339659,-2.546814899,-4.005635262,-6.288835526,-21.9933548,-0.703408086,-5.293634892,-6.670814157,-13.01948071,-13.53046775,-5.94416678,18.22339659,16.29961535,-2.403381157,-2.51553421,-19.79401932,-3.517040429,-12.70472374,0,0,-1.353046775,0
Cr,5,0.1,Li60CrP9S50Cl5F5,-7.693327633,-1.202082443,-0.5,0.5,0.1,-1,-6.4,0.5,0.5,0.9,5,2.3,0,0,0.1,0,-18.2030015,-2.546814899,-4.005635262,-6.288835526,-21.9933548,-0.703408086,-5.293634892,-6.906645298,-13.62566185,-15.62289095,-5.907960236,18.2030015,16.29961535,-2.002817631,-3.144417763,-19.79401932,-3.517040429,-12.17536025,0,0,-1.562289095,0
Cr,6,0.1,Li59CrP9S50Cl4F6,-7.656071201,-1.196261125,-0.6,0.6,0.1,-1,-6.4,0.4,0.6,0.9,5,2.2,-1.39E-17,1.39E-17,0.1,0,-18.16392574,-2.546814899,-4.005635262,-6.288835526,-21.9933548,-0.703408086,-5.293634892,-8.150785685,-14.39002562,-17.8700037,-5.795318604,18.16392574,16.29961535,-1.602254105,-3.773301315,-19.79401932,-3.517040429,-11.64599676,1.13E-16,-2.00E-16,-1.78700037,0
Cs,1,0.01,Li604CsP99S500Cl99F,-7.190456766,-1.190472974,-0.02,0.01,0,-1,-6.04,0.98,0.01,0.99,5,2.08,0.01,0,0,0,-17.75958136,-2.546814899,-4.005635262,-6.288835526,-21.9933548,-0.703408086,-5.293634892,-4.316694736,-5.69622612,-4.422253489,-1.667453885,17.75958136,15.38276199,-3.925522556,-0.062888355,-21.77342125,-3.517040429,-11.01076057,-0.043166947,0,0,0
Cs,1,0.02,Li304CsP49S250Cl49F,-7.223250064,-1.18803455,-0.04,0.02,0,-1,-6.08,0.96,0.02,0.98,5,2.16,0.02,0,0,0,-17.8544153,-2.546814899,-4.005635262,-6.288835526,-21.9933548,-0.703408086,-5.293634892,-4.316694736,-5.69622612,-4.422253489,-1.667453885,17.8544153,15.48463459,-3.845409851,-0.125776711,-21.5534877,-3.517040429,-11.43425137,-0.086333895,0,0,0
Cs,1,0.03,Li612Cs3P97S500Cl97F3,-7.258477273,-1.186025698,-0.06,0.03,0,-1,-6.12,0.94,0.03,0.97,5,2.24,0.03,0,0,0,-17.94681534,-2.546814899,-4.005635262,-6.288835526,-21.9933548,-0.703408086,-5.293634892,-4.316694736,-5.69622612,-4.422253489,-1.667453885,17.94681534,15.58650718,-3.765297146,-0.188665066,-21.33355415,-3.517040429,-11.85774216,-0.129500842,0,0,0
Cs,1,0.04,Li154CsP24S125Cl24F,-7.295984069,-1.184412998,-0.08,0.04,0,-1,-6.16,0.92,0.04,0.96,5,2.32,0.04,0,0,0,-18.03693579,-2.546814899,-4.005635262,-6.288835526,-21.9933548,-0.703408086,-5.293634892,-4.316694736,-5.69622612,-4.422253489,-1.667453885,18.03693579,15.68837978,-3.685184441,-0.251553421,-21.11362061,-3.517040429,-12.28123295,-0.172667789,0,0,0
Cs,1,0.05,Li124CsP19S100Cl19F,-7.335305535,-1.183113796,-0.1,0.05,0,-1,-6.2,0.9,0.05,0.95,5,2.4,0.05,0,0,0,-18.12524157,-2.546814899,-4.005635262,-6.288835526,-21.9933548,-0.703408086,-5.293634892,-4.316694736,-5.69622612,-4.422253489,-1.667453885,18.12524157,15.79025237,-3.605071735,-0.314441776,-20.89368706,-3.517040429,-12.70472374,-0.215834737,0,0,0
Cs,1,0.06,Li312Cs3P47S250Cl47F3,-7.375797226,-1.182018786,-0.12,0.06,0,-1,-6.24,0.88,0.06,0.94,5,2.48,0.06,0,0,0,-18.21237712,-2.546814899,-4.005635262,-6.288835526,-21.9933548,-0.703408086,-5.293634892,-4.316694736,-5.69622612,-4.422253489,-1.667453885,18.21237712,15.89212497,-3.52495903,-0.377330132,-20.67375351,-3.517040429,-13.12821453,-0.259001684,0,0,0
Cs,1,0.07,Li628Cs7P93S500Cl93F7,-7.416787689,-1.181017148,-0.14,0.07,0,-1,-6.28,0.86,0.07,0.93,5,2.56,0.07,0,0,0,-18.2990139,-2.546814899,-4.005635262,-6.288835526,-21.9933548,-0.703408086,-5.293634892,-4.316694736,-5.69622612,-4.422253489,-1.667453885,18.2990139,15.99399757,-3.444846325,-0.440218487,-20.45381996,-3.517040429,-13.55170532,-0.302168632,0,0,0
Cs,1,0.08,Li158Cs2P23S125Cl23F2,-7.458149809,-1.180086995,-0.16,0.08,0,-1,-6.32,0.84,0.08,0.92,5,2.64,0.08,0,0,0,-18.38527903,-2.546814899,-4.005635262,-6.288835526,-21.9933548,-0.703408086,-5.293634892,-4.316694736,-5.69622612,-4.422253489,-1.667453885,18.38527903,16.09587016,-3.36473362,-0.503106842,-20.23388641,-3.517040429,-13.97519611,-0.345335579,0,0,0
Cs,1,0.09,Li636Cs9P91S500Cl91F9,-7.500611706,-1.179341463,-0.18,0.09,0,-1,-6.36,0.82,0.09,0.91,5,2.72,0.09,0,0,0,-18.47044437,-2.546814899,-4.005635262,-6.288835526,-21.9933548,-0.703408086,-5.293634892,-4.316694736,-5.69622612,-4.422253489,-1.667453885,18.47044437,16.19774276,-3.284620914,-0.565995197,-20.01395287,-3.517040429,-14.3986869,-0.388502526,0,0,0
Cs,1,0.1,Li64CsP9S50Cl9F,-7.544750419,-1.178867253,-0.2,0.1,0,-1,-6.4,0.8,0.1,0.9,5,2.8,0.1,0,0,0,-18.55393291,-2.546814899,-4.005635262,-6.288835526,-21.9933548,-0.703408086,-5.293634892,-4.316694736,-5.69622612,-4.422253489,-1.667453885,18.55393291,16.29961535,-3.204508209,-0.628883553,-19.79401932,-3.517040429,-14.8221777,-0.431669474,0,0,0
Cu,1,0.01,Li604CuP99S500Cl99F,-7.810565117,-1.29313992,-0.01,0.01,0.01,-1,-6.04,0.99,0.01,0.99,5,2.07,0,0,0.01,0,-17.11462381,-2.546814899,-4.005635262,-6.288835526,-21.9933548,-0.703408086,-5.293634892,-0.987068892,-2.806562185,-3.119775295,-0.951688349,17.11462381,15.38276199,-3.965578909,-0.062888355,-21.77342125,-3.517040429,-10.95782423,0,0,-0.031197753,0
Cu,2,0.01,Li603CuP99S500Cl98F2,-7.795802036,-1.292836159,-0.02,0.02,0,-1,-6.03,0.98,0.02,0.99,5,2.06,0,0,0,0.01,-17.11209725,-2.546814899,-4.005635262,-6.288835526,-21.9933548,-0.703408086,-5.293634892,-1.91628617,-5.37682128,-5.373864174,-1.854430318,17.11209725,15.35729384,-3.925522556,-0.125776711,-21.77342125,-3.517040429,-10.90488788,0,0,0,-0.018544303
Cu,1,0.02,Li304CuP49S250Cl49F,-7.827165922,-1.287362816,-0.02,0.02,0.02,-1,-6.08,0.98,0.02,0.98,5,2.14,0,0,0.02,0,-17.20080106,-2.546814899,-4.005635262,-6.288835526,-21.9933548,-0.703408086,-5.293634892,-0.987068892,-2.806562185,-3.119775295,-0.951688349,17.20080106,15.48463459,-3.925522556,-0.125776711,-21.5534877,-3.517040429,-11.32837867,0,0,-0.062395506,0
Cu,2,0.02,Li303CuP49S250Cl48F2,-7.796477913,-1.28654751,-0.04,0.04,0,-1,-6.06,0.96,0.04,0.98,5,2.12,0,0,0,0.02,-17.19690978,-2.546814899,-4.005635262,-6.288835526,-21.9933548,-0.703408086,-5.293634892,-1.91628617,-5.37682128,-5.373864174,-1.854430318,17.19690978,15.43369829,-3.845409851,-0.251553421,-21.5534877,-3.517040429,-11.22250597,0,0,0,-0.037088606
Cu,1,0.03,Li612Cu3P97S500Cl97F3,-7.841012945,-1.281211266,-0.03,0.03,0.03,-1,-6.12,0.97,0.03,0.97,5,2.21,0,0,0.03,0,-17.28973209,-2.546814899,-4.005635262,-6.288835526,-21.9933548,-0.703408086,-5.293634892,-0.987068892,-2.806562185,-3.119775295,-0.951688349,17.28973209,15.58650718,-3.885466204,-0.188665066,-21.33355415,-3.517040429,-11.69893311,0,0,-0.093593259,0
Cu,2,0.03,Li609Cu3P97S500Cl94F6,-7.793264049,-1.27968211,-0.06,0.06,0,-1,-6.09,0.94,0.06,0.97,5,2.18,0,0,0,0.03,-17.28561205,-2.546814899,-4.005635262,-6.288835526,-21.9933548,-0.703408086,-5.293634892,-1.91628617,-5.37682128,-5.373864174,-1.854430318,17.28561205,15.51010274,-3.765297146,-0.377330132,-21.33355415,-3.517040429,-11.54012406,0,0,0,-0.05563291
Cu,1,0.04,Li154CuP24S125Cl24F,-7.852843748,-1.274812297,-0.04,0.04,0.04,-1,-6.16,0.96,0.04,0.96,5,2.28,0,0,0.04,0,-17.38067935,-2.546814899,-4.005635262,-6.288835526,-21.9933548,-0.703408086,-5.293634892,-0.987068892,-2.806562185,-3.119775295,-0.951688349,17.38067935,15.68837978,-3.845409851,-0.251553421,-21.11362061,-3.517040429,-12.06948755,0,0,-0.124791012,0
Cu,2,0.04,Li153CuP24S125Cl23F2,-7.786472964,-1.272299504,-0.08,0.08,0,-1,-6.12,0.92,0.08,0.96,5,2.24,0,0,0,0.04,-17.37789154,-2.546814899,-4.005635262,-6.288835526,-21.9933548,-0.703408086,-5.293634892,-1.91628617,-5.37682128,-5.373864174,-1.854430318,17.37789154,15.58650718,-3.685184441,-0.503106842,-21.11362061,-3.517040429,-11.85774216,0,0,0,-0.074177213
Cu,1,0.05,Li124CuP19S100Cl19F,-7.863483822,-1.268303842,-0.05,0.05,0.05,-1,-6.2,0.95,0.05,0.95,5,2.35,0,0,0.05,0,-17.47281733,-2.546814899,-4.005635262,-6.288835526,-21.9933548,-0.703408086,-5.293634892,-0.987068892,-2.806562185,-3.119775295,-0.951688349,17.47281733,15.79025237,-3.805353498,-0.314441776,-20.89368706,-3.517040429,-12.440042,0,0,-0.155988765,0
Cu,2,0.05,Li123CuP19S100Cl18F2,-7.776572327,-1.264483305,-0.1,0.1,0,-1,-6.15,0.9,0.1,0.95,5,2.3,0,0,0,0.05,-17.47328058,-2.546814899,-4.005635262,-6.288835526,-21.9933548,-0.703408086,-5.293634892,-1.91628617,-5.37682128,-5.373864174,-1.854430318,17.47328058,15.66291163,-3.605071735,-0.628883553,-20.89368706,-3.517040429,-12.17536025,0,0,0,-0.092721516
Cu,1,0.06,Li312Cu3P47S250Cl47F3,-7.873464243,-1.261773116,-0.06,0.06,0.06,-1,-6.24,0.94,0.06,0.94,5,2.42,0,0,0.06,0,-17.56561496,-2.546814899,-4.005635262,-6.288835526,-21.9933548,-0.703408086,-5.293634892,-0.987068892,-2.806562185,-3.119775295,-0.951688349,17.56561496,15.89212497,-3.765297146,-0.377330132,-20.67375351,-3.517040429,-12.81059644,0,0,-0.187186518,0
Cu,2,0.06,Li309Cu3P47S250Cl44F6,-7.764202398,-1.25634343,-0.12,0.12,0,-1,-6.18,0.88,0.12,0.94,5,2.36,0,0,0,0.06,-17.57113892,-2.546814899,-4.005635262,-6.288835526,-21.9933548,-0.703408086,-5.293634892,-1.91628617,-5.37682128,-5.373864174,-1.854430318,17.57113892,15.73931608,-3.52495903,-0.754660263,-20.67375351,-3.517040429,-12.49297834,0,0,0,-0.111265819
Cu,1,0.07,Li628Cu7P93S500Cl93F7,-7.883010743,-1.255256488,-0.07,0.07,0.07,-1,-6.28,0.93,0.07,0.93,5,2.49,0,0,0.07,0,-17.65884651,-2.546814899,-4.005635262,-6.288835526,-21.9933548,-0.703408086,-5.293634892,-0.987068892,-2.806562185,-3.119775295,-0.951688349,17.65884651,15.99399757,-3.725240793,-0.440218487,-20.45381996,-3.517040429,-13.18115088,0,0,-0.218384271,0
Cu,2,0.07,Li621Cu7P93S500Cl86F14,-7.750088184,-1.248001318,-0.14,0.14,0,-1,-6.21,0.86,0.14,0.93,5,2.42,0,0,0,0.07,-17.67074154,-2.546814899,-4.005635262,-6.288835526,-21.9933548,-0.703408086,-5.293634892,-1.91628617,-5.37682128,-5.373864174,-1.854430318,17.67074154,15.81572052,-3.444846325,-0.880436974,-20.45381996,-3.517040429,-12.81059644,0,0,0,-0.129810122
Cu,1,0.08,Li158Cu2P23S125Cl23F2,-7.892420096,-1.248800648,-0.08,0.08,0.08,-1,-6.32,0.92,0.08,0.92,5,2.56,0,0,0.08,0,-17.75221521,-2.546814899,-4.005635262,-6.288835526,-21.9933548,-0.703408086,-5.293634892,-0.987068892,-2.806562185,-3.119775295,-0.951688349,17.75221521,16.09587016,-3.685184441,-0.503106842,-20.23388641,-3.517040429,-13.55170532,0,0,-0.249582024,0
Cu,2,0.08,Li156Cu2P23S125Cl21F4,-7.734992983,-1.239582209,-0.16,0.16,0,-1,-6.24,0.84,0.16,0.92,5,2.48,0,0,0,0.08,-17.77132515,-2.546814899,-4.005635262,-6.288835526,-21.9933548,-0.703408086,-5.293634892,-1.91628617,-5.37682128,-5.373864174,-1.854430318,17.77132515,15.89212497,-3.36473362,-1.006213684,-20.23388641,-3.517040429,-13.12821453,0,0,0,-0.148354425
Cu,1,0.09,Li636Cu9P91S500Cl91F9,-7.902265,-1.242494497,-0.09,0.09,0.09,-1,-6.36,0.91,0.09,0.91,5,2.63,0,0,0.09,0,-17.84514836,-2.546814899,-4.005635262,-6.288835526,-21.9933548,-0.703408086,-5.293634892,-0.987068892,-2.806562185,-3.119775295,-0.951688349,17.84514836,16.19774276,-3.645128088,-0.565995197,-20.01395287,-3.517040429,-13.92225976,0,0,-0.280779777,0
Cu,2,0.09,Li627Cu9P91S500Cl82F18,-7.719628571,-1.231200729,-0.18,0.18,0,-1,-6.27,0.82,0.18,0.91,5,2.54,0,0,0,0.09,-17.87217797,-2.546814899,-4.005635262,-6.288835526,-21.9933548,-0.703408086,-5.293634892,-1.91628617,-5.37682128,-5.373864174,-1.854430318,17.87217797,15.96852942,-3.284620914,-1.131990395,-20.01395287,-3.517040429,-13.44583262,0,0,0,-0.166898729
Cu,1,0.1,Li64CuP9S50Cl9F,-7.912879005,-1.236387345,-0.1,0.1,0.1,-1,-6.4,0.9,0.1,0.9,5,2.7,0,0,0.1,0,-17.93731241,-2.546814899,-4.005635262,-6.288835526,-21.9933548,-0.703408086,-5.293634892,-0.987068892,-2.806562185,-3.119775295,-0.951688349,17.93731241,16.29961535,-3.605071735,-0.628883553,-19.79401932,-3.517040429,-14.29281421,0,0,-0.31197753,0
Cu,2,0.1,Li63CuP9S50Cl8F2,-7.704697348,-1.222967833,-0.2,0.2,0,-1,-6.3,0.8,0.2,0.9,5,2.6,0,0,0,0.1,-17.9725976,-2.546814899,-4.005635262,-6.288835526,-21.9933548,-0.703408086,-5.293634892,-1.91628617,-5.37682128,-5.373864174,-1.854430318,17.9725976,16.04493386,-3.204508209,-1.257767105,-19.79401932,-3.517040429,-13.76345072,0,0,0,-0.185443032
Db,5,0.01,Li600DbP99S500Cl95F5,-7.341895731,-1.215545651,-0.05,0.05,0.01,-1,-6.04,0.95,0.05,0.99,5,2.03,0,0,0.01,0,-17.60791492,-2.546814899,-4.005635262,-6.288835526,-21.9933548,-0.703408086,-5.293634892,-5.567172289,-14.5127449,-17.62368631,-4.751305342,17.60791492,15.38276199,-3.805353498,-0.314441776,-21.77342125,-3.517040429,-10.74607883,0,0,-0.176236863,0
Db,5,0.02,Li300DbP49S250Cl45F5,-7.362002143,-1.210855616,-0.1,0.1,0.02,-1,-6.08,0.9,0.1,0.98,5,2.06,0,0,0.02,0,-17.71520829,-2.546814899,-4.005635262,-6.288835526,-21.9933548,-0.703408086,-5.293634892,-5.567172289,-14.5127449,-17.62368631,-4.751305342,17.71520829,15.48463459,-3.605071735,-0.628883553,-21.5534877,-3.517040429,-10.90488788,0,0,-0.352473726,0
Db,5,0.03,Li600Db3P97S500Cl85F15,-7.372989998,-1.204736928,-0.15,0.15,0.03,-1,-6.12,0.85,0.15,0.97,5,2.09,0,0,0.03,0,-17.83162022,-2.546814899,-4.005635262,-6.288835526,-21.9933548,-0.703408086,-5.293634892,-5.567172289,-14.5127449,-17.62368631,-4.751305342,17.83162022,15.58650718,-3.404789972,-0.943325329,-21.33355415,-3.517040429,-11.06369692,0,0,-0.528710589,0
Db,5,0.04,Li150DbP24S125Cl20F5,-7.378214441,-1.197762085,-0.2,0.2,0.04,-1,-6.16,0.8,0.2,0.96,5,2.12,0,0,0.04,0,-17.95379555,-2.546814899,-4.005635262,-6.288835526,-21.9933548,-0.703408086,-5.293634892,-5.567172289,-14.5127449,-17.62368631,-4.751305342,17.95379555,15.68837978,-3.204508209,-1.257767105,-21.11362061,-3.517040429,-11.22250597,0,0,-0.704947453,0
Db,5,0.05,Li120DbP19S100Cl15F5,-7.379978358,-1.19031909,-0.25,0.25,0.05,-1,-6.2,0.75,0.25,0.95,5,2.15,0,0,0.05,0,-18.07943141,-2.546814899,-4.005635262,-6.288835526,-21.9933548,-0.703408086,-5.293634892,-5.567172289,-14.5127449,-17.62368631,-4.751305342,18.07943141,15.79025237,-3.004226446,-1.572208881,-20.89368706,-3.517040429,-11.38131502,0,0,-0.881184316,0
Db,5,0.06,Li300Db3P47S250Cl35F15,-7.381072795,-1.18286423,-0.3,0.3,0.06,-1,-6.24,0.7,0.3,0.94,5,2.18,0,0,0.06,0,-18.20573676,-2.546814899,-4.005635262,-6.288835526,-21.9933548,-0.703408086,-5.293634892,-5.567172289,-14.5127449,-17.62368631,-4.751305342,18.20573676,15.89212497,-2.803944683,-1.886650658,-20.67375351,-3.517040429,-11.54012406,0,0,-1.057421179,0
Db,5,0.07,Li600Db7P93S500Cl65F35,-7.383999003,-1.17579602,-0.35,0.35,0.07,-1,-6.28,0.65,0.35,0.93,5,2.21,-1.39E-17,1.39E-17,0.07,0,-18.33021033,-2.546814899,-4.005635262,-6.288835526,-21.9933548,-0.703408086,-5.293634892,-5.567172289,-14.5127449,-17.62368631,-4.751305342,18.33021033,15.99399757,-2.60366292,-2.201092434,-20.45381996,-3.517040429,-11.69893311,7.73E-17,-2.01E-16,-1.233658042,0
Db,5,0.08,Li150Db2P23S125Cl15F10,-7.390376438,-1.16936336,-0.4,0.4,0.08,-1,-6.32,0.6,0.4,0.92,5,2.24,0,0,0.08,0,-18.45123267,-2.546814899,-4.005635262,-6.288835526,-21.9933548,-0.703408086,-5.293634892,-5.567172289,-14.5127449,-17.62368631,-4.751305342,18.45123267,16.09587016,-2.403381157,-2.51553421,-20.23388641,-3.517040429,-11.85774216,0,0,-1.409894905,0
Db,5,0.09,Li600Db9P91S500Cl55F45,-7.402134504,-1.163857626,-0.45,0.45,0.09,-1,-6.36,0.55,0.45,0.91,5,2.27,0,0,0.09,0,-18.56687438,-2.546814899,-4.005635262,-6.288835526,-21.9933548,-0.703408086,-5.293634892,-5.567172289,-14.5127449,-17.62368631,-4.751305342,18.56687438,16.19774276,-2.203099394,-2.829975986,-20.01395287,-3.517040429,-12.0165512,0,0,-1.586131768,0
Db,5,0.1,Li60DbP9S50Cl5F5,-7.415653053,-1.15869579,-0.5,0.5,0.1,-1,-6.4,0.5,0.5,0.9,5,2.3,0,0,0.1,0,-18.68075562,-2.546814899,-4.005635262,-6.288835526,-21.9933548,-0.703408086,-5.293634892,-5.567172289,-14.5127449,-17.62368631,-4.751305342,18.68075562,16.29961535,-2.002817631,-3.144417763,-19.79401932,-3.517040429,-12.17536025,0,0,-1.762368631,0
Ds,4,0.01,Li601DsP99S500Cl96F4,-7.508247188,-1.247217141,-0.04,0.04,0,-1,-6.02,0.96,0.04,0.99,5,2.04,0,0,0,0.01,-17.39529606,-2.546814899,-4.005635262,-6.288835526,-21.9933548,-0.703408086,-5.293634892,-5.396772623,-12.87201405,-12.13601089,-4.892880678,17.39529606,15.33182569,-3.845409851,-0.251553421,-21.77342125,-3.517040429,-10.79901518,0,0,0,-0.048928807
Ds,4,0.02,Li301DsP49S250Cl46F4,-7.508928419,-1.243200069,-0.08,0.08,0,-1,-6.04,0.92,0.08,0.98,5,2.08,0,0,0,0.02,-17.47574719,-2.546814899,-4.005635262,-6.288835526,-21.9933548,-0.703408086,-5.293634892,-5.396772623,-12.87201405,-12.13601089,-4.892880678,17.47574719,15.38276199,-3.685184441,-0.503106842,-21.5534877,-3.517040429,-11.01076057,0,0,0,-0.097857614
Ds,4,0.03,Li603Ds3P97S500Cl88F12,-7.504088708,-1.238298467,-0.12,0.12,0,-1,-6.06,0.88,0.12,0.97,5,2.12,0,0,0,0.03,-17.56171927,-2.546814899,-4.005635262,-6.288835526,-21.9933548,-0.703408086,-5.293634892,-5.396772623,-12.87201405,-12.13601089,-4.892880678,17.56171927,15.43369829,-3.52495903,-0.754660263,-21.33355415,-3.517040429,-11.22250597,0,0,0,-0.14678642
Ds,4,0.04,Li151DsP24S125Cl21F4,-7.495671128,-1.232840646,-0.16,0.16,0,-1,-6.08,0.84,0.16,0.96,5,2.16,0,0,0,0.04,-17.65126922,-2.546814899,-4.005635262,-6.288835526,-21.9933548,-0.703408086,-5.293634892,-5.396772623,-12.87201405,-12.13601089,-4.892880678,17.65126922,15.48463459,-3.36473362,-1.006213684,-21.11362061,-3.517040429,-11.43425137,0,0,0,-0.195715227
Ds,4,0.05,Li121DsP19S100Cl16F4,-7.485742983,-1.227170981,-0.2,0.2,0,-1,-6.1,0.8,0.2,0.95,5,2.2,0,0,0,0.05,-17.74232973,-2.546814899,-4.005635262,-6.288835526,-21.9933548,-0.703408086,-5.293634892,-5.396772623,-12.87201405,-12.13601089,-4.892880678,17.74232973,15.53557088,-3.204508209,-1.257767105,-20.89368706,-3.517040429,-11.64599676,0,0,0,-0.244644034
Ds,4,0.06,Li303Ds3P47S250Cl38F12,-7.476099257,-1.221584846,-0.24,0.24,0,-1,-6.12,0.76,0.24,0.94,5,2.24,0,0,0,0.06,-17.83310582,-2.546814899,-4.005635262,-6.288835526,-21.9933548,-0.703408086,-5.293634892,-5.396772623,-12.87201405,-12.13601089,-4.892880678,17.83310582,15.58650718,-3.044282799,-1.509320526,-20.67375351,-3.517040429,-11.85774216,0,0,0,-0.293572841
Ds,4,0.07,Li607Ds7P93S500Cl72F28,-7.467798803,-1.216253877,-0.28,0.28,0,-1,-6.14,0.72,0.28,0.93,5,2.28,0,0,0,0.07,-17.92253864,-2.546814899,-4.005635262,-6.288835526,-21.9933548,-0.703408086,-5.293634892,-5.396772623,-12.87201405,-12.13601089,-4.892880678,17.92253864,15.63744348,-2.884057388,-1.760873947,-20.45381996,-3.517040429,-12.06948755,0,0,0,-0.342501647
Ds,4,0.08,Li152Ds2P23S125Cl17F8,-7.460682813,-1.211149807,-0.32,0.32,0,-1,-6.16,0.68,0.32,0.92,5,2.32,0,0,0,0.08,-18.010787,-2.546814899,-4.005635262,-6.288835526,-21.9933548,-0.703408086,-5.293634892,-5.396772623,-12.87201405,-12.13601089,-4.892880678,18.010787,15.68837978,-2.723831978,-2.012427368,-20.23388641,-3.517040429,-12.28123295,0,0,0,-0.391430454
Ds,4,0.09,Li609Ds9P91S500Cl64F36,-7.454279891,-1.206194157,-0.36,0.36,0,-1,-6.18,0.64,0.36,0.91,5,2.36,0,0,0,0.09,-18.09832229,-2.546814899,-4.005635262,-6.288835526,-21.9933548,-0.703408086,-5.293634892,-5.396772623,-12.87201405,-12.13601089,-4.892880678,18.09832229,15.73931608,-2.563606567,-2.263980789,-20.01395287,-3.517040429,-12.49297834,0,0,0,-0.440359261
Ds,4,0.1,Li61DsP9S50Cl6F4,-7.449836563,-1.201586542,-0.4,0.4,0,-1,-6.2,0.6,0.4,0.9,5,2.4,0,0,0,0.1,-18.18389798,-2.546814899,-4.005635262,-6.288835526,-21.9933548,-0.703408086,-5.293634892,-5.396772623,-12.87201405,-12.13601089,-4.892880678,18.18389798,15.79025237,-2.403381157,-2.51553421,-19.79401932,-3.517040429,-12.70472374,0,0,0,-0.489288068
Dy,2,0.01,Li603DyP99S500Cl98F2,-6.733863211,-1.114878015,-0.02,0.02,0.01,-1,-6.04,0.98,0.02,0.99,5,2.06,0,0,0.01,0,-18.24323456,-2.546814899,-4.005635262,-6.288835526,-21.9933548,-0.703408086,-5.293634892,-6.556105614,-13.0497365,-11.32109404,-6.450801849,18.24323456,15.38276199,-3.925522556,-0.125776711,-21.77342125,-3.517040429,-10.90488788,0,0,-0.11321094,0
Dy,3,0.01,Li602DyP99S500Cl97F3,-6.726598607,-1.116447902,-0.03,0.03,0,-1,-6.025,0.97,0.03,0.99,5,2.05,0,0,0,0.01,-18.24545311,-2.546814899,-4.005635262,-6.288835526,-21.9933548,-0.703408086,-5.293634892,-10.07631588,-18.19841385,-14.4916718,-10.00670075,18.24545311,15.34455977,-3.885466204,-0.188665066,-21.77342125,-3.517040429,-10.85195153,0,0,0,-0.100067008
Dy,2,0.02,Li303DyP49S250Cl48F2,-6.793503033,-1.117352473,-0.04,0.04,0.02,-1,-6.08,0.96,0.04,0.98,5,2.12,0,0,0.02,0,-18.33828163,-2.546814899,-4.005635262,-6.288835526,-21.9933548,-0.703408086,-5.293634892,-6.556105614,-13.0497365,-11.32109404,-6.450801849,18.33828163,15.48463459,-3.845409851,-0.251553421,-21.5534877,-3.517040429,-11.22250597,0,0,-0.226421881,0
Dy,3,0.02,Li302DyP49S250Cl47F3,-6.776009725,-1.120001607,-0.06,0.06,0,-1,-6.05,0.94,0.06,0.98,5,2.1,0,0,0,0.02,-18.34568283,-2.546814899,-4.005635262,-6.288835526,-21.9933548,-0.703408086,-5.293634892,-10.07631588,-18.19841385,-14.4916718,-10.00670075,18.34568283,15.40823014,-3.765297146,-0.377330132,-21.5534877,-3.517040429,-11.11663327,0,0,0,-0.200134015
Dy,2,0.03,Li609Dy3P97S500Cl94F6,-6.853913453,-1.119920499,-0.06,0.06,0.03,-1,-6.12,0.94,0.06,0.97,5,2.18,0,0,0.03,0,-18.43255811,-2.546814899,-4.005635262,-6.288835526,-21.9933548,-0.703408086,-5.293634892,-6.556105614,-13.0497365,-11.32109404,-6.450801849,18.43255811,15.58650718,-3.765297146,-0.377330132,-21.33355415,-3.517040429,-11.54012406,0,0,-0.339632821,0
Dy,3,0.03,Li606Dy3P97S500Cl91F9,-6.823985001,-1.123289712,-0.09,0.09,0,-1,-6.075,0.91,0.09,0.97,5,2.15,0,0,0,0.03,-18.44734839,-2.546814899,-4.005635262,-6.288835526,-21.9933548,-0.703408086,-5.293634892,-10.07631588,-18.19841385,-14.4916718,-10.00670075,18.44734839,15.47190051,-3.645128088,-0.565995197,-21.33355415,-3.517040429,-11.38131502,0,0,0,-0.300201023
Dy,2,0.04,Li153DyP24S125Cl23F2,-6.914399195,-1.122467402,-0.08,0.08,0.04,-1,-6.16,0.92,0.08,0.96,5,2.24,0,0,0.04,0,-18.52675926,-2.546814899,-4.005635262,-6.288835526,-21.9933548,-0.703408086,-5.293634892,-6.556105614,-13.0497365,-11.32109404,-6.450801849,18.52675926,15.68837978,-3.685184441,-0.503106842,-21.11362061,-3.517040429,-11.85774216,0,0,-0.452843761,0
Dy,3,0.04,Li152DyP24S125Cl22F3,-6.870412826,-1.126297185,-0.12,0.12,0,-1,-6.1,0.88,0.12,0.96,5,2.2,0,0,0,0.04,-18.55056141,-2.546814899,-4.005635262,-6.288835526,-21.9933548,-0.703408086,-5.293634892,-10.07631588,-18.19841385,-14.4916718,-10.00670075,18.55056141,15.53557088,-3.52495903,-0.754660263,-21.11362061,-3.517040429,-11.64599676,0,0,0,-0.40026803
Dy,2,0.05,Li123DyP19S100Cl18F2,-6.974120616,-1.124858164,-0.1,0.1,0.05,-1,-6.2,0.9,0.1,0.95,5,2.3,0,0,0.05,0,-18.62172474,-2.546814899,-4.005635262,-6.288835526,-21.9933548,-0.703408086,-5.293634892,-6.556105614,-13.0497365,-11.32109404,-6.450801849,18.62172474,15.79025237,-3.605071735,-0.628883553,-20.89368706,-3.517040429,-12.17536025,0,0,-0.566054702,0
Dy,3,0.05,Li122DyP19S100Cl17F3,-6.915016971,-1.128982363,-0.15,0.15,0,-1,-6.125,0.85,0.15,0.95,5,2.25,-6.94E-18,6.94E-18,0,0.05,-18.6555981,-2.546814899,-4.005635262,-6.288835526,-21.9933548,-0.703408086,-5.293634892,-10.07631588,-18.19841385,-14.4916718,-10.00670075,18.6555981,15.59924126,-3.404789972,-0.943325329,-20.89368706,-3.517040429,-11.91067851,6.99E-17,-1.26E-16,0,-0.500335038
Dy,2,0.06,Li309Dy3P47S250Cl44F6,-7.032319944,-1.12697435,-0.12,0.12,0.06,-1,-6.24,0.88,0.12,0.94,5,2.36,0,0,0.06,0,-18.7182123,-2.546814899,-4.005635262,-6.288835526,-21.9933548,-0.703408086,-5.293634892,-6.556105614,-13.0497365,-11.32109404,-6.450801849,18.7182123,15.89212497,-3.52495903,-0.754660263,-20.67375351,-3.517040429,-12.49297834,0,0,-0.679265642,0
Dy,3,0.06,Li306Dy3P47S250Cl41F9,-6.957380357,-1.131281359,-0.18,0.18,0,-1,-6.15,0.82,0.18,0.94,5,2.3,0,0,0,0.06,-18.76287556,-2.546814899,-4.005635262,-6.288835526,-21.9933548,-0.703408086,-5.293634892,-10.07631588,-18.19841385,-14.4916718,-10.00670075,18.76287556,15.66291163,-3.284620914,-1.131990395,-20.67375351,-3.517040429,-12.17536025,0,0,0,-0.600402045
Dy,2,0.07,Li621Dy7P93S500Cl86F14,-7.088377419,-1.128722519,-0.14,0.14,0.07,-1,-6.28,0.86,0.14,0.93,5,2.42,0,0,0.07,0,-18.81684172,-2.546814899,-4.005635262,-6.288835526,-21.9933548,-0.703408086,-5.293634892,-6.556105614,-13.0497365,-11.32109404,-6.450801849,18.81684172,15.99399757,-3.444846325,-0.880436974,-20.45381996,-3.517040429,-12.81059644,0,0,-0.792476583,0
Dy,3,0.07,Li614Dy7P93S500Cl79F21,-6.996965929,-1.133111891,-0.21,0.21,0,-1,-6.175,0.79,0.21,0.93,5,2.35,-1.39E-17,1.39E-17,0,0.07,-18.87293082,-2.546814899,-4.005635262,-6.288835526,-21.9933548,-0.703408086,-5.293634892,-10.07631588,-18.19841385,-14.4916718,-10.00670075,18.87293082,15.726582,-3.164451857,-1.32065546,-20.45381996,-3.517040429,-12.440042,1.40E-16,-2.53E-16,0,-0.700469053
Dy,2,0.08,Li156Dy2P23S125Cl21F4,-7.141847662,-1.130039187,-0.16,0.16,0.08,-1,-6.32,0.84,0.16,0.92,5,2.48,0,0,0.08,0,-18.91805838,-2.546814899,-4.005635262,-6.288835526,-21.9933548,-0.703408086,-5.293634892,-6.556105614,-13.0497365,-11.32109404,-6.450801849,18.91805838,16.09587016,-3.36473362,-1.006213684,-20.23388641,-3.517040429,-13.12821453,0,0,-0.905687523,0
Dy,3,0.08,Li154Dy2P23S125Cl19F6,-7.033333818,-1.13440868,-0.24,0.24,0,-1,-6.2,0.76,0.24,0.92,5,2.4,0,0,0,0.08,-18.98620378,-2.546814899,-4.005635262,-6.288835526,-21.9933548,-0.703408086,-5.293634892,-10.07631588,-18.19841385,-14.4916718,-10.00670075,18.98620378,15.79025237,-3.044282799,-1.509320526,-20.23388641,-3.517040429,-12.70472374,0,0,0,-0.80053606
Dy,2,0.09,Li627Dy9P91S500Cl82F18,-7.192512331,-1.130898165,-0.18,0.18,0.09,-1,-6.36,0.82,0.18,0.91,5,2.54,0,0,0.09,0,-19.0220806,-2.546814899,-4.005635262,-6.288835526,-21.9933548,-0.703408086,-5.293634892,-6.556105614,-13.0497365,-11.32109404,-6.450801849,19.0220806,16.19774276,-3.284620914,-1.131990395,-20.01395287,-3.517040429,-13.44583262,0,0,-1.018898463,0
Dy,3,0.09,Li618Dy9P91S500Cl73F27,-7.066360502,-1.135158314,-0.27,0.27,0,-1,-6.225,0.73,0.27,0.91,5,2.45,1.39E-17,-1.39E-17,0,0.09,-19.10281793,-2.546814899,-4.005635262,-6.288835526,-21.9933548,-0.703408086,-5.293634892,-10.07631588,-18.19841385,-14.4916718,-10.00670075,19.10281793,15.85392275,-2.924113741,-1.697985592,-20.01395287,-3.517040429,-12.96940548,-1.40E-16,2.53E-16,0,-0.900603068
Dy,2,0.1,Li63DyP9S50Cl8F2,-7.240471521,-1.131323675,-0.2,0.2,0.1,-1,-6.4,0.8,0.2,0.9,5,2.6,0,0,0.1,0,-19.12880831,-2.546814899,-4.005635262,-6.288835526,-21.9933548,-0.703408086,-5.293634892,-6.556105614,-13.0497365,-11.32109404,-6.450801849,19.12880831,16.29961535,-3.204508209,-1.257767105,-19.79401932,-3.517040429,-13.76345072,0,0,-1.132109404,0
Dy,3,0.1,Li62DyP9S50Cl7F3,-7.096274269,-1.135403883,-0.3,0.3,0,-1,-6.25,0.7,0.3,0.9,5,2.5,-1.39E-17,1.39E-17,0,0.1,-19.222545,-2.546814899,-4.005635262,-6.288835526,-21.9933548,-0.703408086,-5.293634892,-10.07631588,-18.19841385,-14.4916718,-10.00670075,19.222545,15.91759312,-2.803944683,-1.886650658,-19.79401932,-3.517040429,-13.23408723,1.40E-16,-2.53E-16,0,-1.000670075
Er,3,0.01,Li602ErP99S500Cl97F3,-6.579801662,-1.092083263,-0.03,0.03,0,-1,-6.025,0.97,0.03,0.99,5,2.05,0,0,0,0.01,-18.39302104,-2.546814899,-4.005635262,-6.288835526,-21.9933548,-0.703408086,-5.293634892,-9.757720947,-18.20750809,-14.45479012,-10.08379936,18.39302104,15.34455977,-3.885466204,-0.188665066,-21.77342125,-3.517040429,-10.85195153,0,0,0,-0.100837994
Er,3,0.02,Li302ErP49S250Cl47F3,-6.630125502,-1.095888513,-0.06,0.06,0,-1,-6.05,0.94,0.06,0.98,5,2.1,0,0,0,0.02,-18.49310903,-2.546814899,-4.005635262,-6.288835526,-21.9933548,-0.703408086,-5.293634892,-9.757720947,-18.20750809,-14.45479012,-10.08379936,18.49310903,15.40823014,-3.765297146,-0.377330132,-21.5534877,-3.517040429,-11.11663327,0,0,0,-0.201675987
Er,3,0.03,Li606Er3P97S500Cl91F9,-6.679039539,-1.099430377,-0.09,0.09,0,-1,-6.075,0.91,0.09,0.97,5,2.15,0,0,0,0.03,-18.59460681,-2.546814899,-4.005635262,-6.288835526,-21.9933548,-0.703408086,-5.293634892,-9.757720947,-18.20750809,-14.45479012,-10.08379936,18.59460681,15.47190051,-3.645128088,-0.565995197,-21.33355415,-3.517040429,-11.38131502,0,0,0,-0.302513981
Er,3,0.04,Li152ErP24S125Cl22F3,-6.726761283,-1.102747751,-0.12,0.12,0,-1,-6.1,0.88,0.12,0.96,5,2.2,0,0,0,0.04,-18.6972969,-2.546814899,-4.005635262,-6.288835526,-21.9933548,-0.703408086,-5.293634892,-9.757720947,-18.20750809,-14.45479012,-10.08379936,18.6972969,15.53557088,-3.52495903,-0.754660263,-21.11362061,-3.517040429,-11.64599676,0,0,0,-0.403351974
Er,3,0.05,Li122ErP19S100Cl17F3,-6.773423717,-1.105865097,-0.15,0.15,0,-1,-6.125,0.85,0.15,0.95,5,2.25,-6.94E-18,6.94E-18,0,0.05,-18.80104629,-2.546814899,-4.005635262,-6.288835526,-21.9933548,-0.703408086,-5.293634892,-9.757720947,-18.20750809,-14.45479012,-10.08379936,18.80104629,15.59924126,-3.404789972,-0.943325329,-20.89368706,-3.517040429,-11.91067851,6.77E-17,-1.26E-16,0,-0.504189968
Er,3,0.06,Li306Er3P47S250Cl41F9,-6.819001132,-1.108780672,-0.18,0.18,0,-1,-6.15,0.82,0.18,0.94,5,2.3,0,0,0,0.06,-18.9058807,-2.546814899,-4.005635262,-6.288835526,-21.9933548,-0.703408086,-5.293634892,-9.757720947,-18.20750809,-14.45479012,-10.08379936,18.9058807,15.66291163,-3.284620914,-1.131990395,-20.67375351,-3.517040429,-12.17536025,0,0,0,-0.605027962
Er,3,0.07,Li614Er7P93S500Cl79F21,-6.863187297,-1.111447336,-0.21,0.21,0,-1,-6.175,0.79,0.21,0.93,5,2.35,-1.39E-17,1.39E-17,0,0.07,-19.01210636,-2.546814899,-4.005635262,-6.288835526,-21.9933548,-0.703408086,-5.293634892,-9.757720947,-18.20750809,-14.45479012,-10.08379936,19.01210636,15.726582,-3.164451857,-1.32065546,-20.45381996,-3.517040429,-12.440042,1.35E-16,-2.53E-16,0,-0.705865955
Er,3,0.08,Li154Er2P23S125Cl19F6,-6.905506283,-1.113791336,-0.24,0.24,0,-1,-6.2,0.76,0.24,0.92,5,2.4,0,0,0,0.08,-19.1201992,-2.546814899,-4.005635262,-6.288835526,-21.9933548,-0.703408086,-5.293634892,-9.757720947,-18.20750809,-14.45479012,-10.08379936,19.1201992,15.79025237,-3.044282799,-1.509320526,-20.23388641,-3.517040429,-12.70472374,0,0,0,-0.806703949
Er,3,0.09,Li618Er9P91S500Cl73F27,-6.945529575,-1.115747723,-0.27,0.27,0,-1,-6.225,0.73,0.27,0.91,5,2.45,1.39E-17,-1.39E-17,0,0.09,-19.23058773,-2.546814899,-4.005635262,-6.288835526,-21.9933548,-0.703408086,-5.293634892,-9.757720947,-18.20750809,-14.45479012,-10.08379936,19.23058773,15.85392275,-2.924113741,-1.697985592,-20.01395287,-3.517040429,-12.96940548,-1.35E-16,2.53E-16,0,-0.907541943
Er,3,0.1,Li62ErP9S50Cl7F3,-6.983095181,-1.117295229,-0.3,0.3,0,-1,-6.25,0.7,0.3,0.9,5,2.5,-1.39E-17,1.39E-17,0,0.1,-19.34343395,-2.546814899,-4.005635262,-6.288835526,-21.9933548,-0.703408086,-5.293634892,-9.757720947,-18.20750809,-14.45479012,-10.08379936,19.34343395,15.91759312,-2.803944683,-1.886650658,-19.79401932,-3.517040429,-13.23408723,1.35E-16,-2.53E-16,0,-1.008379936
Es,2,0.01,Li603EsP99S500Cl98F2,-7.465496928,-1.236009425,-0.02,0.02,0.01,-1,-6.04,0.98,0.02,0.99,5,2.06,0,0,0.01,0,-17.47926094,-2.546814899,-4.005635262,-6.288835526,-21.9933548,-0.703408086,-5.293634892,-3.669679999,-7.997666359,-8.087103963,-3.688373566,17.47926094,15.38276199,-3.925522556,-0.125776711,-21.77342125,-3.517040429,-10.90488788,0,0,-0.08087104,0
Es,3,0.01,Li602EsP99S500Cl97F3,-7.464958418,-1.235920268,-0.03,0.03,0.01,-1,-6.04,0.97,0.03,0.99,5,2.05,0,0,0.01,0,-17.4764922,-2.546814899,-4.005635262,-6.288835526,-21.9933548,-0.703408086,-5.293634892,-3.647184849,-11.02049446,-10.76681352,-4.880206585,17.4764922,15.38276199,-3.885466204,-0.188665066,-21.77342125,-3.517040429,-10.85195153,0,0,-0.107668135,0
Es,2,0.02,Li303EsP49S250Cl48F2,-7.497260095,-1.233101989,-0.04,0.04,0.02,-1,-6.08,0.96,0.04,0.98,5,2.12,0,0,0.02,0,-17.56984477,-2.546814899,-4.005635262,-6.288835526,-21.9933548,-0.703408086,-5.293634892,-3.669679999,-7.997666359,-8.087103963,-3.688373566,17.56984477,15.48463459,-3.845409851,-0.251553421,-21.5534877,-3.517040429,-11.22250597,0,0,-0.161742079,0
Es,3,0.02,Li302EsP49S250Cl47F3,-7.494414925,-1.232634034,-0.06,0.06,0.02,-1,-6.08,0.94,0.06,0.98,5,2.1,0,0,0.02,0,-17.56607544,-2.546814899,-4.005635262,-6.288835526,-21.9933548,-0.703408086,-5.293634892,-3.647184849,-11.02049446,-10.76681352,-4.880206585,17.56607544,15.48463459,-3.765297146,-0.377330132,-21.5534877,-3.517040429,-11.11663327,0,0,-0.21533627,0
Es,2,0.03,Li609Es3P97S500Cl94F6,-7.526978749,-1.229898488,-0.06,0.06,0.03,-1,-6.12,0.94,0.06,0.97,5,2.18,0,0,0.03,0,-17.66247311,-2.546814899,-4.005635262,-6.288835526,-21.9933548,-0.703408086,-5.293634892,-3.669679999,-7.997666359,-8.087103963,-3.688373566,17.66247311,15.58650718,-3.765297146,-0.377330132,-21.33355415,-3.517040429,-11.54012406,0,0,-0.242613119,0
Es,3,0.03,Li606Es3P97S500Cl91F9,-7.520641525,-1.228862994,-0.09,0.09,0.03,-1,-6.12,0.91,0.09,0.97,5,2.15,0,0,0.03,0,-17.65888858,-2.546814899,-4.005635262,-6.288835526,-21.9933548,-0.703408086,-5.293634892,-3.647184849,-11.02049446,-10.76681352,-4.880206585,17.65888858,15.58650718,-3.645128088,-0.565995197,-21.33355415,-3.517040429,-11.38131502,0,0,-0.323004405,0
Es,2,0.04,Li153EsP24S125Cl23F2,-7.554815594,-1.226431103,-0.08,0.08,0.04,-1,-6.16,0.92,0.08,0.96,5,2.24,0,0,0.04,0,-17.75698326,-2.546814899,-4.005635262,-6.288835526,-21.9933548,-0.703408086,-5.293634892,-3.669679999,-7.997666359,-8.087103963,-3.688373566,17.75698326,15.68837978,-3.685184441,-0.503106842,-21.11362061,-3.517040429,-11.85774216,0,0,-0.323484159,0
Es,3,0.04,Li152EsP24S125Cl22F3,-7.543915845,-1.224661663,-0.12,0.12,0.04,-1,-6.16,0.88,0.12,0.96,5,2.2,0,0,0.04,0,-17.75465401,-2.546814899,-4.005635262,-6.288835526,-21.9933548,-0.703408086,-5.293634892,-3.647184849,-11.02049446,-10.76681352,-4.880206585,17.75465401,15.68837978,-3.52495903,-0.754660263,-21.11362061,-3.517040429,-11.64599676,0,0,-0.430672541,0
Es,2,0.05,Li123EsP19S100Cl18F2,-7.580753093,-1.222702112,-0.1,0.1,0.05,-1,-6.2,0.9,0.1,0.95,5,2.3,0,0,0.05,0,-17.85339276,-2.546814899,-4.005635262,-6.288835526,-21.9933548,-0.703408086,-5.293634892,-3.669679999,-7.997666359,-8.087103963,-3.688373566,17.85339276,15.79025237,-3.605071735,-0.628883553,-20.89368706,-3.517040429,-12.17536025,0,0,-0.404355198,0
Es,3,0.05,Li122EsP19S100Cl17F3,-7.564334582,-1.220053965,-0.15,0.15,0.05,-1,-6.2,0.85,0.15,0.95,5,2.25,-6.94E-18,6.94E-18,0.05,0,-17.85327501,-2.546814899,-4.005635262,-6.288835526,-21.9933548,-0.703408086,-5.293634892,-3.647184849,-11.02049446,-10.76681352,-4.880206585,17.85327501,15.79025237,-3.404789972,-0.943325329,-20.89368706,-3.517040429,-11.91067851,2.53E-17,-7.65E-17,-0.538340676,0
Es,2,0.06,Li309Es3P47S250Cl44F6,-7.60486007,-1.218727575,-0.12,0.12,0.06,-1,-6.24,0.88,0.12,0.94,5,2.36,0,0,0.06,0,-17.95163277,-2.546814899,-4.005635262,-6.288835526,-21.9933548,-0.703408086,-5.293634892,-3.669679999,-7.997666359,-8.087103963,-3.688373566,17.95163277,15.89212497,-3.52495903,-0.754660263,-20.67375351,-3.517040429,-12.49297834,0,0,-0.485226238,0
Es,3,0.06,Li306Es3P47S250Cl41F9,-7.582207811,-1.215097406,-0.18,0.18,0.06,-1,-6.24,0.82,0.18,0.94,5,2.3,0,0,0.06,0,-17.95444153,-2.546814899,-4.005635262,-6.288835526,-21.9933548,-0.703408086,-5.293634892,-3.647184849,-11.02049446,-10.76681352,-4.880206585,17.95444153,15.89212497,-3.284620914,-1.131990395,-20.67375351,-3.517040429,-12.17536025,0,0,-0.646008811,0
Es,2,0.07,Li621Es7P93S500Cl86F14,-7.627354102,-1.214546831,-0.14,0.14,0.07,-1,-6.28,0.86,0.14,0.93,5,2.42,0,0,0.07,0,-18.05148574,-2.546814899,-4.005635262,-6.288835526,-21.9933548,-0.703408086,-5.293634892,-3.669679999,-7.997666359,-8.087103963,-3.688373566,18.05148574,15.99399757,-3.444846325,-0.880436974,-20.45381996,-3.517040429,-12.81059644,0,0,-0.566097277,0
Es,3,0.07,Li614Es7P93S500Cl79F21,-7.598032404,-1.209877771,-0.21,0.21,0.07,-1,-6.28,0.79,0.21,0.93,5,2.35,-1.39E-17,1.39E-17,0.07,0,-18.05765668,-2.546814899,-4.005635262,-6.288835526,-21.9933548,-0.703408086,-5.293634892,-3.647184849,-11.02049446,-10.76681352,-4.880206585,18.05765668,15.99399757,-3.164451857,-1.32065546,-20.45381996,-3.517040429,-12.440042,5.06E-17,-1.53E-16,-0.753676946,0
Es,2,0.08,Li156Es2P23S125Cl21F4,-7.648562168,-1.210215533,-0.16,0.16,0.08,-1,-6.32,0.84,0.16,0.92,5,2.48,0,0,0.08,0,-18.15262466,-2.546814899,-4.005635262,-6.288835526,-21.9933548,-0.703408086,-5.293634892,-3.669679999,-7.997666359,-8.087103963,-3.688373566,18.15262466,16.09587016,-3.36473362,-1.006213684,-20.23388641,-3.517040429,-13.12821453,0,0,-0.646968317,0
Es,3,0.08,Li154Es2P23S125Cl19F6,-7.612286362,-1.20447569,-0.24,0.24,0.08,-1,-6.32,0.76,0.24,0.92,5,2.4,0,0,0.08,0,-18.16244246,-2.546814899,-4.005635262,-6.288835526,-21.9933548,-0.703408086,-5.293634892,-3.647184849,-11.02049446,-10.76681352,-4.880206585,18.16244246,16.09587016,-3.044282799,-1.509320526,-20.23388641,-3.517040429,-12.70472374,0,0,-0.861345081,0
Es,2,0.09,Li627Es9P91S500Cl82F18,-7.668807968,-1.205787416,-0.18,0.18,0.09,-1,-6.36,0.82,0.18,0.91,5,2.54,0,0,0.09,0,-18.25472586,-2.546814899,-4.005635262,-6.288835526,-21.9933548,-0.703408086,-5.293634892,-3.669679999,-7.997666359,-8.087103963,-3.688373566,18.25472586,16.19774276,-3.284620914,-1.131990395,-20.01395287,-3.517040429,-13.44583262,0,0,-0.727839357,0
Es,3,0.09,Li618Es9P91S500Cl73F27,-7.625046849,-1.198906737,-0.27,0.27,0.09,-1,-6.36,0.73,0.27,0.91,5,2.45,1.39E-17,-1.39E-17,0.09,0,-18.26872172,-2.546814899,-4.005635262,-6.288835526,-21.9933548,-0.703408086,-5.293634892,-3.647184849,-11.02049446,-10.76681352,-4.880206585,18.26872172,16.19774276,-2.924113741,-1.697985592,-20.01395287,-3.517040429,-12.96940548,-5.06E-17,1.53E-16,-0.969013216,0
Es,2,0.1,Li63EsP9S50Cl8F2,-7.688342086,-1.201303451,-0.2,0.2,0.1,-1,-6.4,0.8,0.2,0.9,5,2.6,0,0,0.1,0,-18.35753874,-2.546814899,-4.005635262,-6.288835526,-21.9933548,-0.703408086,-5.293634892,-3.669679999,-7.997666359,-8.087103963,-3.688373566,18.35753874,16.29961535,-3.204508209,-1.257767105,-19.79401932,-3.517040429,-13.76345072,0,0,-0.808710396,0
Es,3,0.1,Li62EsP9S50Cl7F3,-7.635782567,-1.193091026,-0.3,0.3,0.1,-1,-6.4,0.7,0.3,0.9,5,2.5,-1.39E-17,1.39E-17,0.1,0,-18.37702575,-2.546814899,-4.005635262,-6.288835526,-21.9933548,-0.703408086,-5.293634892,-3.647184849,-11.02049446,-10.76681352,-4.880206585,18.37702575,16.29961535,-2.803944683,-1.886650658,-19.79401932,-3.517040429,-13.23408723,5.06E-17,-1.53E-16,-1.076681352,0
Eu,2,0.01,Li603EuP99S500Cl98F2,-7.19274947,-1.190852561,-0.04,0.02,0,-1,-6.04,0.96,0.02,0.99,5,2.08,0.01,0,0,0,-17.77601834,-2.546814899,-4.005635262,-6.288835526,-21.9933548,-0.703408086,-5.293634892,-7.912098885,-12.38438702,-9.797042608,-6.194678307,17.77601834,15.38276199,-3.845409851,-0.125776711,-21.77342125,-3.517040429,-11.01076057,-0.079120989,0,0,0
Eu,3,0.01,Li602EuP99S500Cl97F3,-7.181795614,-1.191999272,-0.03,0.03,0,-1,-6.025,0.97,0.03,0.99,5,2.05,0,0,0,0.01,-17.77524602,-2.546814899,-4.005635262,-6.288835526,-21.9933548,-0.703408086,-5.293634892,-8.335237503,-15.45219612,-13.41537714,-8.505692482,17.77524602,15.34455977,-3.885466204,-0.188665066,-21.77342125,-3.517040429,-10.85195153,0,0,0,-0.085056925
Eu,2,0.02,Li303EuP49S250Cl48F2,-7.234422197,-1.189872072,-0.08,0.04,0,-1,-6.08,0.92,0.04,0.98,5,2.16,0.02,0,0,0,-17.88070255,-2.546814899,-4.005635262,-6.288835526,-21.9933548,-0.703408086,-5.293634892,-7.912098885,-12.38438702,-9.797042608,-6.194678307,17.88070255,15.48463459,-3.685184441,-0.251553421,-21.5534877,-3.517040429,-11.43425137,-0.158241978,0,0,0
Eu,3,0.02,Li302EuP49S250Cl47F3,-7.210041874,-1.191742459,-0.06,0.06,0,-1,-6.05,0.94,0.06,0.98,5,2.1,0,0,0,0.02,-17.88163052,-2.546814899,-4.005635262,-6.288835526,-21.9933548,-0.703408086,-5.293634892,-8.335237503,-15.45219612,-13.41537714,-8.505692482,17.88163052,15.40823014,-3.765297146,-0.377330132,-21.5534877,-3.517040429,-11.11663327,0,0,0,-0.17011385
Eu,2,0.03,Li609Eu3P97S500Cl94F6,-7.274787719,-1.188690804,-0.12,0.06,0,-1,-6.12,0.88,0.06,0.97,5,2.24,0.03,0,0,0,-17.98669397,-2.546814899,-4.005635262,-6.288835526,-21.9933548,-0.703408086,-5.293634892,-7.912098885,-12.38438702,-9.797042608,-6.194678307,17.98669397,15.58650718,-3.52495903,-0.377330132,-21.33355415,-3.517040429,-11.85774216,-0.237362967,0,0,0
Eu,3,0.03,Li606Eu3P97S500Cl91F9,-7.235093726,-1.19096193,-0.09,0.09,0,-1,-6.075,0.91,0.09,0.97,5,2.15,0,0,0,0.03,-17.99120942,-2.546814899,-4.005635262,-6.288835526,-21.9933548,-0.703408086,-5.293634892,-8.335237503,-15.45219612,-13.41537714,-8.505692482,17.99120942,15.47190051,-3.645128088,-0.565995197,-21.33355415,-3.517040429,-11.38131502,0,0,0,-0.255170774
Eu,2,0.04,Li153EuP24S125Cl23F2,-7.313554412,-1.187265327,-0.16,0.08,0,-1,-6.16,0.84,0.08,0.96,5,2.32,0.04,0,0,0,-18.09428421,-2.546814899,-4.005635262,-6.288835526,-21.9933548,-0.703408086,-5.293634892,-7.912098885,-12.38438702,-9.797042608,-6.194678307,18.09428421,15.68837978,-3.36473362,-0.503106842,-21.11362061,-3.517040429,-12.28123295,-0.316483955,0,0,0
Eu,3,0.04,Li152EuP24S125Cl22F3,-7.256839375,-1.189645799,-0.12,0.12,0,-1,-6.1,0.88,0.12,0.96,5,2.2,0,0,0,0.04,-18.10409453,-2.546814899,-4.005635262,-6.288835526,-21.9933548,-0.703408086,-5.293634892,-8.335237503,-15.45219612,-13.41537714,-8.505692482,18.10409453,15.53557088,-3.52495903,-0.754660263,-21.11362061,-3.517040429,-11.64599676,0,0,0,-0.340227699
Eu,2,0.05,Li123EuP19S100Cl18F2,-7.350189768,-1.185514479,-0.2,0.1,0,-1,-6.2,0.8,0.1,0.95,5,2.4,0.05,0,0,0,-18.20400579,-2.546814899,-4.005635262,-6.288835526,-21.9933548,-0.703408086,-5.293634892,-7.912098885,-12.38438702,-9.797042608,-6.194678307,18.20400579,15.79025237,-3.204508209,-0.628883553,-20.89368706,-3.517040429,-12.70472374,-0.395604944,0,0,0
Eu,3,0.05,Li122EuP19S100Cl17F3,-7.274744783,-1.187713434,-0.15,0.15,0,-1,-6.125,0.85,0.15,0.95,5,2.25,-6.94E-18,6.94E-18,0,0.05,-18.22081988,-2.546814899,-4.005635262,-6.288835526,-21.9933548,-0.703408086,-5.293634892,-8.335237503,-15.45219612,-13.41537714,-8.505692482,18.22081988,15.59924126,-3.404789972,-0.943325329,-20.89368706,-3.517040429,-11.91067851,5.78E-17,-1.07E-16,0,-0.425284624
Eu,2,0.06,Li309Eu3P47S250Cl44F6,-7.384224067,-1.183369241,-0.24,0.12,0,-1,-6.24,0.76,0.12,0.94,5,2.48,0.06,0,0,0,-18.31632843,-2.546814899,-4.005635262,-6.288835526,-21.9933548,-0.703408086,-5.293634892,-7.912098885,-12.38438702,-9.797042608,-6.194678307,18.31632843,15.89212497,-3.044282799,-0.754660263,-20.67375351,-3.517040429,-13.12821453,-0.474725933,0,0,0
Eu,3,0.06,Li306Eu3P47S250Cl41F9,-7.288433829,-1.185111192,-0.18,0.18,0,-1,-6.15,0.82,0.18,0.94,5,2.3,0,0,0,0.06,-18.34176159,-2.546814899,-4.005635262,-6.288835526,-21.9933548,-0.703408086,-5.293634892,-8.335237503,-15.45219612,-13.41537714,-8.505692482,18.34176159,15.66291163,-3.284620914,-1.131990395,-20.67375351,-3.517040429,-12.17536025,0,0,0,-0.510341549
Eu,2,0.07,Li621Eu7P93S500Cl86F14,-7.415430657,-1.18080106,-0.28,0.14,0,-1,-6.28,0.72,0.14,0.93,5,2.56,0.07,0,0,0,-18.43147877,-2.546814899,-4.005635262,-6.288835526,-21.9933548,-0.703408086,-5.293634892,-7.912098885,-12.38438702,-9.797042608,-6.194678307,18.43147877,15.99399757,-2.884057388,-0.880436974,-20.45381996,-3.517040429,-13.55170532,-0.553846922,0,0,0
Eu,3,0.07,Li614Eu7P93S500Cl79F21,-7.297998124,-1.181862044,-0.21,0.21,0,-1,-6.175,0.79,0.21,0.93,5,2.35,-1.39E-17,1.39E-17,0,0.07,-18.46682805,-2.546814899,-4.005635262,-6.288835526,-21.9933548,-0.703408086,-5.293634892,-8.335237503,-15.45219612,-13.41537714,-8.505692482,18.46682805,15.726582,-3.164451857,-1.32065546,-20.45381996,-3.517040429,-12.440042,1.16E-16,-2.14E-16,0,-0.595398474
Eu,2,0.08,Li156Eu2P23S125Cl21F4,-7.443857183,-1.177825504,-0.32,0.16,0,-1,-6.32,0.68,0.16,0.92,5,2.64,0.08,0,0,0,-18.54940918,-2.546814899,-4.005635262,-6.288835526,-21.9933548,-0.703408086,-5.293634892,-7.912098885,-12.38438702,-9.797042608,-6.194678307,18.54940918,16.09587016,-2.723831978,-1.006213684,-20.23388641,-3.517040429,-13.97519611,-0.632967911,0,0,0
Eu,3,0.08,Li154Eu2P23S125Cl19F6,-7.303925282,-1.178052465,-0.24,0.24,0,-1,-6.2,0.76,0.24,0.92,5,2.4,0,0,0,0.08,-18.59553165,-2.546814899,-4.005635262,-6.288835526,-21.9933548,-0.703408086,-5.293634892,-8.335237503,-15.45219612,-13.41537714,-8.505692482,18.59553165,15.79025237,-3.044282799,-1.509320526,-20.23388641,-3.517040429,-12.70472374,0,0,0,-0.680455399
Eu,2,0.09,Li627Eu9P91S500Cl82F18,-7.46976701,-1.174491668,-0.36,0.18,0,-1,-6.36,0.64,0.18,0.91,5,2.72,0.09,0,0,0,-18.66985629,-2.546814899,-4.005635262,-6.288835526,-21.9933548,-0.703408086,-5.293634892,-7.912098885,-12.38438702,-9.797042608,-6.194678307,18.66985629,16.19774276,-2.563606567,-1.131990395,-20.01395287,-3.517040429,-14.3986869,-0.7120889,0,0,0
Eu,3,0.09,Li618Eu9P91S500Cl73F27,-7.306880388,-1.173796046,-0.27,0.27,0,-1,-6.225,0.73,0.27,0.91,5,2.45,1.39E-17,-1.39E-17,0,0.09,-18.7272073,-2.546814899,-4.005635262,-6.288835526,-21.9933548,-0.703408086,-5.293634892,-8.335237503,-15.45219612,-13.41537714,-8.505692482,18.7272073,15.85392275,-2.924113741,-1.697985592,-20.01395287,-3.517040429,-12.96940548,-1.16E-16,2.14E-16,0,-0.765512323
Eu,2,0.1,Li63EuP9S50Cl8F2,-7.493613127,-1.170877051,-0.4,0.2,0,-1,-6.4,0.6,0.2,0.9,5,2.8,0.1,0,0,0,-18.79236711,-2.546814899,-4.005635262,-6.288835526,-21.9933548,-0.703408086,-5.293634892,-7.912098885,-12.38438702,-9.797042608,-6.194678307,18.79236711,16.29961535,-2.403381157,-1.257767105,-19.79401932,-3.517040429,-14.8221777,-0.791209888,0,0,0
Eu,3,0.1,Li62EuP9S50Cl7F3,-7.307612908,-1.169218065,-0.3,0.3,0,-1,-6.25,0.7,0.3,0.9,5,2.5,-1.39E-17,1.39E-17,0,0.1,-18.86110554,-2.546814899,-4.005635262,-6.288835526,-21.9933548,-0.703408086,-5.293634892,-8.335237503,-15.45219612,-13.41537714,-8.505692482,18.86110554,15.91759312,-2.803944683,-1.886650658,-19.79401932,-3.517040429,-13.23408723,1.16E-16,-2.14E-16,0,-0.850569248
Fe,2,0.01,Li603FeP99S500Cl98F2,-7.575498376,-1.254221585,-0.02,0.02,0.01,-1,-6.04,0.98,0.02,0.99,5,2.06,0,0,0.01,0,-17.35580645,-2.546814899,-4.005635262,-6.288835526,-21.9933548,-0.703408086,-5.293634892,-3.304619551,-7.724226236,-6.741799116,-2.921339989,17.35580645,15.38276199,-3.925522556,-0.125776711,-21.77342125,-3.517040429,-10.90488788,0,0,-0.067417991,0
Fe,3,0.01,Li602FeP99S500Cl97F3,-7.560442321,-1.254845198,-0.03,0.03,0,-1,-6.025,0.97,0.03,0.99,5,2.05,0,0,0,0.01,-17.35209254,-2.546814899,-4.005635262,-6.288835526,-21.9933548,-0.703408086,-5.293634892,-4.469741344,-10.45446587,-9.487854004,-4.055015445,17.35209254,15.34455977,-3.885466204,-0.188665066,-21.77342125,-3.517040429,-10.85195153,0,0,0,-0.040550154
Fe,4,0.01,Li601FeP99S500Cl96F4,-7.550016631,-1.254155587,-0.04,0.04,0,-1,-6.02,0.96,0.04,0.99,5,2.04,0,0,0,0.01,-17.34888964,-2.546814899,-4.005635262,-6.288835526,-21.9933548,-0.703408086,-5.293634892,-6.101832986,-11.24588132,-11.9619956,-4.429183602,17.34888964,15.33182569,-3.845409851,-0.251553421,-21.77342125,-3.517040429,-10.79901518,0,0,0,-0.044291836
Fe,5,0.01,Li600FeP99S500Cl95F5,-7.539977957,-1.25352917,-0.05,0.05,0,-1,-6.015,0.95,0.05,0.99,5,2.03,0,0,0,0.01,-17.34616554,-2.546814899,-4.005635262,-6.288835526,-21.9933548,-0.703408086,-5.293634892,-7.741148472,-12.21740913,-14.28825283,-4.88993293,17.34616554,15.31909162,-3.805353498,-0.314441776,-21.77342125,-3.517040429,-10.74607883,0,0,0,-0.048899329
Fe,6,0.01,Li599FeP99S500Cl94F6,-7.531280049,-1.2531248,-0.06,0.06,0,-1,-6.01,0.94,0.06,0.99,5,2.02,0,0,0,0.01,-17.34387573,-2.546814899,-4.005635262,-6.288835526,-21.9933548,-0.703408086,-5.293634892,-8.622333527,-13.15511918,-16.66340971,-5.528188705,17.34387573,15.30635754,-3.765297146,-0.377330132,-21.77342125,-3.517040429,-10.69314248,0,0,0,-0.055281887
Fe,2,0.02,Li303FeP49S250Cl48F2,-7.603743791,-1.250615755,-0.04,0.04,0.02,-1,-6.08,0.96,0.04,0.98,5,2.12,0,0,0.02,0,-17.43645498,-2.546814899,-4.005635262,-6.288835526,-21.9933548,-0.703408086,-5.293634892,-3.304619551,-7.724226236,-6.741799116,-2.921339989,17.43645498,15.48463459,-3.845409851,-0.251553421,-21.5534877,-3.517040429,-11.22250597,0,0,-0.134835982,0
Fe,3,0.02,Li302FeP49S250Cl47F3,-7.570417152,-1.25130862,-0.06,0.06,0,-1,-6.05,0.94,0.06,0.98,5,2.1,0,0,0,0.02,-17.4322417,-2.546814899,-4.005635262,-6.288835526,-21.9933548,-0.703408086,-5.293634892,-4.469741344,-10.45446587,-9.487854004,-4.055015445,17.4322417,15.40823014,-3.765297146,-0.377330132,-21.5534877,-3.517040429,-11.11663327,0,0,0,-0.081100309
Fe,4,0.02,Li301FeP49S250Cl46F4,-7.545685254,-1.249285638,-0.08,0.08,0,-1,-6.04,0.92,0.08,0.98,5,2.08,0,0,0,0.02,-17.42971642,-2.546814899,-4.005635262,-6.288835526,-21.9933548,-0.703408086,-5.293634892,-6.101832986,-11.24588132,-11.9619956,-4.429183602,17.42971642,15.38276199,-3.685184441,-0.503106842,-21.5534877,-3.517040429,-11.01076057,0,0,0,-0.088583672
Fe,5,0.02,Li300FeP49S250Cl45F5,-7.5214328,-1.247335456,-0.1,0.1,0,-1,-6.03,0.9,0.1,0.98,5,2.06,0,0,0,0.02,-17.42844331,-2.546814899,-4.005635262,-6.288835526,-21.9933548,-0.703408086,-5.293634892,-7.741148472,-12.21740913,-14.28825283,-4.88993293,17.42844331,15.35729384,-3.605071735,-0.628883553,-21.5534877,-3.517040429,-10.90488788,0,0,0,-0.097798659
Fe,6,0.02,Li299FeP49S250Cl44F6,-7.499957903,-1.245840183,-0.12,0.12,0,-1,-6.02,0.88,0.12,0.98,5,2.04,0,0,0,0.02,-17.42794278,-2.546814899,-4.005635262,-6.288835526,-21.9933548,-0.703408086,-5.293634892,-8.622333527,-13.15511918,-16.66340971,-5.528188705,17.42794278,15.33182569,-3.52495903,-0.754660263,-21.5534877,-3.517040429,-10.79901518,0,0,0,-0.110563774
Fe,2,0.03,Li609Fe3P97S500Cl94F6,-7.631125039,-1.246915856,-0.06,0.06,0.03,-1,-6.12,0.94,0.06,0.97,5,2.18,0,0,0.03,0,-17.51796768,-2.546814899,-4.005635262,-6.288835526,-21.9933548,-0.703408086,-5.293634892,-3.304619551,-7.724226236,-6.741799116,-2.921339989,17.51796768,15.58650718,-3.765297146,-0.377330132,-21.33355415,-3.517040429,-11.54012406,0,0,-0.202253973,0
Fe,3,0.03,Li606Fe3P97S500Cl91F9,-7.576840134,-1.247216483,-0.09,0.09,0,-1,-6.075,0.91,0.09,0.97,5,2.15,0,0,0,0.03,-17.5159427,-2.546814899,-4.005635262,-6.288835526,-21.9933548,-0.703408086,-5.293634892,-4.469741344,-10.45446587,-9.487854004,-4.055015445,17.5159427,15.47190051,-3.645128088,-0.565995197,-21.33355415,-3.517040429,-11.38131502,0,0,0,-0.121650463
Fe,4,0.03,Li603Fe3P97S500Cl88F12,-7.535426892,-1.243469784,-0.12,0.12,0,-1,-6.06,0.88,0.12,0.97,5,2.12,0,0,0,0.03,-17.51647017,-2.546814899,-4.005635262,-6.288835526,-21.9933548,-0.703408086,-5.293634892,-6.101832986,-11.24588132,-11.9619956,-4.429183602,17.51647017,15.43369829,-3.52495903,-0.754660263,-21.33355415,-3.517040429,-11.22250597,0,0,0,-0.132875508
Fe,5,0.03,Li600Fe3P97S500Cl85F15,-7.495692289,-1.239982182,-0.15,0.15,0,-1,-6.045,0.85,0.15,0.97,5,2.09,0,0,0,0.03,-17.51791644,-2.546814899,-4.005635262,-6.288835526,-21.9933548,-0.703408086,-5.293634892,-7.741148472,-12.21740913,-14.28825283,-4.88993293,17.51791644,15.39549606,-3.404789972,-0.943325329,-21.33355415,-3.517040429,-11.06369692,0,0,0,-0.146697988
Fe,6,0.03,Li597Fe3P97S500Cl82F18,-7.461857589,-1.237455653,-0.18,0.18,0,-1,-6.03,0.82,0.18,0.97,5,2.06,0,0,0,0.03,-17.518788,-2.546814899,-4.005635262,-6.288835526,-21.9933548,-0.703408086,-5.293634892,-8.622333527,-13.15511918,-16.66340971,-5.528188705,17.518788,15.35729384,-3.284620914,-1.131990395,-21.33355415,-3.517040429,-10.90488788,0,0,0,-0.165845661
Fe,2,0.04,Li153FeP24S125Cl23F2,-7.657817326,-1.243152163,-0.08,0.08,0.04,-1,-6.16,0.92,0.08,0.96,5,2.24,0,0,0.04,0,-17.60016933,-2.546814899,-4.005635262,-6.288835526,-21.9933548,-0.703408086,-5.293634892,-3.304619551,-7.724226236,-6.741799116,-2.921339989,17.60016933,15.68837978,-3.685184441,-0.503106842,-21.11362061,-3.517040429,-11.85774216,0,0,-0.269671965,0
Fe,3,0.04,Li152FeP24S125Cl22F3,-7.580813689,-1.242756342,-0.12,0.12,0,-1,-6.1,0.88,0.12,0.96,5,2.2,0,0,0,0.04,-17.60209313,-2.546814899,-4.005635262,-6.288835526,-21.9933548,-0.703408086,-5.293634892,-4.469741344,-10.45446587,-9.487854004,-4.055015445,17.60209313,15.53557088,-3.52495903,-0.754660263,-21.11362061,-3.517040429,-11.64599676,0,0,0,-0.162200618
Fe,4,0.04,Li151FeP24S125Cl21F4,-7.522351107,-1.2372288,-0.16,0.16,0,-1,-6.08,0.84,0.16,0.96,5,2.16,0,0,0,0.04,-17.60604136,-2.546814899,-4.005635262,-6.288835526,-21.9933548,-0.703408086,-5.293634892,-6.101832986,-11.24588132,-11.9619956,-4.429183602,17.60604136,15.48463459,-3.36473362,-1.006213684,-21.11362061,-3.517040429,-11.43425137,0,0,0,-0.177167344
Fe,5,0.04,Li150FeP24S125Cl20F5,-7.468773991,-1.232470956,-0.2,0.2,0,-1,-6.06,0.8,0.2,0.96,5,2.12,0,0,0,0.04,-17.60856736,-2.546814899,-4.005635262,-6.288835526,-21.9933548,-0.703408086,-5.293634892,-7.741148472,-12.21740913,-14.28825283,-4.88993293,17.60856736,15.43369829,-3.204508209,-1.257767105,-21.11362061,-3.517040429,-11.22250597,0,0,0,-0.195597317
Fe,6,0.04,Li149FeP24S125Cl19F6,-7.426834935,-1.229608433,-0.24,0.24,0,-1,-6.04,0.76,0.24,0.96,5,2.08,0,0,0,0.04,-17.60655556,-2.546814899,-4.005635262,-6.288835526,-21.9933548,-0.703408086,-5.293634892,-8.622333527,-13.15511918,-16.66340971,-5.528188705,17.60655556,15.38276199,-3.044282799,-1.509320526,-21.11362061,-3.517040429,-11.01076057,0,0,0,-0.221127548
Fe,2,0.05,Li123FeP19S100Cl18F2,-7.684108805,-1.239372388,-0.1,0.1,0.05,-1,-6.2,0.9,0.1,0.95,5,2.3,0,0,0.05,0,-17.6827718,-2.546814899,-4.005635262,-6.288835526,-21.9933548,-0.703408086,-5.293634892,-3.304619551,-7.724226236,-6.741799116,-2.921339989,17.6827718,15.79025237,-3.605071735,-0.628883553,-20.89368706,-3.517040429,-12.17536025,0,0,-0.337089956,0
Fe,3,0.05,Li122FeP19S100Cl17F3,-7.583906201,-1.238188768,-0.15,0.15,0,-1,-6.125,0.85,0.15,0.95,5,2.25,-6.94E-18,6.94E-18,0,0.05,-17.68912461,-2.546814899,-4.005635262,-6.288835526,-21.9933548,-0.703408086,-5.293634892,-4.469741344,-10.45446587,-9.487854004,-4.055015445,17.68912461,15.59924126,-3.404789972,-0.943325329,-20.89368706,-3.517040429,-11.91067851,3.10E-17,-7.25E-17,0,-0.202750772
Fe,4,0.05,Li121FeP19S100Cl16F4,-7.50973883,-1.231104726,-0.2,0.2,0,-1,-6.1,0.8,0.2,0.95,5,2.2,0,0,0,0.05,-17.69514903,-2.546814899,-4.005635262,-6.288835526,-21.9933548,-0.703408086,-5.293634892,-6.101832986,-11.24588132,-11.9619956,-4.429183602,17.69514903,15.53557088,-3.204508209,-1.257767105,-20.89368706,-3.517040429,-11.64599676,0,0,0,-0.22145918
Fe,5,0.05,Li120FeP19S100Cl15F5,-7.445838475,-1.225652424,-0.25,0.25,0,-1,-6.075,0.75,0.25,0.95,5,2.15,0,0,0,0.05,-17.69523549,-2.546814899,-4.005635262,-6.288835526,-21.9933548,-0.703408086,-5.293634892,-7.741148472,-12.21740913,-14.28825283,-4.88993293,17.69523549,15.47190051,-3.004226446,-1.572208881,-20.89368706,-3.517040429,-11.38131502,0,0,0,-0.244496647
Fe,6,0.05,Li119FeP19S100Cl14F6,-7.402910741,-1.22362161,-0.3,0.3,0,-1,-6.05,0.7,0.3,0.95,5,2.1,-6.94E-18,6.94E-18,0,0.05,-17.68322465,-2.546814899,-4.005635262,-6.288835526,-21.9933548,-0.703408086,-5.293634892,-8.622333527,-13.15511918,-16.66340971,-5.528188705,17.68322465,15.40823014,-2.803944683,-1.886650658,-20.89368706,-3.517040429,-11.11663327,5.98E-17,-9.13E-17,0,-0.276409435
Fe,2,0.06,Li309Fe3P47S250Cl44F6,-7.710378272,-1.235637544,-0.12,0.12,0.06,-1,-6.24,0.88,0.12,0.94,5,2.36,0,0,0.06,0,-17.76539628,-2.546814899,-4.005635262,-6.288835526,-21.9933548,-0.703408086,-5.293634892,-3.304619551,-7.724226236,-6.741799116,-2.921339989,17.76539628,15.89212497,-3.52495903,-0.754660263,-20.67375351,-3.517040429,-12.49297834,0,0,-0.404507947,0
Fe,3,0.06,Li306Fe3P47S250Cl41F9,-7.587669108,-1.233767335,-0.18,0.18,0,-1,-6.15,0.82,0.18,0.94,5,2.3,0,0,0,0.06,-17.77548569,-2.546814899,-4.005635262,-6.288835526,-21.9933548,-0.703408086,-5.293634892,-4.469741344,-10.45446587,-9.487854004,-4.055015445,17.77548569,15.66291163,-3.284620914,-1.131990395,-20.67375351,-3.517040429,-12.17536025,0,0,0,-0.243300927
Fe,4,0.06,Li303Fe3P47S250Cl38F12,-7.500032573,-1.225495518,-0.24,0.24,0,-1,-6.12,0.76,0.24,0.94,5,2.24,0,0,0,0.06,-17.78135068,-2.546814899,-4.005635262,-6.288835526,-21.9933548,-0.703408086,-5.293634892,-6.101832986,-11.24588132,-11.9619956,-4.429183602,17.78135068,15.58650718,-3.044282799,-1.509320526,-20.67375351,-3.517040429,-11.85774216,0,0,0,-0.265751016
Fe,5,0.06,Li300Fe3P47S250Cl35F15,-7.430183547,-1.22006298,-0.3,0.3,0,-1,-6.09,0.7,0.3,0.94,5,2.18,0,0,0,0.06,-17.77462304,-2.546814899,-4.005635262,-6.288835526,-21.9933548,-0.703408086,-5.293634892,-7.741148472,-12.21740913,-14.28825283,-4.88993293,17.77462304,15.51010274,-2.803944683,-1.886650658,-20.67375351,-3.517040429,-11.54012406,0,0,0,-0.293395976
Fe,6,0.06,Li297Fe3P47S250Cl32F18,-7.393516556,-1.220052237,-0.36,0.36,0,-1,-6.06,0.64,0.36,0.94,5,2.12,0,0,0,0.06,-17.74536374,-2.546814899,-4.005635262,-6.288835526,-21.9933548,-0.703408086,-5.293634892,-8.622333527,-13.15511918,-16.66340971,-5.528188705,17.74536374,15.43369829,-2.563606567,-2.263980789,-20.67375351,-3.517040429,-11.22250597,0,0,0,-0.331691322
Fe,2,0.07,Li621Fe7P93S500Cl86F14,-7.736921378,-1.23199385,-0.14,0.14,0.07,-1,-6.28,0.86,0.14,0.93,5,2.42,0,0,0.07,0,-17.84774712,-2.546814899,-4.005635262,-6.288835526,-21.9933548,-0.703408086,-5.293634892,-3.304619551,-7.724226236,-6.741799116,-2.921339989,17.84774712,15.99399757,-3.444846325,-0.880436974,-20.45381996,-3.517040429,-12.81059644,0,0,-0.471925938,0
Fe,3,0.07,Li614Fe7P93S500Cl79F21,-7.593165209,-1.229662382,-0.21,0.21,0,-1,-6.175,0.79,0.21,0.93,5,2.35,-1.39E-17,1.39E-17,0,0.07,-17.86011357,-2.546814899,-4.005635262,-6.288835526,-21.9933548,-0.703408086,-5.293634892,-4.469741344,-10.45446587,-9.487854004,-4.055015445,17.86011357,15.726582,-3.164451857,-1.32065546,-20.45381996,-3.517040429,-12.440042,6.20E-17,-1.45E-16,0,-0.283851081
Fe,4,0.07,Li607Fe7P93S500Cl72F28,-7.494487287,-1.220600535,-0.28,0.28,0,-1,-6.14,0.72,0.28,0.93,5,2.28,0,0,0,0.07,-17.86339136,-2.546814899,-4.005635262,-6.288835526,-21.9933548,-0.703408086,-5.293634892,-6.101832986,-11.24588132,-11.9619956,-4.429183602,17.86339136,15.63744348,-2.884057388,-1.760873947,-20.45381996,-3.517040429,-12.06948755,0,0,0,-0.310042852
Fe,5,0.07,Li600Fe7P93S500Cl65F35,-7.42284752,-1.21586364,-0.35,0.35,0,-1,-6.105,0.65,0.35,0.93,5,2.21,-1.39E-17,1.39E-17,0,0.07,-17.84569168,-2.546814899,-4.005635262,-6.288835526,-21.9933548,-0.703408086,-5.293634892,-7.741148472,-12.21740913,-14.28825283,-4.88993293,17.84569168,15.54830496,-2.60366292,-2.201092434,-20.45381996,-3.517040429,-11.69893311,1.07E-16,-1.70E-16,0,-0.342295305
Fe,6,0.07,Li593Fe7P93S500Cl58F42,-7.39557788,-1.218381858,-0.42,0.42,0,-1,-6.07,0.58,0.42,0.93,5,2.14,-1.39E-17,1.39E-17,0,0.07,-17.79604732,-2.546814899,-4.005635262,-6.288835526,-21.9933548,-0.703408086,-5.293634892,-8.622333527,-13.15511918,-16.66340971,-5.528188705,17.79604732,15.45916644,-2.323268452,-2.641310921,-20.45381996,-3.517040429,-11.32837867,1.20E-16,-1.83E-16,0,-0.386973209
Fe,2,0.08,Li156Fe2P23S125Cl21F4,-7.763864407,-1.228459558,-0.16,0.16,0.08,-1,-6.32,0.84,0.16,0.92,5,2.48,0,0,0.08,0,-17.92969804,-2.546814899,-4.005635262,-6.288835526,-21.9933548,-0.703408086,-5.293634892,-3.304619551,-7.724226236,-6.741799116,-2.921339989,17.92969804,16.09587016,-3.36473362,-1.006213684,-20.23388641,-3.517040429,-13.12821453,0,0,-0.539343929,0
Fe,3,0.08,Li154Fe2P23S125Cl19F6,-7.600977422,-1.2259641,-0.24,0.24,0,-1,-6.2,0.76,0.24,0.92,5,2.4,0,0,0,0.08,-17.94242535,-2.546814899,-4.005635262,-6.288835526,-21.9933548,-0.703408086,-5.293634892,-4.469741344,-10.45446587,-9.487854004,-4.055015445,17.94242535,15.79025237,-3.044282799,-1.509320526,-20.23388641,-3.517040429,-12.70472374,0,0,0,-0.324401236
Fe,4,0.08,Li152Fe2P23S125Cl17F8,-7.688545174,-1.216541958,-0.32,0.32,0.08,-1,-6.32,0.68,0.32,0.92,5,2.32,0,0,0.08,0,-17.94096345,-2.546814899,-4.005635262,-6.288835526,-21.9933548,-0.703408086,-5.293634892,-6.101832986,-11.24588132,-11.9619956,-4.429183602,17.94096345,16.09587016,-2.723831978,-2.012427368,-20.23388641,-3.517040429,-12.28123295,0,0,-0.956959648,0
Fe,5,0.08,Li150Fe2P23S125Cl15F10,-7.422812228,-1.212877815,-0.4,0.4,0,-1,-6.12,0.6,0.4,0.92,5,2.24,0,0,0,0.08,-17.90945959,-2.546814899,-4.005635262,-6.288835526,-21.9933548,-0.703408086,-5.293634892,-7.741148472,-12.21740913,-14.28825283,-4.88993293,17.90945959,15.58650718,-2.403381157,-2.51553421,-20.23388641,-3.517040429,-11.85774216,0,0,0,-0.391194634
Fe,6,0.08,Li148Fe2P23S125Cl13F12,-7.401267375,-1.217313713,-0.48,0.48,0,-1,-6.08,0.52,0.48,0.92,5,2.16,0,0,0,0.08,-17.84310273,-2.546814899,-4.005635262,-6.288835526,-21.9933548,-0.703408086,-5.293634892,-8.622333527,-13.15511918,-16.66340971,-5.528188705,17.84310273,15.48463459,-2.082930336,-3.018641052,-20.23388641,-3.517040429,-11.43425137,0,0,0,-0.442255096
Fe,2,0.09,Li627Fe9P91S500Cl82F18,-7.791288885,-1.225045422,-0.18,0.18,0.09,-1,-6.36,0.82,0.18,0.91,5,2.54,0,0,0.09,0,-18.01116751,-2.546814899,-4.005635262,-6.288835526,-21.9933548,-0.703408086,-5.293634892,-3.304619551,-7.724226236,-6.741799116,-2.921339989,18.01116751,16.19774276,-3.284620914,-1.131990395,-20.01395287,-3.517040429,-13.44583262,0,0,-0.60676192,0
Fe,3,0.09,Li618Fe9P91S500Cl73F27,-7.611393634,-1.222713837,-0.27,0.27,0,-1,-6.225,0.73,0.27,0.91,5,2.45,1.39E-17,-1.39E-17,0,0.09,-18.02213312,-2.546814899,-4.005635262,-6.288835526,-21.9933548,-0.703408086,-5.293634892,-4.469741344,-10.45446587,-9.487854004,-4.055015445,18.02213312,15.85392275,-2.924113741,-1.697985592,-20.01395287,-3.517040429,-12.96940548,-6.20E-17,1.45E-16,0,-0.36495139
Fe,4,0.09,Li609Fe9P91S500Cl64F36,-7.715721453,-1.213163751,-0.36,0.36,0.09,-1,-6.36,0.64,0.36,0.91,5,2.36,0,0,0.09,0,-18.01467439,-2.546814899,-4.005635262,-6.288835526,-21.9933548,-0.703408086,-5.293634892,-6.101832986,-11.24588132,-11.9619956,-4.429183602,18.01467439,16.19774276,-2.563606567,-2.263980789,-20.01395287,-3.517040429,-12.49297834,0,0,-1.076579604,0
Fe,5,0.09,Li600Fe9P91S500Cl55F45,-7.700188846,-1.210721517,-0.45,0.45,0.09,-1,-6.36,0.55,0.45,0.91,5,2.27,0,0,0.09,0,-17.96863103,-2.546814899,-4.005635262,-6.288835526,-21.9933548,-0.703408086,-5.293634892,-7.741148472,-12.21740913,-14.28825283,-4.88993293,17.96863103,16.19774276,-2.203099394,-2.829975986,-20.01395287,-3.517040429,-12.0165512,0,0,-1.285942755,0
Fe,6,0.09,Li591Fe9P91S500Cl46F54,-7.393631007,-1.214060921,-0.54,0.54,0,-1,-6.09,0.46,0.54,0.91,5,2.18,1.39E-17,-1.39E-17,0,0.09,-17.903484,-2.546814899,-4.005635262,-6.288835526,-21.9933548,-0.703408086,-5.293634892,-8.622333527,-13.15511918,-16.66340971,-5.528188705,17.903484,15.51010274,-1.84259222,-3.395971184,-20.01395287,-3.517040429,-11.54012406,-1.20E-16,1.83E-16,0,-0.497536983
Fe,2,0.1,Li63FeP9S50Cl8F2,-7.81942766,-1.221785572,-0.2,0.2,0.1,-1,-6.4,0.8,0.2,0.9,5,2.6,0,0,0.1,0,-18.09192268,-2.546814899,-4.005635262,-6.288835526,-21.9933548,-0.703408086,-5.293634892,-3.304619551,-7.724226236,-6.741799116,-2.921339989,18.09192268,16.29961535,-3.204508209,-1.257767105,-19.79401932,-3.517040429,-13.76345072,0,0,-0.674179912,0
Fe,3,0.1,Li62FeP9S50Cl7F3,-7.624300575,-1.219888092,-0.3,0.3,0,-1,-6.25,0.7,0.3,0.9,5,2.5,-1.39E-17,1.39E-17,0,0.1,-18.09935017,-2.546814899,-4.005635262,-6.288835526,-21.9933548,-0.703408086,-5.293634892,-4.469741344,-10.45446587,-9.487854004,-4.055015445,18.09935017,15.91759312,-2.803944683,-1.886650658,-19.79401932,-3.517040429,-13.23408723,6.20E-17,-1.45E-16,0,-0.405501544
Fe,4,0.1,Li61FeP9S50Cl6F4,-7.74580442,-1.210281941,-0.4,0.4,0.1,-1,-6.4,0.6,0.4,0.9,5,2.4,0,0,0.1,0,-18.08547864,-2.546814899,-4.005635262,-6.288835526,-21.9933548,-0.703408086,-5.293634892,-6.101832986,-11.24588132,-11.9619956,-4.429183602,18.08547864,16.29961535,-2.403381157,-2.51553421,-19.79401932,-3.517040429,-12.70472374,0,0,-1.19619956,0
Fe,5,0.1,Li60FeP9S50Cl5F5,-7.733785883,-1.208404044,-0.5,0.5,0.1,-1,-6.4,0.5,0.5,0.9,5,2.3,0,0,0.1,0,-18.02907944,-2.546814899,-4.005635262,-6.288835526,-21.9933548,-0.703408086,-5.293634892,-7.741148472,-12.21740913,-14.28825283,-4.88993293,18.02907944,16.29961535,-2.002817631,-3.144417763,-19.79401932,-3.517040429,-12.17536025,0,0,-1.428825283,0
Fe,6,0.1,Li59FeP9S50Cl4F6,-7.365712199,-1.207493803,-0.6,0.6,0,-1,-6.1,0.4,0.6,0.9,5,2.2,-1.39E-17,1.39E-17,0,0.1,-17.98414772,-2.546814899,-4.005635262,-6.288835526,-21.9933548,-0.703408086,-5.293634892,-8.622333527,-13.15511918,-16.66340971,-5.528188705,17.98414772,15.53557088,-1.602254105,-3.773301315,-19.79401932,-3.517040429,-11.64599676,1.20E-16,-1.83E-16,0,-0.552818871
Fl,2,0.01,Li603FlP99S500Cl98F2,-7.457510445,-1.236734734,-0.02,0.02,0,-1,-6.03,0.98,0.02,0.99,5,2.06,0,0,0,0.01,-17.46509021,-2.546814899,-4.005635262,-6.288835526,-21.9933548,-0.703408086,-5.293634892,-2.57173723,-7.343816757,-6.810321212,-3.324567795,17.46509021,15.35729384,-3.925522556,-0.125776711,-21.77342125,-3.517040429,-10.90488788,0,0,0,-0.033245678
Fl,2,0.02,Li303FlP49S250Cl48F2,-7.472478203,-1.233082212,-0.04,0.04,0,-1,-6.06,0.96,0.04,0.98,5,2.12,0,0,0,0.02,-17.55031224,-2.546814899,-4.005635262,-6.288835526,-21.9933548,-0.703408086,-5.293634892,-2.57173723,-7.343816757,-6.810321212,-3.324567795,17.55031224,15.43369829,-3.845409851,-0.251553421,-21.5534877,-3.517040429,-11.22250597,0,0,0,-0.066491356
Fl,2,0.03,Li609Fl3P97S500Cl94F6,-7.485917472,-1.229214692,-0.06,0.06,0,-1,-6.09,0.94,0.06,0.97,5,2.18,0,0,0,0.03,-17.63706275,-2.546814899,-4.005635262,-6.288835526,-21.9933548,-0.703408086,-5.293634892,-2.57173723,-7.343816757,-6.810321212,-3.324567795,17.63706275,15.51010274,-3.765297146,-0.377330132,-21.33355415,-3.517040429,-11.54012406,0,0,0,-0.099737034
Fl,2,0.04,Li153FlP24S125Cl23F2,-7.498258657,-1.225205663,-0.08,0.08,0,-1,-6.12,0.92,0.08,0.96,5,2.24,0,0,0,0.04,-17.72491135,-2.546814899,-4.005635262,-6.288835526,-21.9933548,-0.703408086,-5.293634892,-2.57173723,-7.343816757,-6.810321212,-3.324567795,17.72491135,15.58650718,-3.685184441,-0.503106842,-21.11362061,-3.517040429,-11.85774216,0,0,0,-0.132982712
Fl,2,0.05,Li123FlP19S100Cl18F2,-7.509812341,-1.221107698,-0.1,0.1,0,-1,-6.15,0.9,0.1,0.95,5,2.3,0,0,0,0.05,-17.81354744,-2.546814899,-4.005635262,-6.288835526,-21.9933548,-0.703408086,-5.293634892,-2.57173723,-7.343816757,-6.810321212,-3.324567795,17.81354744,15.66291163,-3.605071735,-0.628883553,-20.89368706,-3.517040429,-12.17536025,0,0,0,-0.16622839
Fl,2,0.06,Li309Fl3P47S250Cl44F6,-7.520778872,-1.21695451,-0.12,0.12,0,-1,-6.18,0.88,0.12,0.94,5,2.36,0,0,0,0.06,-17.9027707,-2.546814899,-4.005635262,-6.288835526,-21.9933548,-0.703408086,-5.293634892,-2.57173723,-7.343816757,-6.810321212,-3.324567795,17.9027707,15.73931608,-3.52495903,-0.754660263,-20.67375351,-3.517040429,-12.49297834,0,0,0,-0.199474068
Fl,2,0.07,Li621Fl7P93S500Cl86F14,-7.531256522,-1.212762725,-0.14,0.14,0,-1,-6.21,0.86,0.14,0.93,5,2.42,0,0,0,0.07,-17.99248283,-2.546814899,-4.005635262,-6.288835526,-21.9933548,-0.703408086,-5.293634892,-2.57173723,-7.343816757,-6.810321212,-3.324567795,17.99248283,15.81572052,-3.444846325,-0.880436974,-20.45381996,-3.517040429,-12.81059644,0,0,0,-0.232719746
Fl,2,0.08,Li156Fl2P23S125Cl21F4,-7.541263988,-1.208535896,-0.16,0.16,0,-1,-6.24,0.84,0.16,0.92,5,2.48,0,0,0,0.08,-18.08266514,-2.546814899,-4.005635262,-6.288835526,-21.9933548,-0.703408086,-5.293634892,-2.57173723,-7.343816757,-6.810321212,-3.324567795,18.08266514,15.89212497,-3.36473362,-1.006213684,-20.23388641,-3.517040429,-13.12821453,0,0,0,-0.265965424
Fl,2,0.09,Li627Fl9P91S500Cl82F18,-7.550807493,-1.204275517,-0.18,0.18,0,-1,-6.27,0.82,0.18,0.91,5,2.54,0,0,0,0.09,-18.17331142,-2.546814899,-4.005635262,-6.288835526,-21.9933548,-0.703408086,-5.293634892,-2.57173723,-7.343816757,-6.810321212,-3.324567795,18.17331142,15.96852942,-3.284620914,-1.131990395,-20.01395287,-3.517040429,-13.44583262,0,0,0,-0.299211102
Fl,2,0.1,Li63FlP9S50Cl8F2,-7.560015417,-1.200002447,-0.2,0.2,0,-1,-6.3,0.8,0.2,0.9,5,2.6,0,0,0,0.1,-18.26429328,-2.546814899,-4.005635262,-6.288835526,-21.9933548,-0.703408086,-5.293634892,-2.57173723,-7.343816757,-6.810321212,-3.324567795,18.26429328,16.04493386,-3.204508209,-1.257767105,-19.79401932,-3.517040429,-13.76345072,0,0,0,-0.332456779
Fm,2,0.01,Li603FmP99S500Cl98F2,-7.548232367,-1.249707345,-0.02,0.02,0.01,-1,-6.04,0.98,0.02,0.99,5,2.06,0,0,0.01,0,-17.38109723,-2.546814899,-4.005635262,-6.288835526,-21.9933548,-0.703408086,-5.293634892,-2.875377953,-6.573347569,-6.544276476,-2.536432505,17.38109723,15.38276199,-3.925522556,-0.125776711,-21.77342125,-3.517040429,-10.90488788,0,0,-0.065442765,0
Fm,3,0.01,Li602FmP99S500Cl97F3,-7.545735484,-1.249293954,-0.03,0.03,0.01,-1,-6.04,0.97,0.03,0.99,5,2.05,0,0,0.01,0,-17.37905726,-2.546814899,-4.005635262,-6.288835526,-21.9933548,-0.703408086,-5.293634892,-3.318368435,-8.365292549,-9.101026058,-2.955371439,17.37905726,15.38276199,-3.885466204,-0.188665066,-21.77342125,-3.517040429,-10.85195153,0,0,-0.091010261,0
Fm,2,0.02,Li303FmP49S250Cl48F2,-7.574033312,-1.245729163,-0.04,0.04,0.02,-1,-6.08,0.96,0.04,0.98,5,2.12,0,0,0.02,0,-17.462215,-2.546814899,-4.005635262,-6.288835526,-21.9933548,-0.703408086,-5.293634892,-2.875377953,-6.573347569,-6.544276476,-2.536432505,17.462215,15.48463459,-3.845409851,-0.251553421,-21.5534877,-3.517040429,-11.22250597,0,0,-0.13088553,0
Fm,3,0.02,Li302FmP49S250Cl47F3,-7.566429805,-1.244478586,-0.06,0.06,0.02,-1,-6.08,0.94,0.06,0.98,5,2.1,0,0,0.02,0,-17.46074481,-2.546814899,-4.005635262,-6.288835526,-21.9933548,-0.703408086,-5.293634892,-3.318368435,-8.365292549,-9.101026058,-2.955371439,17.46074481,15.48463459,-3.765297146,-0.377330132,-21.5534877,-3.517040429,-11.11663327,0,0,-0.182020521,0
Fm,2,0.03,Li609Fm3P97S500Cl94F6,-7.597833755,-1.241476104,-0.06,0.06,0.03,-1,-6.12,0.94,0.06,0.97,5,2.18,0,0,0.03,0,-17.54533328,-2.546814899,-4.005635262,-6.288835526,-21.9933548,-0.703408086,-5.293634892,-2.875377953,-6.573347569,-6.544276476,-2.536432505,17.54533328,15.58650718,-3.765297146,-0.377330132,-21.33355415,-3.517040429,-11.54012406,0,0,-0.196328294,0
Fm,3,0.03,Li606Fm3P97S500Cl91F9,-7.583137987,-1.239074834,-0.09,0.09,0.03,-1,-6.12,0.91,0.09,0.97,5,2.15,0,0,0.03,0,-17.5464185,-2.546814899,-4.005635262,-6.288835526,-21.9933548,-0.703408086,-5.293634892,-3.318368435,-8.365292549,-9.101026058,-2.955371439,17.5464185,15.58650718,-3.645128088,-0.565995197,-21.33355415,-3.517040429,-11.38131502,0,0,-0.273030782,0
Fm,2,0.04,Li153FmP24S125Cl23F2,-7.619625932,-1.236952262,-0.08,0.08,0.04,-1,-6.16,0.92,0.08,0.96,5,2.24,0,0,0.04,0,-17.63045982,-2.546814899,-4.005635262,-6.288835526,-21.9933548,-0.703408086,-5.293634892,-2.875377953,-6.573347569,-6.544276476,-2.536432505,17.63045982,15.68837978,-3.685184441,-0.503106842,-21.11362061,-3.517040429,-11.85774216,0,0,-0.261771059,0
Fm,3,0.04,Li152FmP24S125Cl22F3,-7.596452161,-1.233190286,-0.12,0.12,0.04,-1,-6.16,0.88,0.12,0.96,5,2.2,0,0,0.04,0,-17.63548619,-2.546814899,-4.005635262,-6.288835526,-21.9933548,-0.703408086,-5.293634892,-3.318368435,-8.365292549,-9.101026058,-2.955371439,17.63548619,15.68837978,-3.52495903,-0.754660263,-21.11362061,-3.517040429,-11.64599676,0,0,-0.364041042,0
Fm,2,0.05,Li123FmP19S100Cl18F2,-7.63936293,-1.232155311,-0.1,0.1,0.05,-1,-6.2,0.9,0.1,0.95,5,2.3,0,0,0.05,0,-17.71764154,-2.546814899,-4.005635262,-6.288835526,-21.9933548,-0.703408086,-5.293634892,-2.875377953,-6.573347569,-6.544276476,-2.536432505,17.71764154,15.79025237,-3.605071735,-0.628883553,-20.89368706,-3.517040429,-12.17536025,0,0,-0.327213824,0
Fm,3,0.05,Li122FmP19S100Cl17F3,-7.606891667,-1.226918011,-0.15,0.15,0.05,-1,-6.2,0.85,0.15,0.95,5,2.25,-6.94E-18,6.94E-18,0.05,0,-17.72742856,-2.546814899,-4.005635262,-6.288835526,-21.9933548,-0.703408086,-5.293634892,-3.318368435,-8.365292549,-9.101026058,-2.955371439,17.72742856,15.79025237,-3.404789972,-0.943325329,-20.89368706,-3.517040429,-11.91067851,2.30E-17,-5.80E-17,-0.455051303,0
Fm,2,0.06,Li309Fm3P47S250Cl44F6,-7.657019522,-1.227086462,-0.12,0.12,0.06,-1,-6.24,0.88,0.12,0.94,5,2.36,0,0,0.06,0,-17.80690367,-2.546814899,-4.005635262,-6.288835526,-21.9933548,-0.703408086,-5.293634892,-2.875377953,-6.573347569,-6.544276476,-2.536432505,17.80690367,15.89212497,-3.52495903,-0.754660263,-20.67375351,-3.517040429,-12.49297834,0,0,-0.392656589,0
Fm,3,0.06,Li306Fm3P47S250Cl41F9,-7.615094845,-1.220367764,-0.18,0.18,0.06,-1,-6.24,0.82,0.18,0.94,5,2.3,0,0,0.06,0,-17.82160725,-2.546814899,-4.005635262,-6.288835526,-21.9933548,-0.703408086,-5.293634892,-3.318368435,-8.365292549,-9.101026058,-2.955371439,17.82160725,15.89212497,-3.284620914,-1.131990395,-20.67375351,-3.517040429,-12.17536025,0,0,-0.546061563,0
Fm,2,0.07,Li621Fm7P93S500Cl86F14,-7.67268217,-1.221764677,-0.14,0.14,0.07,-1,-6.28,0.86,0.14,0.93,5,2.42,0,0,0.07,0,-17.89815974,-2.546814899,-4.005635262,-6.288835526,-21.9933548,-0.703408086,-5.293634892,-2.875377953,-6.573347569,-6.544276476,-2.536432505,17.89815974,15.99399757,-3.444846325,-0.880436974,-20.45381996,-3.517040429,-12.81059644,0,0,-0.458099353,0
Fm,3,0.07,Li614Fm7P93S500Cl79F21,-7.621924866,-1.213682303,-0.21,0.21,0.07,-1,-6.28,0.79,0.21,0.93,5,2.35,-1.39E-17,1.39E-17,0.07,0,-17.91715909,-2.546814899,-4.005635262,-6.288835526,-21.9933548,-0.703408086,-5.293634892,-3.318368435,-8.365292549,-9.101026058,-2.955371439,17.91715909,15.99399757,-3.164451857,-1.32065546,-20.45381996,-3.517040429,-12.440042,4.61E-17,-1.16E-16,-0.637071824,0
Fm,2,0.08,Li156Fm2P23S125Cl21F4,-7.686673411,-1.216245793,-0.16,0.16,0.08,-1,-6.32,0.84,0.16,0.92,5,2.48,0,0,0.08,0,-17.99108722,-2.546814899,-4.005635262,-6.288835526,-21.9933548,-0.703408086,-5.293634892,-2.875377953,-6.573347569,-6.544276476,-2.536432505,17.99108722,16.09587016,-3.36473362,-1.006213684,-20.23388641,-3.517040429,-13.12821453,0,0,-0.523542118,0
Fm,3,0.08,Li154Fm2P23S125Cl19F6,-7.628334927,-1.20701502,-0.24,0.24,0.08,-1,-6.32,0.76,0.24,0.92,5,2.4,0,0,0.08,0,-18.0131309,-2.546814899,-4.005635262,-6.288835526,-21.9933548,-0.703408086,-5.293634892,-3.318368435,-8.365292549,-9.101026058,-2.955371439,18.0131309,16.09587016,-3.044282799,-1.509320526,-20.23388641,-3.517040429,-12.70472374,0,0,-0.728082085,0
Fm,2,0.09,Li627Fm9P91S500Cl82F18,-7.699595648,-1.210628247,-0.18,0.18,0.09,-1,-6.36,0.82,0.18,0.91,5,2.54,0,0,0.09,0,-18.08508371,-2.546814899,-4.005635262,-6.288835526,-21.9933548,-0.703408086,-5.293634892,-2.875377953,-6.573347569,-6.544276476,-2.536432505,18.08508371,16.19774276,-3.284620914,-1.131990395,-20.01395287,-3.517040429,-13.44583262,0,0,-0.588984883,0
Fm,3,0.09,Li618Fm9P91S500Cl73F27,-7.635012238,-1.200473622,-0.27,0.27,0.09,-1,-6.36,0.73,0.27,0.91,5,2.45,1.39E-17,-1.39E-17,0.09,0,-18.10883546,-2.546814899,-4.005635262,-6.288835526,-21.9933548,-0.703408086,-5.293634892,-3.318368435,-8.365292549,-9.101026058,-2.955371439,18.10883546,16.19774276,-2.924113741,-1.697985592,-20.01395287,-3.517040429,-12.96940548,-4.61E-17,1.16E-16,-0.819092345,0
Fm,2,0.1,Li63FmP9S50Cl8F2,-7.712280372,-1.205043808,-0.2,0.2,0.1,-1,-6.4,0.8,0.2,0.9,5,2.6,0,0,0.1,0,-18.1793177,-2.546814899,-4.005635262,-6.288835526,-21.9933548,-0.703408086,-5.293634892,-2.875377953,-6.573347569,-6.544276476,-2.536432505,18.1793177,16.29961535,-3.204508209,-1.257767105,-19.79401932,-3.517040429,-13.76345072,0,0,-0.654427648,0
Fm,3,0.1,Li62FmP9S50Cl7F3,-7.642122617,-1.194081659,-0.3,0.3,0.1,-1,-6.4,0.7,0.3,0.9,5,2.5,-1.39E-17,1.39E-17,0.1,0,-18.20410695,-2.546814899,-4.005635262,-6.288835526,-21.9933548,-0.703408086,-5.293634892,-3.318368435,-8.365292549,-9.101026058,-2.955371439,18.20410695,16.29961535,-2.803944683,-1.886650658,-19.79401932,-3.517040429,-13.23408723,4.61E-17,-1.16E-16,-0.910102606,0
Fr,1,0.01,Li604FrP99S500Cl99F,-7.417191294,-1.228011804,-0.02,0.01,0,-1,-6.04,0.98,0.01,0.99,5,2.08,0.01,0,0,0,-17.53422707,-2.546814899,-4.005635262,-6.288835526,-21.9933548,-0.703408086,-5.293634892,-4.45471859,-5.753437042,-4.427273512,-1.690309882,17.53422707,15.38276199,-3.925522556,-0.062888355,-21.77342125,-3.517040429,-11.01076057,-0.044547186,0,0,0
Fr,1,0.02,Li304FrP49S250Cl49F,-7.450364308,-1.225388866,-0.04,0.02,0,-1,-6.08,0.96,0.02,0.98,5,2.16,0.02,0,0,0,-17.63006154,-2.546814899,-4.005635262,-6.288835526,-21.9933548,-0.703408086,-5.293634892,-4.45471859,-5.753437042,-4.427273512,-1.690309882,17.63006154,15.48463459,-3.845409851,-0.125776711,-21.5534877,-3.517040429,-11.43425137,-0.089094372,0,0,0
Fr,1,0.03,Li612Fr3P97S500Cl97F3,-7.48392765,-1.222863995,-0.06,0.03,0,-1,-6.12,0.94,0.03,0.97,5,2.24,0.03,0,0,0,-17.72550568,-2.546814899,-4.005635262,-6.288835526,-21.9933548,-0.703408086,-5.293634892,-4.45471859,-5.753437042,-4.427273512,-1.690309882,17.72550568,15.58650718,-3.765297146,-0.188665066,-21.33355415,-3.517040429,-11.85774216,-0.133641558,0,0,0
Fr,1,0.04,Li154FrP24S125Cl24F,-7.517757035,-1.220415103,-0.08,0.04,0,-1,-6.16,0.92,0.04,0.96,5,2.32,0.04,0,0,0,-17.82068377,-2.546814899,-4.005635262,-6.288835526,-21.9933548,-0.703408086,-5.293634892,-4.45471859,-5.753437042,-4.427273512,-1.690309882,17.82068377,15.68837978,-3.685184441,-0.251553421,-21.11362061,-3.517040429,-12.28123295,-0.178188744,0,0,0
Fr,1,0.05,Li124FrP19S100Cl19F,-7.551418172,-1.217970673,-0.1,0.05,0,-1,-6.2,0.9,0.05,0.95,5,2.4,0.05,0,0,0,-17.91603012,-2.546814899,-4.005635262,-6.288835526,-21.9933548,-0.703408086,-5.293634892,-4.45471859,-5.753437042,-4.427273512,-1.690309882,17.91603012,15.79025237,-3.605071735,-0.314441776,-20.89368706,-3.517040429,-12.70472374,-0.222735929,0,0,0
Fr,1,0.06,Li312Fr3P47S250Cl47F3,-7.584283631,-1.215430069,-0.12,0.06,0,-1,-6.24,0.88,0.06,0.94,5,2.48,0.06,0,0,0,-18.01217215,-2.546814899,-4.005635262,-6.288835526,-21.9933548,-0.703408086,-5.293634892,-4.45471859,-5.753437042,-4.427273512,-1.690309882,18.01217215,15.89212497,-3.52495903,-0.377330132,-20.67375351,-3.517040429,-13.12821453,-0.267283115,0,0,0
Fr,1,0.07,Li628Fr7P93S500Cl93F7,-7.615727885,-1.212695523,-0.14,0.07,0,-1,-6.28,0.86,0.07,0.93,5,2.56,0.07,0,0,0,-18.10973537,-2.546814899,-4.005635262,-6.288835526,-21.9933548,-0.703408086,-5.293634892,-4.45471859,-5.753437042,-4.427273512,-1.690309882,18.10973537,15.99399757,-3.444846325,-0.440218487,-20.45381996,-3.517040429,-13.55170532,-0.311830301,0,0,0
Fr,1,0.08,Li158Fr2P23S125Cl23F2,-7.645594296,-1.209745933,-0.16,0.08,0,-1,-6.32,0.84,0.08,0.92,5,2.64,0.08,0,0,0,-18.20887645,-2.546814899,-4.005635262,-6.288835526,-21.9933548,-0.703408086,-5.293634892,-4.45471859,-5.753437042,-4.427273512,-1.690309882,18.20887645,16.09587016,-3.36473362,-0.503106842,-20.23388641,-3.517040429,-13.97519611,-0.356377487,0,0,0
Fr,1,0.09,Li636Fr9P91S500Cl91F9,-7.674590859,-1.206696676,-0.18,0.09,0,-1,-6.36,0.82,0.09,0.91,5,2.72,0.09,0,0,0,-18.30888737,-2.546814899,-4.005635262,-6.288835526,-21.9933548,-0.703408086,-5.293634892,-4.45471859,-5.753437042,-4.427273512,-1.690309882,18.30888737,16.19774276,-3.284620914,-0.565995197,-20.01395287,-3.517040429,-14.3986869,-0.400924673,0,0,0
Fr,1,0.1,Li64FrP9S50Cl9F,-7.703680196,-1.203700031,-0.2,0.1,0,-1,-6.4,0.8,0.1,0.9,5,2.8,0.1,0,0,0,-18.40880551,-2.546814899,-4.005635262,-6.288835526,-21.9933548,-0.703408086,-5.293634892,-4.45471859,-5.753437042,-4.427273512,-1.690309882,18.40880551,16.29961535,-3.204508209,-0.628883553,-19.79401932,-3.517040429,-14.8221777,-0.445471859,0,0,0
Ga,1,0.01,Li604GaP99S500Cl99F,-7.253052705,-1.200836541,-0.01,0.01,0.01,-1,-6.04,0.99,0.01,0.99,5,2.07,0,0,0.01,0,-17.68880236,-2.546814899,-4.005635262,-6.288835526,-21.9933548,-0.703408086,-5.293634892,-1.96414423,-3.707573652,-4.786388397,-2.665159106,17.68880236,15.38276199,-3.965578909,-0.062888355,-21.77342125,-3.517040429,-10.95782423,0,0,-0.047863884,0
Ga,3,0.01,Li602GaP99S500Cl97F3,-7.24007919,-1.201672895,-0.03,0.03,0,-1,-6.025,0.97,0.03,0.99,5,2.05,0,0,0,0.01,-17.6881869,-2.546814899,-4.005635262,-6.288835526,-21.9933548,-0.703408086,-5.293634892,-4.832012653,-11.43030071,-10.81867719,-5.628138185,17.6881869,15.34455977,-3.885466204,-0.188665066,-21.77342125,-3.517040429,-10.85195153,0,0,0,-0.056281382
Ga,1,0.02,Li304GaP49S250Cl49F,-7.295505904,-1.199918734,-0.02,0.02,0.02,-1,-6.08,0.98,0.02,0.98,5,2.14,0,0,0.02,0,-17.76579334,-2.546814899,-4.005635262,-6.288835526,-21.9933548,-0.703408086,-5.293634892,-1.96414423,-3.707573652,-4.786388397,-2.665159106,17.76579334,15.48463459,-3.925522556,-0.125776711,-21.5534877,-3.517040429,-11.32837867,0,0,-0.095727768,0
Ga,3,0.02,Li302GaP49S250Cl47F3,-7.26749034,-1.201238073,-0.06,0.06,0,-1,-6.05,0.94,0.06,0.98,5,2.1,0,0,0,0.02,-17.76663096,-2.546814899,-4.005635262,-6.288835526,-21.9933548,-0.703408086,-5.293634892,-4.832012653,-11.43030071,-10.81867719,-5.628138185,17.76663096,15.40823014,-3.765297146,-0.377330132,-21.5534877,-3.517040429,-11.11663327,0,0,0,-0.112562764
Ga,1,0.03,Li612Ga3P97S500Cl97F3,-7.338989968,-1.199181367,-0.03,0.03,0.03,-1,-6.12,0.97,0.03,0.97,5,2.21,0,0,0.03,0,-17.84175346,-2.546814899,-4.005635262,-6.288835526,-21.9933548,-0.703408086,-5.293634892,-1.96414423,-3.707573652,-4.786388397,-2.665159106,17.84175346,15.58650718,-3.885466204,-0.188665066,-21.33355415,-3.517040429,-11.69893311,0,0,-0.143591652,0
Ga,3,0.03,Li606Ga3P97S500Cl91F9,-7.294347208,-1.20071559,-0.09,0.09,0,-1,-6.075,0.91,0.09,0.97,5,2.15,0,0,0,0.03,-17.84562931,-2.546814899,-4.005635262,-6.288835526,-21.9933548,-0.703408086,-5.293634892,-4.832012653,-11.43030071,-10.81867719,-5.628138185,17.84562931,15.47190051,-3.645128088,-0.565995197,-21.33355415,-3.517040429,-11.38131502,0,0,0,-0.168844146
Ga,1,0.04,Li154GaP24S125Cl24F,-7.383556386,-1.198629283,-0.04,0.04,0.04,-1,-6.16,0.96,0.04,0.96,5,2.28,0,0,0.04,0,-17.91663123,-2.546814899,-4.005635262,-6.288835526,-21.9933548,-0.703408086,-5.293634892,-1.96414423,-3.707573652,-4.786388397,-2.665159106,17.91663123,15.68837978,-3.845409851,-0.251553421,-21.11362061,-3.517040429,-12.06948755,0,0,-0.191455536,0
Ga,3,0.04,Li152GaP24S125Cl22F3,-7.320570006,-1.200093444,-0.12,0.12,0,-1,-6.1,0.88,0.12,0.96,5,2.2,0,0,0,0.04,-17.92526173,-2.546814899,-4.005635262,-6.288835526,-21.9933548,-0.703408086,-5.293634892,-4.832012653,-11.43030071,-10.81867719,-5.628138185,17.92526173,15.53557088,-3.52495903,-0.754660263,-21.11362061,-3.517040429,-11.64599676,0,0,0,-0.225125527
Ga,1,0.05,Li124GaP19S100Cl19F,-7.429167449,-1.198252814,-0.05,0.05,0.05,-1,-6.2,0.95,0.05,0.95,5,2.35,0,0,0.05,0,-17.99046435,-2.546814899,-4.005635262,-6.288835526,-21.9933548,-0.703408086,-5.293634892,-1.96414423,-3.707573652,-4.786388397,-2.665159106,17.99046435,15.79025237,-3.805353498,-0.314441776,-20.89368706,-3.517040429,-12.440042,0,0,-0.23931942,0
Ga,3,0.05,Li122GaP19S100Cl17F3,-7.345794252,-1.199313347,-0.15,0.15,0,-1,-6.125,0.85,0.15,0.95,5,2.25,-6.94E-18,6.94E-18,0,0.05,-18.00589269,-2.546814899,-4.005635262,-6.288835526,-21.9933548,-0.703408086,-5.293634892,-4.832012653,-11.43030071,-10.81867719,-5.628138185,18.00589269,15.59924126,-3.404789972,-0.943325329,-20.89368706,-3.517040429,-11.91067851,3.35E-17,-7.93E-17,0,-0.281406909
Ga,1,0.06,Li312Ga3P47S250Cl47F3,-7.475606506,-1.198013863,-0.06,0.06,0.06,-1,-6.24,0.94,0.06,0.94,5,2.42,0,0,0.06,0,-18.06346948,-2.546814899,-4.005635262,-6.288835526,-21.9933548,-0.703408086,-5.293634892,-1.96414423,-3.707573652,-4.786388397,-2.665159106,18.06346948,15.89212497,-3.765297146,-0.377330132,-20.67375351,-3.517040429,-12.81059644,0,0,-0.287183304,0
Ga,3,0.06,Li306Ga3P47S250Cl41F9,-7.369498413,-1.198292425,-0.18,0.18,0,-1,-6.15,0.82,0.18,0.94,5,2.3,0,0,0,0.06,-18.08804375,-2.546814899,-4.005635262,-6.288835526,-21.9933548,-0.703408086,-5.293634892,-4.832012653,-11.43030071,-10.81867719,-5.628138185,18.08804375,15.66291163,-3.284620914,-1.131990395,-20.67375351,-3.517040429,-12.17536025,0,0,0,-0.337688291
Ga,1,0.07,Li628Ga7P93S500Cl93F7,-7.522508515,-1.197851674,-0.07,0.07,0.07,-1,-6.28,0.93,0.07,0.93,5,2.49,0,0,0.07,0,-18.13601166,-2.546814899,-4.005635262,-6.288835526,-21.9933548,-0.703408086,-5.293634892,-1.96414423,-3.707573652,-4.786388397,-2.665159106,18.13601166,15.99399757,-3.725240793,-0.440218487,-20.45381996,-3.517040429,-13.18115088,0,0,-0.335047188,0
Ga,3,0.07,Li614Ga7P93S500Cl79F21,-7.391312873,-1.196973745,-0.21,0.21,0,-1,-6.175,0.79,0.21,0.93,5,2.35,-1.39E-17,1.39E-17,0,0.07,-18.1720845,-2.546814899,-4.005635262,-6.288835526,-21.9933548,-0.703408086,-5.293634892,-4.832012653,-11.43030071,-10.81867719,-5.628138185,18.1720845,15.726582,-3.164451857,-1.32065546,-20.45381996,-3.517040429,-12.440042,6.71E-17,-1.59E-16,0,-0.393969673
Ga,1,0.08,Li158Ga2P23S125Cl23F2,-7.56960873,-1.1977229,-0.08,0.08,0.08,-1,-6.32,0.92,0.08,0.92,5,2.56,0,0,0.08,0,-18.20835563,-2.546814899,-4.005635262,-6.288835526,-21.9933548,-0.703408086,-5.293634892,-1.96414423,-3.707573652,-4.786388397,-2.665159106,18.20835563,16.09587016,-3.685184441,-0.503106842,-20.23388641,-3.517040429,-13.55170532,0,0,-0.382911072,0
Ga,3,0.08,Li154Ga2P23S125Cl19F6,-7.411361543,-1.195380894,-0.24,0.24,0,-1,-6.2,0.76,0.24,0.92,5,2.4,0,0,0,0.08,-18.25789104,-2.546814899,-4.005635262,-6.288835526,-21.9933548,-0.703408086,-5.293634892,-4.832012653,-11.43030071,-10.81867719,-5.628138185,18.25789104,15.79025237,-3.044282799,-1.509320526,-20.23388641,-3.517040429,-12.70472374,0,0,0,-0.450251055
Ga,1,0.09,Li636Ga9P91S500Cl91F9,-7.616917877,-1.197628597,-0.09,0.09,0.09,-1,-6.36,0.91,0.09,0.91,5,2.63,0,0,0.09,0,-18.28049067,-2.546814899,-4.005635262,-6.288835526,-21.9933548,-0.703408086,-5.293634892,-1.96414423,-3.707573652,-4.786388397,-2.665159106,18.28049067,16.19774276,-3.645128088,-0.565995197,-20.01395287,-3.517040429,-13.92225976,0,0,-0.430774956,0
Ga,3,0.09,Li618Ga9P91S500Cl73F27,-7.430168215,-1.19360132,-0.27,0.27,0,-1,-6.225,0.73,0.27,0.91,5,2.45,1.39E-17,-1.39E-17,0,0.09,-18.34493959,-2.546814899,-4.005635262,-6.288835526,-21.9933548,-0.703408086,-5.293634892,-4.832012653,-11.43030071,-10.81867719,-5.628138185,18.34493959,15.85392275,-2.924113741,-1.697985592,-20.01395287,-3.517040429,-12.96940548,-6.71E-17,1.59E-16,0,-0.506532437
Ga,1,0.1,Li64GaP9S50Cl9F,-7.664426008,-1.197566564,-0.1,0.1,0.1,-1,-6.4,0.9,0.1,0.9,5,2.7,0,0,0.1,0,-18.35242672,-2.546814899,-4.005635262,-6.288835526,-21.9933548,-0.703408086,-5.293634892,-1.96414423,-3.707573652,-4.786388397,-2.665159106,18.35242672,16.29961535,-3.605071735,-0.628883553,-19.79401932,-3.517040429,-14.29281421,0,0,-0.47863884,0
Ga,3,0.1,Li62GaP9S50Cl7F3,-7.448308683,-1.191729389,-0.3,0.3,0,-1,-6.25,0.7,0.3,0.9,5,2.5,-1.39E-17,1.39E-17,0,0.1,-18.43265433,-2.546814899,-4.005635262,-6.288835526,-21.9933548,-0.703408086,-5.293634892,-4.832012653,-11.43030071,-10.81867719,-5.628138185,18.43265433,15.91759312,-2.803944683,-1.886650658,-19.79401932,-3.517040429,-13.23408723,6.71E-17,-1.59E-16,0,-0.562813818
Gd,3,0.01,Li602GdP99S500Cl97F3,-6.707000516,-1.113195106,-0.03,0.03,0,-1,-6.025,0.97,0.03,0.99,5,2.05,0,0,0,0.01,-18.26213048,-2.546814899,-4.005635262,-6.288835526,-21.9933548,-0.703408086,-5.293634892,-10.01734352,-16.75312424,-14.76127577,-9.714628458,18.26213048,15.34455977,-3.885466204,-0.188665066,-21.77342125,-3.517040429,-10.85195153,0,0,0,-0.097146285
Gd,3,0.02,Li302GdP49S250Cl47F3,-6.750189985,-1.115733882,-0.06,0.06,0,-1,-6.05,0.94,0.06,0.98,5,2.1,0,0,0,0.02,-18.36566113,-2.546814899,-4.005635262,-6.288835526,-21.9933548,-0.703408086,-5.293634892,-10.01734352,-16.75312424,-14.76127577,-9.714628458,18.36566113,15.40823014,-3.765297146,-0.377330132,-21.5534877,-3.517040429,-11.11663327,0,0,0,-0.194292569
Gd,3,0.03,Li606Gd3P97S500Cl91F9,-6.792341465,-1.1180809,-0.09,0.09,0,-1,-6.075,0.91,0.09,0.97,5,2.15,0,0,0,0.03,-18.47022976,-2.546814899,-4.005635262,-6.288835526,-21.9933548,-0.703408086,-5.293634892,-10.01734352,-16.75312424,-14.76127577,-9.714628458,18.47022976,15.47190051,-3.645128088,-0.565995197,-21.33355415,-3.517040429,-11.38131502,0,0,0,-0.291438854
Gd,3,0.04,Li152GdP24S125Cl22F3,-6.833236074,-1.120202635,-0.12,0.12,0,-1,-6.1,0.88,0.12,0.96,5,2.2,0,0,0,0.04,-18.57605527,-2.546814899,-4.005635262,-6.288835526,-21.9933548,-0.703408086,-5.293634892,-10.01734352,-16.75312424,-14.76127577,-9.714628458,18.57605527,15.53557088,-3.52495903,-0.754660263,-21.11362061,-3.517040429,-11.64599676,0,0,0,-0.388585138
Gd,3,0.05,Li122GdP19S100Cl17F3,-6.872388134,-1.122022553,-0.15,0.15,0,-1,-6.125,0.85,0.15,0.95,5,2.25,-6.94E-18,6.94E-18,0,0.05,-18.68362333,-2.546814899,-4.005635262,-6.288835526,-21.9933548,-0.703408086,-5.293634892,-10.01734352,-16.75312424,-14.76127577,-9.714628458,18.68362333,15.59924126,-3.404789972,-0.943325329,-20.89368706,-3.517040429,-11.91067851,6.95E-17,-1.16E-16,0,-0.485731423
Gd,3,0.06,Li306Gd3P47S250Cl41F9,-6.909524866,-1.123499978,-0.18,0.18,0,-1,-6.15,0.82,0.18,0.94,5,2.3,0,0,0,0.06,-18.79320671,-2.546814899,-4.005635262,-6.288835526,-21.9933548,-0.703408086,-5.293634892,-10.01734352,-16.75312424,-14.76127577,-9.714628458,18.79320671,15.66291163,-3.284620914,-1.131990395,-20.67375351,-3.517040429,-12.17536025,0,0,0,-0.582877707
Gd,3,0.07,Li614Gd7P93S500Cl79F21,-6.944605263,-1.124632431,-0.21,0.21,0,-1,-6.175,0.79,0.21,0.93,5,2.35,-1.39E-17,1.39E-17,0,0.07,-18.90484643,-2.546814899,-4.005635262,-6.288835526,-21.9933548,-0.703408086,-5.293634892,-10.01734352,-16.75312424,-14.76127577,-9.714628458,18.90484643,15.726582,-3.164451857,-1.32065546,-20.45381996,-3.517040429,-12.440042,1.39E-16,-2.32E-16,0,-0.680023992
Gd,3,0.08,Li154Gd2P23S125Cl19F6,-6.977635185,-1.12542503,-0.24,0.24,0,-1,-6.2,0.76,0.24,0.92,5,2.4,0,0,0,0.08,-19.01853662,-2.546814899,-4.005635262,-6.288835526,-21.9933548,-0.703408086,-5.293634892,-10.01734352,-16.75312424,-14.76127577,-9.714628458,19.01853662,15.79025237,-3.044282799,-1.509320526,-20.23388641,-3.517040429,-12.70472374,0,0,0,-0.777170277
Gd,3,0.09,Li618Gd9P91S500Cl73F27,-7.008542015,-1.125870203,-0.27,0.27,0,-1,-6.225,0.73,0.27,0.91,5,2.45,1.39E-17,-1.39E-17,0,0.09,-19.13434991,-2.546814899,-4.005635262,-6.288835526,-21.9933548,-0.703408086,-5.293634892,-10.01734352,-16.75312424,-14.76127577,-9.714628458,19.13434991,15.85392275,-2.924113741,-1.697985592,-20.01395287,-3.517040429,-12.96940548,-1.39E-16,2.32E-16,0,-0.874316561
Gd,3,0.1,Li62GdP9S50Cl7F3,-7.037284219,-1.125965475,-0.3,0.3,0,-1,-6.25,0.7,0.3,0.9,5,2.5,-1.39E-17,1.39E-17,0,0.1,-19.25232782,-2.546814899,-4.005635262,-6.288835526,-21.9933548,-0.703408086,-5.293634892,-10.01734352,-16.75312424,-14.76127577,-9.714628458,19.25232782,15.91759312,-2.803944683,-1.886650658,-19.79401932,-3.517040429,-13.23408723,1.39E-16,-2.32E-16,0,-0.971462846
Ge,2,0.01,Li603GeP99S500Cl98F2,-7.019585002,-1.162182947,-0.02,0.02,0.01,-1,-6.04,0.98,0.02,0.99,5,2.06,0,0,0.01,0,-17.92033517,-2.546814899,-4.005635262,-6.288835526,-21.9933548,-0.703408086,-5.293634892,-2.800045073,-6.435627937,-7.603334188,-3.795799732,17.92033517,15.38276199,-3.925522556,-0.125776711,-21.77342125,-3.517040429,-10.90488788,0,0,-0.076033342,0
Ge,4,0.01,Li601GeP99S500Cl96F4,-7.021830083,-1.162554649,-0.04,0.04,0.01,-1,-6.04,0.96,0.04,0.99,5,2.04,0,0,0.01,0,-17.91889044,-2.546814899,-4.005635262,-6.288835526,-21.9933548,-0.703408086,-5.293634892,-5.028729439,-12.3697257,-13.70423841,-6.255820513,17.91889044,15.38276199,-3.845409851,-0.251553421,-21.77342125,-3.517040429,-10.79901518,0,0,-0.137042384,0
Ge,2,0.02,Li303GeP49S250Cl48F2,-7.067428183,-1.162405951,-0.04,0.04,0.02,-1,-6.08,0.96,0.04,0.98,5,2.12,0,0,0.02,0,-17.99000129,-2.546814899,-4.005635262,-6.288835526,-21.9933548,-0.703408086,-5.293634892,-2.800045073,-6.435627937,-7.603334188,-3.795799732,17.99000129,15.48463459,-3.845409851,-0.251553421,-21.5534877,-3.517040429,-11.22250597,0,0,-0.152066684,0
Ge,4,0.02,Li301GeP49S250Cl46F4,-7.068367504,-1.162560445,-0.08,0.08,0.02,-1,-6.08,0.92,0.08,0.98,5,2.08,0,0,0.02,0,-17.99066267,-2.546814899,-4.005635262,-6.288835526,-21.9933548,-0.703408086,-5.293634892,-5.028729439,-12.3697257,-13.70423841,-6.255820513,17.99066267,15.48463459,-3.685184441,-0.503106842,-21.5534877,-3.517040429,-11.01076057,0,0,-0.274084768,0
Ge,2,0.03,Li609Ge3P97S500Cl94F6,-7.116777769,-1.162872185,-0.06,0.06,0.03,-1,-6.12,0.94,0.06,0.97,5,2.18,0,0,0.03,0,-18.058161,-2.546814899,-4.005635262,-6.288835526,-21.9933548,-0.703408086,-5.293634892,-2.800045073,-6.435627937,-7.603334188,-3.795799732,18.058161,15.58650718,-3.765297146,-0.377330132,-21.33355415,-3.517040429,-11.54012406,0,0,-0.228100026,0
Ge,4,0.03,Li603Ge3P97S500Cl88F12,-7.113041968,-1.16226176,-0.12,0.12,0.03,-1,-6.12,0.88,0.12,0.97,5,2.12,0,0,0.03,0,-18.06429785,-2.546814899,-4.005635262,-6.288835526,-21.9933548,-0.703408086,-5.293634892,-5.028729439,-12.3697257,-13.70423841,-6.255820513,18.06429785,15.58650718,-3.52495903,-0.754660263,-21.33355415,-3.517040429,-11.22250597,0,0,-0.411127152,0
Ge,2,0.04,Li153GeP24S125Cl23F2,-7.166983434,-1.163471337,-0.08,0.08,0.04,-1,-6.16,0.92,0.08,0.96,5,2.24,0,0,0.04,0,-18.12546463,-2.546814899,-4.005635262,-6.288835526,-21.9933548,-0.703408086,-5.293634892,-2.800045073,-6.435627937,-7.603334188,-3.795799732,18.12546463,15.68837978,-3.685184441,-0.503106842,-21.11362061,-3.517040429,-11.85774216,0,0,-0.304133368,0
Ge,4,0.04,Li151GeP24S125Cl21F4,-7.155874263,-1.1616679,-0.16,0.16,0.04,-1,-6.16,0.84,0.16,0.96,5,2.16,0,0,0.04,0,-18.1397752,-2.546814899,-4.005635262,-6.288835526,-21.9933548,-0.703408086,-5.293634892,-5.028729439,-12.3697257,-13.70423841,-6.255820513,18.1397752,15.68837978,-3.36473362,-1.006213684,-21.11362061,-3.517040429,-11.43425137,0,0,-0.548169537,0
Ge,2,0.05,Li123GeP19S100Cl18F2,-7.217417013,-1.164099518,-0.1,0.1,0.05,-1,-6.2,0.9,0.1,0.95,5,2.3,0,0,0.05,0,-18.19254035,-2.546814899,-4.005635262,-6.288835526,-21.9933548,-0.703408086,-5.293634892,-2.800045073,-6.435627937,-7.603334188,-3.795799732,18.19254035,15.79025237,-3.605071735,-0.628883553,-20.89368706,-3.517040429,-12.17536025,0,0,-0.380166709,0
Ge,4,0.05,Li121GeP19S100Cl16F4,-7.197398626,-1.160870746,-0.2,0.2,0.05,-1,-6.2,0.8,0.2,0.95,5,2.2,0,0,0.05,0,-18.21656048,-2.546814899,-4.005635262,-6.288835526,-21.9933548,-0.703408086,-5.293634892,-5.028729439,-12.3697257,-13.70423841,-6.255820513,18.21656048,15.79025237,-3.204508209,-1.257767105,-20.89368706,-3.517040429,-11.64599676,0,0,-0.685211921,0
Ge,2,0.06,Li309Ge3P47S250Cl44F6,-7.267692797,-1.164694359,-0.12,0.12,0.06,-1,-6.24,0.88,0.12,0.94,5,2.36,0,0,0.06,0,-18.25977386,-2.546814899,-4.005635262,-6.288835526,-21.9933548,-0.703408086,-5.293634892,-2.800045073,-6.435627937,-7.603334188,-3.795799732,18.25977386,15.89212497,-3.52495903,-0.754660263,-20.67375351,-3.517040429,-12.49297834,0,0,-0.456200051,0
Ge,4,0.06,Li303Ge3P47S250Cl38F12,-7.238409388,-1.160001504,-0.24,0.24,0.06,-1,-6.24,0.76,0.24,0.94,5,2.24,0,0,0.06,0,-18.29385937,-2.546814899,-4.005635262,-6.288835526,-21.9933548,-0.703408086,-5.293634892,-5.028729439,-12.3697257,-13.70423841,-6.255820513,18.29385937,15.89212497,-3.044282799,-1.509320526,-20.67375351,-3.517040429,-11.85774216,0,0,-0.822254305,0
Ge,2,0.07,Li621Ge7P93S500Cl86F14,-7.317684527,-1.16523639,-0.14,0.14,0.07,-1,-6.28,0.86,0.14,0.93,5,2.42,0,0,0.07,0,-18.32729143,-2.546814899,-4.005635262,-6.288835526,-21.9933548,-0.703408086,-5.293634892,-2.800045073,-6.435627937,-7.603334188,-3.795799732,18.32729143,15.99399757,-3.444846325,-0.880436974,-20.45381996,-3.517040429,-12.81059644,0,0,-0.532233393,0
Ge,4,0.07,Li607Ge7P93S500Cl72F28,-7.279877823,-1.159216214,-0.28,0.28,0.07,-1,-6.28,0.72,0.28,0.93,5,2.28,0,0,0.07,0,-18.37070058,-2.546814899,-4.005635262,-6.288835526,-21.9933548,-0.703408086,-5.293634892,-5.028729439,-12.3697257,-13.70423841,-6.255820513,18.37070058,15.99399757,-2.884057388,-1.760873947,-20.45381996,-3.517040429,-12.06948755,0,0,-0.959296689,0
Ge,2,0.08,Li156Ge2P23S125Cl21F4,-7.367454199,-1.165736424,-0.16,0.16,0.08,-1,-6.32,0.84,0.16,0.92,5,2.48,0,0,0.08,0,-18.39503105,-2.546814899,-4.005635262,-6.288835526,-21.9933548,-0.703408086,-5.293634892,-2.800045073,-6.435627937,-7.603334188,-3.795799732,18.39503105,16.09587016,-3.36473362,-1.006213684,-20.23388641,-3.517040429,-13.12821453,0,0,-0.608266735,0
Ge,4,0.08,Li152Ge2P23S125Cl17F8,-7.323380055,-1.158762667,-0.32,0.32,0.08,-1,-6.32,0.68,0.32,0.92,5,2.32,0,0,0.08,0,-18.44550799,-2.546814899,-4.005635262,-6.288835526,-21.9933548,-0.703408086,-5.293634892,-5.028729439,-12.3697257,-13.70423841,-6.255820513,18.44550799,16.09587016,-2.723831978,-2.012427368,-20.23388641,-3.517040429,-12.28123295,0,0,-1.096339073,0
Ge,2,0.09,Li627Ge9P91S500Cl82F18,-7.417118165,-1.166213548,-0.18,0.18,0.09,-1,-6.36,0.82,0.18,0.91,5,2.54,0,0,0.09,0,-18.46287638,-2.546814899,-4.005635262,-6.288835526,-21.9933548,-0.703408086,-5.293634892,-2.800045073,-6.435627937,-7.603334188,-3.795799732,18.46287638,16.19774276,-3.284620914,-1.131990395,-20.01395287,-3.517040429,-13.44583262,0,0,-0.684300077,0
Ge,4,0.09,Li609Ge9P91S500Cl64F36,-7.371100916,-1.158978131,-0.36,0.36,0.09,-1,-6.36,0.64,0.36,0.91,5,2.36,0,0,0.09,0,-18.51609678,-2.546814899,-4.005635262,-6.288835526,-21.9933548,-0.703408086,-5.293634892,-5.028729439,-12.3697257,-13.70423841,-6.255820513,18.51609678,16.19774276,-2.563606567,-2.263980789,-20.01395287,-3.517040429,-12.49297834,0,0,-1.233381457,0
Ge,2,0.1,Li63GeP9S50Cl8F2,-7.466819206,-1.166690501,-0.2,0.2,0.1,-1,-6.4,0.8,0.2,0.9,5,2.6,0,0,0.1,0,-18.53068464,-2.546814899,-4.005635262,-6.288835526,-21.9933548,-0.703408086,-5.293634892,-2.800045073,-6.435627937,-7.603334188,-3.795799732,18.53068464,16.29961535,-3.204508209,-1.257767105,-19.79401932,-3.517040429,-13.76345072,0,0,-0.760333419,0
Ge,4,0.1,Li61GeP9S50Cl6F4,-7.424071601,-1.160011188,-0.4,0.4,0.1,-1,-6.4,0.6,0.4,0.9,5,2.4,0,0,0.1,0,-18.58143574,-2.546814899,-4.005635262,-6.288835526,-21.9933548,-0.703408086,-5.293634892,-5.028729439,-12.3697257,-13.70423841,-6.255820513,18.58143574,16.29961535,-2.403381157,-2.51553421,-19.79401932,-3.517040429,-12.70472374,0,0,-1.370423841,0
Hf,2,0.01,Li603HfP99S500Cl98F2,-6.960330304,-1.152372567,-0.02,0.02,0.01,-1,-6.04,0.98,0.02,0.99,5,2.06,0,0,0.01,0,-18.00921172,-2.546814899,-4.005635262,-6.288835526,-21.9933548,-0.703408086,-5.293634892,-5.469572783,-11.78147435,-10.56551933,-6.376226425,18.00921172,15.38276199,-3.925522556,-0.125776711,-21.77342125,-3.517040429,-10.90488788,0,0,-0.105655193,0
Hf,3,0.01,Li602HfP99S500Cl97F3,-6.956656368,-1.154631762,-0.03,0.03,0,-1,-6.025,0.97,0.03,0.99,5,2.05,0,0,0,0.01,-18.00920101,-2.546814899,-4.005635262,-6.288835526,-21.9933548,-0.703408086,-5.293634892,-7.847288132,-16.70036125,-13.95405769,-9.387266636,18.00920101,15.34455977,-3.885466204,-0.188665066,-21.77342125,-3.517040429,-10.85195153,0,0,0,-0.093872666
Hf,4,0.01,Li601HfP99S500Cl96F4,-6.96475598,-1.156936209,-0.04,0.04,0,-1,-6.02,0.96,0.04,0.99,5,2.04,0,0,0,0.01,-18.00969794,-2.546814899,-4.005635262,-6.288835526,-21.9933548,-0.703408086,-5.293634892,-10.0981462,-20.76609373,-17.88827527,-11.98394823,18.00969794,15.33182569,-3.845409851,-0.251553421,-21.77342125,-3.517040429,-10.79901518,0,0,0,-0.119839482
Hf,2,0.02,Li303HfP49S250Cl48F2,-7.025956194,-1.1555849,-0.04,0.04,0.02,-1,-6.08,0.96,0.04,0.98,5,2.12,0,0,0.02,0,-18.09071698,-2.546814899,-4.005635262,-6.288835526,-21.9933548,-0.703408086,-5.293634892,-5.469572783,-11.78147435,-10.56551933,-6.376226425,18.09071698,15.48463459,-3.845409851,-0.251553421,-21.5534877,-3.517040429,-11.22250597,0,0,-0.211310387,0
Hf,3,0.02,Li302HfP49S250Cl47F3,-7.015995463,-1.159668672,-0.06,0.06,0,-1,-6.05,0.94,0.06,0.98,5,2.1,0,0,0,0.02,-18.09330841,-2.546814899,-4.005635262,-6.288835526,-21.9933548,-0.703408086,-5.293634892,-7.847288132,-16.70036125,-13.95405769,-9.387266636,18.09330841,15.40823014,-3.765297146,-0.377330132,-21.5534877,-3.517040429,-11.11663327,0,0,0,-0.187745333
Hf,4,0.02,Li301HfP49S250Cl46F4,-7.029030851,-1.16374683,-0.08,0.08,0,-1,-6.04,0.92,0.08,0.98,5,2.08,0,0,0,0.02,-18.09746611,-2.546814899,-4.005635262,-6.288835526,-21.9933548,-0.703408086,-5.293634892,-10.0981462,-20.76609373,-17.88827527,-11.98394823,18.09746611,15.38276199,-3.685184441,-0.503106842,-21.5534877,-3.517040429,-11.01076057,0,0,0,-0.239678965
Hf,2,0.03,Li609Hf3P97S500Cl94F6,-7.090867574,-1.158638493,-0.06,0.06,0.03,-1,-6.12,0.94,0.06,0.97,5,2.18,0,0,0.03,0,-18.17293675,-2.546814899,-4.005635262,-6.288835526,-21.9933548,-0.703408086,-5.293634892,-5.469572783,-11.78147435,-10.56551933,-6.376226425,18.17293675,15.58650718,-3.765297146,-0.377330132,-21.33355415,-3.517040429,-11.54012406,0,0,-0.31696558,0
Hf,3,0.03,Li606Hf3P97S500Cl91F9,-7.07269066,-1.164228915,-0.09,0.09,0,-1,-6.075,0.91,0.09,0.97,5,2.15,0,0,0,0.03,-18.18005971,-2.546814899,-4.005635262,-6.288835526,-21.9933548,-0.703408086,-5.293634892,-7.847288132,-16.70036125,-13.95405769,-9.387266636,18.18005971,15.47190051,-3.645128088,-0.565995197,-21.33355415,-3.517040429,-11.38131502,0,0,0,-0.281617999
Hf,4,0.03,Li603Hf3P97S500Cl88F12,-7.088630131,-1.169740946,-0.12,0.12,0,-1,-6.06,0.88,0.12,0.97,5,2.12,0,0,0,0.03,-18.18990987,-2.546814899,-4.005635262,-6.288835526,-21.9933548,-0.703408086,-5.293634892,-10.0981462,-20.76609373,-17.88827527,-11.98394823,18.18990987,15.43369829,-3.52495903,-0.754660263,-21.33355415,-3.517040429,-11.22250597,0,0,0,-0.359518447
Hf,2,0.04,Li153HfP24S125Cl23F2,-7.154737044,-1.161483286,-0.08,0.08,0.04,-1,-6.16,0.92,0.08,0.96,5,2.24,0,0,0.04,0,-18.25619843,-2.546814899,-4.005635262,-6.288835526,-21.9933548,-0.703408086,-5.293634892,-5.469572783,-11.78147435,-10.56551933,-6.376226425,18.25619843,15.68837978,-3.685184441,-0.503106842,-21.11362061,-3.517040429,-11.85774216,0,0,-0.422620773,0
Hf,3,0.04,Li152HfP24S125Cl22F3,-7.126839757,-1.168334386,-0.12,0.12,0,-1,-6.1,0.88,0.12,0.96,5,2.2,0,0,0,0.04,-18.26935711,-2.546814899,-4.005635262,-6.288835526,-21.9933548,-0.703408086,-5.293634892,-7.847288132,-16.70036125,-13.95405769,-9.387266636,18.26935711,15.53557088,-3.52495903,-0.754660263,-21.11362061,-3.517040429,-11.64599676,0,0,0,-0.375490665
Hf,4,0.04,Li151HfP24S125Cl21F4,-7.144070291,-1.175011561,-0.16,0.16,0,-1,-6.08,0.84,0.16,0.96,5,2.16,0,0,0,0.04,-18.28651276,-2.546814899,-4.005635262,-6.288835526,-21.9933548,-0.703408086,-5.293634892,-10.0981462,-20.76609373,-17.88827527,-11.98394823,18.28651276,15.48463459,-3.36473362,-1.006213684,-21.11362061,-3.517040429,-11.43425137,0,0,0,-0.479357929
Hf,2,0.05,Li123HfP19S100Cl18F2,-7.217124509,-1.16405234,-0.1,0.1,0.05,-1,-6.2,0.9,0.1,0.95,5,2.3,0,0,0.05,0,-18.34094211,-2.546814899,-4.005635262,-6.288835526,-21.9933548,-0.703408086,-5.293634892,-5.469572783,-11.78147435,-10.56551933,-6.376226425,18.34094211,15.79025237,-3.605071735,-0.628883553,-20.89368706,-3.517040429,-12.17536025,0,0,-0.528275967,0
Hf,3,0.05,Li122HfP19S100Cl17F3,-7.178213272,-1.171953187,-0.15,0.15,0,-1,-6.125,0.85,0.15,0.95,5,2.25,-6.94E-18,6.94E-18,0,0.05,-18.3614301,-2.546814899,-4.005635262,-6.288835526,-21.9933548,-0.703408086,-5.293634892,-7.847288132,-16.70036125,-13.95405769,-9.387266636,18.3614301,15.59924126,-3.404789972,-0.943325329,-20.89368706,-3.517040429,-11.91067851,5.45E-17,-1.16E-16,0,-0.469363332
Hf,4,0.05,Li121HfP19S100Cl16F4,-7.195303145,-1.179557893,-0.2,0.2,0,-1,-6.1,0.8,0.2,0.95,5,2.2,0,0,0,0.05,-18.38732294,-2.546814899,-4.005635262,-6.288835526,-21.9933548,-0.703408086,-5.293634892,-10.0981462,-20.76609373,-17.88827527,-11.98394823,18.38732294,15.53557088,-3.204508209,-1.257767105,-20.89368706,-3.517040429,-11.64599676,0,0,0,-0.599197412
Hf,2,0.06,Li309Hf3P47S250Cl44F6,-7.277493212,-1.166264938,-0.12,0.12,0.06,-1,-6.24,0.88,0.12,0.94,5,2.36,0,0,0.06,0,-18.42770455,-2.546814899,-4.005635262,-6.288835526,-21.9933548,-0.703408086,-5.293634892,-5.469572783,-11.78147435,-10.56551933,-6.376226425,18.42770455,15.89212497,-3.52495903,-0.754660263,-20.67375351,-3.517040429,-12.49297834,0,0,-0.63393116,0
Hf,3,0.06,Li306Hf3P47S250Cl41F9,-7.226611672,-1.175058808,-0.18,0.18,0,-1,-6.15,0.82,0.18,0.94,5,2.3,0,0,0,0.06,-18.4564782,-2.546814899,-4.005635262,-6.288835526,-21.9933548,-0.703408086,-5.293634892,-7.847288132,-16.70036125,-13.95405769,-9.387266636,18.4564782,15.66291163,-3.284620914,-1.131990395,-20.67375351,-3.517040429,-12.17536025,0,0,0,-0.563235998
Hf,4,0.06,Li303Hf3P47S250Cl38F12,-7.242633803,-1.183436896,-0.24,0.24,0,-1,-6.12,0.76,0.24,0.94,5,2.24,0,0,0,0.06,-18.49203533,-2.546814899,-4.005635262,-6.288835526,-21.9933548,-0.703408086,-5.293634892,-10.0981462,-20.76609373,-17.88827527,-11.98394823,18.49203533,15.58650718,-3.044282799,-1.509320526,-20.67375351,-3.517040429,-11.85774216,0,0,0,-0.719036894
Hf,2,0.07,Li621Hf7P93S500Cl86F14,-7.33534096,-1.168047923,-0.14,0.14,0.07,-1,-6.28,0.86,0.14,0.93,5,2.42,0,0,0.07,0,-18.51698795,-2.546814899,-4.005635262,-6.288835526,-21.9933548,-0.703408086,-5.293634892,-5.469572783,-11.78147435,-10.56551933,-6.376226425,18.51698795,15.99399757,-3.444846325,-0.880436974,-20.45381996,-3.517040429,-12.81059644,0,0,-0.739586353,0
Hf,3,0.07,Li614Hf7P93S500Cl79F21,-7.272161656,-1.177678001,-0.21,0.21,0,-1,-6.175,0.79,0.21,0.93,5,2.35,-1.39E-17,1.39E-17,0,0.07,-18.55437471,-2.546814899,-4.005635262,-6.288835526,-21.9933548,-0.703408086,-5.293634892,-7.847288132,-16.70036125,-13.95405769,-9.387266636,18.55437471,15.726582,-3.164451857,-1.32065546,-20.45381996,-3.517040429,-12.440042,1.09E-16,-2.32E-16,0,-0.657108665
Hf,4,0.07,Li607Hf7P93S500Cl72F28,-7.286670599,-1.186754169,-0.28,0.28,0,-1,-6.14,0.72,0.28,0.93,5,2.28,0,0,0,0.07,-18.60004158,-2.546814899,-4.005635262,-6.288835526,-21.9933548,-0.703408086,-5.293634892,-10.0981462,-20.76609373,-17.88827527,-11.98394823,18.60004158,15.63744348,-2.884057388,-1.760873947,-20.45381996,-3.517040429,-12.06948755,0,0,0,-0.838876376
Hf,2,0.08,Li156Hf2P23S125Cl21F4,-7.390318941,-1.169354263,-0.16,0.16,0.08,-1,-6.32,0.84,0.16,0.92,5,2.48,0,0,0.08,0,-18.60914112,-2.546814899,-4.005635262,-6.288835526,-21.9933548,-0.703408086,-5.293634892,-5.469572783,-11.78147435,-10.56551933,-6.376226425,18.60914112,16.09587016,-3.36473362,-1.006213684,-20.23388641,-3.517040429,-13.12821453,0,0,-0.845241547,0
Hf,3,0.08,Li154Hf2P23S125Cl19F6,-7.315106866,-1.179855946,-0.24,0.24,0,-1,-6.2,0.76,0.24,0.92,5,2.4,0,0,0,0.08,-18.654876,-2.546814899,-4.005635262,-6.288835526,-21.9933548,-0.703408086,-5.293634892,-7.847288132,-16.70036125,-13.95405769,-9.387266636,18.654876,15.79025237,-3.044282799,-1.509320526,-20.23388641,-3.517040429,-12.70472374,0,0,0,-0.750981331
Hf,4,0.08,Li152Hf2P23S125Cl17F8,-7.328019081,-1.189613487,-0.32,0.32,0,-1,-6.16,0.68,0.32,0.92,5,2.32,0,0,0,0.08,-18.71073614,-2.546814899,-4.005635262,-6.288835526,-21.9933548,-0.703408086,-5.293634892,-10.0981462,-20.76609373,-17.88827527,-11.98394823,18.71073614,15.68837978,-2.723831978,-2.012427368,-20.23388641,-3.517040429,-12.28123295,0,0,0,-0.958715858
Hf,2,0.09,Li627Hf9P91S500Cl82F18,-7.442345835,-1.170180163,-0.18,0.18,0.09,-1,-6.36,0.82,0.18,0.91,5,2.54,0,0,0.09,0,-18.70424538,-2.546814899,-4.005635262,-6.288835526,-21.9933548,-0.703408086,-5.293634892,-5.469572783,-11.78147435,-10.56551933,-6.376226425,18.70424538,16.19774276,-3.284620914,-1.131990395,-20.01395287,-3.517040429,-13.44583262,0,0,-0.95089674,0
Hf,3,0.09,Li618Hf9P91S500Cl73F27,-7.355389256,-1.181588636,-0.27,0.27,0,-1,-6.225,0.73,0.27,0.91,5,2.45,1.39E-17,-1.39E-17,0,0.09,-18.75804011,-2.546814899,-4.005635262,-6.288835526,-21.9933548,-0.703408086,-5.293634892,-7.847288132,-16.70036125,-13.95405769,-9.387266636,18.75804011,15.85392275,-2.924113741,-1.697985592,-20.01395287,-3.517040429,-12.96940548,-1.09E-16,2.32E-16,0,-0.844853997
Hf,4,0.09,Li609Hf9P91S500Cl64F36,-7.367982628,-1.192230199,-0.36,0.36,0,-1,-6.18,0.64,0.36,0.91,5,2.36,0,0,0,0.09,-18.82281563,-2.546814899,-4.005635262,-6.288835526,-21.9933548,-0.703408086,-5.293634892,-10.0981462,-20.76609373,-17.88827527,-11.98394823,18.82281563,15.73931608,-2.563606567,-2.263980789,-20.01395287,-3.517040429,-12.49297834,0,0,0,-1.078555341
Hf,2,0.1,Li63HfP9S50Cl8F2,-7.491602936,-1.170562959,-0.2,0.2,0.1,-1,-6.4,0.8,0.2,0.9,5,2.6,0,0,0.1,0,-18.80211942,-2.546814899,-4.005635262,-6.288835526,-21.9933548,-0.703408086,-5.293634892,-5.469572783,-11.78147435,-10.56551933,-6.376226425,18.80211942,16.29961535,-3.204508209,-1.257767105,-19.79401932,-3.517040429,-13.76345072,0,0,-1.056551933,0
Hf,3,0.1,Li62HfP9S50Cl7F3,-7.392621625,-1.18281946,-0.3,0.3,0,-1,-6.25,0.7,0.3,0.9,5,2.5,-1.39E-17,1.39E-17,0,0.1,-18.86425424,-2.546814899,-4.005635262,-6.288835526,-21.9933548,-0.703408086,-5.293634892,-7.847288132,-16.70036125,-13.95405769,-9.387266636,18.86425424,15.91759312,-2.803944683,-1.886650658,-19.79401932,-3.517040429,-13.23408723,1.09E-16,-2.32E-16,0,-0.938726664
Hf,4,0.1,Li61HfP9S50Cl6F4,-7.408947717,-1.194991567,-0.4,0.4,0,-1,-6.2,0.6,0.4,0.9,5,2.4,0,0,0,0.1,-18.93389359,-2.546814899,-4.005635262,-6.288835526,-21.9933548,-0.703408086,-5.293634892,-10.0981462,-20.76609373,-17.88827527,-11.98394823,18.93389359,15.79025237,-2.403381157,-2.51553421,-19.79401932,-3.517040429,-12.70472374,0,0,0,-1.198394823
Hg,1,0.01,Li604HgP99S500Cl99F,-7.763920612,-1.286482289,-0.01,0.01,0,-1,-6.035,0.99,0.01,0.99,5,2.07,0,0,0,0.01,-17.15190202,-2.546814899,-4.005635262,-6.288835526,-21.9933548,-0.703408086,-5.293634892,-1.231260419,-2.58841753,-2.692551792,-0.909737706,17.15190202,15.37002792,-3.965578909,-0.062888355,-21.77342125,-3.517040429,-10.95782423,0,0,0,-0.009097377
Hg,2,0.01,Li603HgP99S500Cl98F2,-7.770999426,-1.286589309,-0.02,0.02,0.01,-1,-6.04,0.98,0.02,0.99,5,2.06,0,0,0.01,0,-17.14642822,-2.546814899,-4.005635262,-6.288835526,-21.9933548,-0.703408086,-5.293634892,-2.009067178,-4.563350201,-5.354081392,-1.261542797,17.14642822,15.38276199,-3.925522556,-0.125776711,-21.77342125,-3.517040429,-10.90488788,0,0,-0.053540814,0
Hg,1,0.02,Li304HgP49S250Cl49F,-7.7667684,-1.279533509,-0.02,0.02,0,-1,-6.07,0.98,0.02,0.98,5,2.14,0,0,0,0.02,-17.24246598,-2.546814899,-4.005635262,-6.288835526,-21.9933548,-0.703408086,-5.293634892,-1.231260419,-2.58841753,-2.692551792,-0.909737706,17.24246598,15.45916644,-3.925522556,-0.125776711,-21.5534877,-3.517040429,-11.32837867,0,0,0,-0.018194754
Hg,2,0.02,Li303HgP49S250Cl48F2,-7.777634112,-1.279216137,-0.04,0.04,0.02,-1,-6.08,0.96,0.04,0.98,5,2.12,0,0,0.02,0,-17.2348103,-2.546814899,-4.005635262,-6.288835526,-21.9933548,-0.703408086,-5.293634892,-2.009067178,-4.563350201,-5.354081392,-1.261542797,17.2348103,15.48463459,-3.845409851,-0.251553421,-21.5534877,-3.517040429,-11.22250597,0,0,-0.107081628,0
Hg,1,0.03,Li612Hg3P97S500Cl97F3,-7.772717012,-1.27317232,-0.03,0.03,0,-1,-6.105,0.97,0.03,0.97,5,2.21,0,0,0,0.03,-17.32992912,-2.546814899,-4.005635262,-6.288835526,-21.9933548,-0.703408086,-5.293634892,-1.231260419,-2.58841753,-2.692551792,-0.909737706,17.32992912,15.54830496,-3.885466204,-0.188665066,-21.33355415,-3.517040429,-11.69893311,0,0,0,-0.027292131
Hg,2,0.03,Li609Hg3P97S500Cl94F6,-7.783952055,-1.271887591,-0.06,0.06,0.03,-1,-6.12,0.94,0.06,0.97,5,2.18,0,0,0.03,0,-17.32350913,-2.546814899,-4.005635262,-6.288835526,-21.9933548,-0.703408086,-5.293634892,-2.009067178,-4.563350201,-5.354081392,-1.261542797,17.32350913,15.58650718,-3.765297146,-0.377330132,-21.33355415,-3.517040429,-11.54012406,0,0,-0.160622442,0
Hg,1,0.04,Li154HgP24S125Cl24F,-7.782005582,-1.267427619,-0.04,0.04,0,-1,-6.14,0.96,0.04,0.96,5,2.28,0,0,0,0.04,-17.41405231,-2.546814899,-4.005635262,-6.288835526,-21.9933548,-0.703408086,-5.293634892,-1.231260419,-2.58841753,-2.692551792,-0.909737706,17.41405231,15.63744348,-3.845409851,-0.251553421,-21.11362061,-3.517040429,-12.06948755,0,0,0,-0.036389508
Hg,2,0.04,Li153HgP24S125Cl23F2,-7.790245095,-1.264650178,-0.08,0.08,0.04,-1,-6.16,0.92,0.08,0.96,5,2.24,0,0,0.04,0,-17.41223286,-2.546814899,-4.005635262,-6.288835526,-21.9933548,-0.703408086,-5.293634892,-2.009067178,-4.563350201,-5.354081392,-1.261542797,17.41223286,15.68837978,-3.685184441,-0.503106842,-21.11362061,-3.517040429,-11.85774216,0,0,-0.214163256,0
Hg,1,0.05,Li124HgP19S100Cl19F,-7.79397413,-1.262182045,-0.05,0.05,0,-1,-6.175,0.95,0.05,0.95,5,2.35,0,0,0,0.05,-17.49549551,-2.546814899,-4.005635262,-6.288835526,-21.9933548,-0.703408086,-5.293634892,-1.231260419,-2.58841753,-2.692551792,-0.909737706,17.49549551,15.726582,-3.805353498,-0.314441776,-20.89368706,-3.517040429,-12.440042,0,0,0,-0.045486885
Hg,2,0.05,Li123HgP19S100Cl18F2,-7.796630608,-1.257521066,-0.1,0.1,0.05,-1,-6.2,0.9,0.1,0.95,5,2.3,0,0,0.05,0,-17.50086411,-2.546814899,-4.005635262,-6.288835526,-21.9933548,-0.703408086,-5.293634892,-2.009067178,-4.563350201,-5.354081392,-1.261542797,17.50086411,15.79025237,-3.605071735,-0.628883553,-20.89368706,-3.517040429,-12.17536025,0,0,-0.26770407,0
Hg,1,0.06,Li312Hg3P47S250Cl47F3,-7.80703885,-1.257172118,-0.06,0.06,0,-1,-6.21,0.94,0.06,0.94,5,2.42,0,0,0,0.06,-17.57584254,-2.546814899,-4.005635262,-6.288835526,-21.9933548,-0.703408086,-5.293634892,-1.231260419,-2.58841753,-2.692551792,-0.909737706,17.57584254,15.81572052,-3.765297146,-0.377330132,-20.67375351,-3.517040429,-12.81059644,0,0,0,-0.054584262
Hg,2,0.06,Li309Hg3P47S250Cl44F6,-7.803205032,-1.250513627,-0.12,0.12,0.06,-1,-6.24,0.88,0.12,0.94,5,2.36,0,0,0.06,0,-17.58930646,-2.546814899,-4.005635262,-6.288835526,-21.9933548,-0.703408086,-5.293634892,-2.009067178,-4.563350201,-5.354081392,-1.261542797,17.58930646,15.89212497,-3.52495903,-0.754660263,-20.67375351,-3.517040429,-12.49297834,0,0,-0.321244884,0
Hg,1,0.07,Li628Hg7P93S500Cl93F7,-7.819281446,-1.252086701,-0.07,0.07,0,-1,-6.245,0.93,0.07,0.93,5,2.49,0,0,0,0.07,-17.6570117,-2.546814899,-4.005635262,-6.288835526,-21.9933548,-0.703408086,-5.293634892,-1.231260419,-2.58841753,-2.692551792,-0.909737706,17.6570117,15.90485904,-3.725240793,-0.440218487,-20.45381996,-3.517040429,-13.18115088,0,0,0,-0.063681639
Hg,2,0.07,Li621Hg7P93S500Cl86F14,-7.809969604,-1.243625733,-0.14,0.14,0.07,-1,-6.28,0.86,0.14,0.93,5,2.42,0,0,0.07,0,-17.67755865,-2.546814899,-4.005635262,-6.288835526,-21.9933548,-0.703408086,-5.293634892,-2.009067178,-4.563350201,-5.354081392,-1.261542797,17.67755865,15.99399757,-3.444846325,-0.880436974,-20.45381996,-3.517040429,-12.81059644,0,0,-0.374785697,0
Hg,1,0.08,Li158Hg2P23S125Cl23F2,-7.829627345,-1.246755947,-0.08,0.08,0,-1,-6.28,0.92,0.08,0.92,5,2.56,0,0,0,0.08,-17.74007755,-2.546814899,-4.005635262,-6.288835526,-21.9933548,-0.703408086,-5.293634892,-1.231260419,-2.58841753,-2.692551792,-0.909737706,17.74007755,15.99399757,-3.685184441,-0.503106842,-20.23388641,-3.517040429,-13.55170532,0,0,0,-0.072779016
Hg,2,0.08,Li156Hg2P23S125Cl21F4,-7.816832422,-1.236840573,-0.16,0.16,0.08,-1,-6.32,0.84,0.16,0.92,5,2.48,0,0,0.08,0,-17.7657126,-2.546814899,-4.005635262,-6.288835526,-21.9933548,-0.703408086,-5.293634892,-2.009067178,-4.563350201,-5.354081392,-1.261542797,17.7657126,16.09587016,-3.36473362,-1.006213684,-20.23388641,-3.517040429,-13.12821453,0,0,-0.428326511,0
Hg,1,0.09,Li636Hg9P91S500Cl91F9,-7.838494182,-1.241250068,-0.09,0.09,0,-1,-6.315,0.91,0.09,0.91,5,2.63,0,0,0,0.09,-17.82462247,-2.546814899,-4.005635262,-6.288835526,-21.9933548,-0.703408086,-5.293634892,-1.231260419,-2.58841753,-2.692551792,-0.909737706,17.82462247,16.08313609,-3.645128088,-0.565995197,-20.01395287,-3.517040429,-13.92225976,0,0,0,-0.081876394
Hg,2,0.09,Li627Hg9P91S500Cl82F18,-7.82374977,-1.230149335,-0.18,0.18,0.09,-1,-6.36,0.82,0.18,0.91,5,2.54,0,0,0.09,0,-17.85381203,-2.546814899,-4.005635262,-6.288835526,-21.9933548,-0.703408086,-5.293634892,-2.009067178,-4.563350201,-5.354081392,-1.261542797,17.85381203,16.19774276,-3.284620914,-1.131990395,-20.01395287,-3.517040429,-13.44583262,0,0,-0.481867325,0
Hg,1,0.1,Li64HgP9S50Cl9F,-7.846959712,-1.235741687,-0.1,0.1,0,-1,-6.35,0.9,0.1,0.9,5,2.7,0,0,0,0.1,-17.90956869,-2.546814899,-4.005635262,-6.288835526,-21.9933548,-0.703408086,-5.293634892,-1.231260419,-2.58841753,-2.692551792,-0.909737706,17.90956869,16.17227461,-3.605071735,-0.628883553,-19.79401932,-3.517040429,-14.29281421,0,0,0,-0.090973771
Hg,2,0.1,Li63HgP9S50Cl8F2,-7.830951801,-1.223586219,-0.2,0.2,0.1,-1,-6.4,0.8,0.2,0.9,5,2.6,0,0,0.1,0,-17.94162676,-2.546814899,-4.005635262,-6.288835526,-21.9933548,-0.703408086,-5.293634892,-2.009067178,-4.563350201,-5.354081392,-1.261542797,17.94162676,16.29961535,-3.204508209,-1.257767105,-19.79401932,-3.517040429,-13.76345072,0,0,-0.535408139,0
Ho,3,0.01,Li602HoP99S500Cl97F3,-6.773192713,-1.124181363,-0.03,0.03,0,-1,-6.025,0.97,0.03,0.99,5,2.05,0,0,0,0.01,-18.19865404,-2.546814899,-4.005635262,-6.288835526,-21.9933548,-0.703408086,-5.293634892,-9.782649994,-18.15863228,-14.58531046,-9.986204505,18.19865404,15.34455977,-3.885466204,-0.188665066,-21.77342125,-3.517040429,-10.85195153,0,0,0,-0.099862045
Ho,3,0.02,Li302HoP49S250Cl47F3,-6.821037518,-1.127444218,-0.06,0.06,0,-1,-6.05,0.94,0.06,0.98,5,2.1,0,0,0,0.02,-18.30024511,-2.546814899,-4.005635262,-6.288835526,-21.9933548,-0.703408086,-5.293634892,-9.782649994,-18.15863228,-14.58531046,-9.986204505,18.30024511,15.40823014,-3.765297146,-0.377330132,-21.5534877,-3.517040429,-11.11663327,0,0,0,-0.19972409
Ho,3,0.03,Li606Ho3P97S500Cl91F9,-6.864782944,-1.130005423,-0.09,0.09,0,-1,-6.075,0.91,0.09,0.97,5,2.15,0,0,0,0.03,-18.40593556,-2.546814899,-4.005635262,-6.288835526,-21.9933548,-0.703408086,-5.293634892,-9.782649994,-18.15863228,-14.58531046,-9.986204505,18.40593556,15.47190051,-3.645128088,-0.565995197,-21.33355415,-3.517040429,-11.38131502,0,0,0,-0.299586135
Ho,3,0.04,Li152HoP24S125Cl22F3,-6.905892491,-1.132113523,-0.12,0.12,0,-1,-6.1,0.88,0.12,0.96,5,2.2,0,0,0,0.04,-18.51426189,-2.546814899,-4.005635262,-6.288835526,-21.9933548,-0.703408086,-5.293634892,-9.782649994,-18.15863228,-14.58531046,-9.986204505,18.51426189,15.53557088,-3.52495903,-0.754660263,-21.11362061,-3.517040429,-11.64599676,0,0,0,-0.39944818
Ho,3,0.05,Li122HoP19S100Cl17F3,-6.945343677,-1.133933662,-0.15,0.15,0,-1,-6.125,0.85,0.15,0.95,5,2.25,-6.94E-18,6.94E-18,0,0.05,-18.62424659,-2.546814899,-4.005635262,-6.288835526,-21.9933548,-0.703408086,-5.293634892,-9.782649994,-18.15863228,-14.58531046,-9.986204505,18.62424659,15.59924126,-3.404789972,-0.943325329,-20.89368706,-3.517040429,-11.91067851,6.79E-17,-1.26E-16,0,-0.499310225
Ho,3,0.06,Li306Ho3P47S250Cl41F9,-6.983228562,-1.135484319,-0.18,0.18,0,-1,-6.15,0.82,0.18,0.94,5,2.3,0,0,0,0.06,-18.73579758,-2.546814899,-4.005635262,-6.288835526,-21.9933548,-0.703408086,-5.293634892,-9.782649994,-18.15863228,-14.58531046,-9.986204505,18.73579758,15.66291163,-3.284620914,-1.131990395,-20.67375351,-3.517040429,-12.17536025,0,0,0,-0.59917227
Ho,3,0.07,Li614Ho7P93S500Cl79F21,-7.019386051,-1.13674268,-0.21,0.21,0,-1,-6.175,0.79,0.21,0.93,5,2.35,-1.39E-17,1.39E-17,0,0.07,-18.84907597,-2.546814899,-4.005635262,-6.288835526,-21.9933548,-0.703408086,-5.293634892,-9.782649994,-18.15863228,-14.58531046,-9.986204505,18.84907597,15.726582,-3.164451857,-1.32065546,-20.45381996,-3.517040429,-12.440042,1.36E-16,-2.52E-16,0,-0.699034315
Ho,3,0.08,Li154Ho2P23S125Cl19F6,-7.05386275,-1.137719798,-0.24,0.24,0,-1,-6.2,0.76,0.24,0.92,5,2.4,0,0,0,0.08,-18.96403514,-2.546814899,-4.005635262,-6.288835526,-21.9933548,-0.703408086,-5.293634892,-9.782649994,-18.15863228,-14.58531046,-9.986204505,18.96403514,15.79025237,-3.044282799,-1.509320526,-20.23388641,-3.517040429,-12.70472374,0,0,0,-0.79889636
Ho,3,0.09,Li618Ho9P91S500Cl73F27,-7.086707164,-1.138426854,-0.27,0.27,0,-1,-6.225,0.73,0.27,0.91,5,2.45,1.39E-17,-1.39E-17,0,0.09,-19.08062661,-2.546814899,-4.005635262,-6.288835526,-21.9933548,-0.703408086,-5.293634892,-9.782649994,-18.15863228,-14.58531046,-9.986204505,19.08062661,15.85392275,-2.924113741,-1.697985592,-20.01395287,-3.517040429,-12.96940548,-1.36E-16,2.52E-16,0,-0.898758405
Ho,3,0.1,Li62HoP9S50Cl7F3,-7.117851687,-1.13885627,-0.3,0.3,0,-1,-6.25,0.7,0.3,0.9,5,2.5,-1.39E-17,1.39E-17,0,0.1,-19.19891796,-2.546814899,-4.005635262,-6.288835526,-21.9933548,-0.703408086,-5.293634892,-9.782649994,-18.15863228,-14.58531046,-9.986204505,19.19891796,15.91759312,-2.803944683,-1.886650658,-19.79401932,-3.517040429,-13.23408723,1.36E-16,-2.52E-16,0,-0.99862045
Hs,6,0.01,Li599HsP99S500Cl94F6,-7.429947739,-1.230123798,-0.06,0.06,0.01,-1,-6.04,0.94,0.06,0.99,5,2.02,0,0,0.01,0,-17.50079588,-2.546814899,-4.005635262,-6.288835526,-21.9933548,-0.703408086,-5.293634892,-6.483010948,-15.36551523,-18.72741771,-6.20757246,17.50079588,15.38276199,-3.765297146,-0.377330132,-21.77342125,-3.517040429,-10.69314248,0,0,-0.187274177,0
Hs,8,0.01,Li597HsP99S500Cl92F8,-7.428416562,-1.229870292,-0.08,0.08,0.01,-1,-6.04,0.92,0.08,0.99,5,2,0,0,0.01,0,-17.50034713,-2.546814899,-4.005635262,-6.288835526,-21.9933548,-0.703408086,-5.293634892,-8.104741931,-18.89306188,-24.55029416,-8.93281877,17.50034713,15.38276199,-3.685184441,-0.503106842,-21.77342125,-3.517040429,-10.58726978,0,0,-0.245502942,0
Hs,6,0.02,Li299HsP49S250Cl44F6,-7.448307361,-1.225050553,-0.12,0.12,0.02,-1,-6.08,0.88,0.12,0.98,5,2.04,0,0,0.02,0,-17.59076901,-2.546814899,-4.005635262,-6.288835526,-21.9933548,-0.703408086,-5.293634892,-6.483010948,-15.36551523,-18.72741771,-6.20757246,17.59076901,15.48463459,-3.52495903,-0.754660263,-21.5534877,-3.517040429,-10.79901518,0,0,-0.374548354,0
Hs,8,0.02,Li297HsP49S250Cl42F8,-7.437890224,-1.223337208,-0.16,0.16,0.02,-1,-6.08,0.84,0.16,0.98,5,2,0,0,0.02,0,-17.59722629,-2.546814899,-4.005635262,-6.288835526,-21.9933548,-0.703408086,-5.293634892,-8.104741931,-18.89306188,-24.55029416,-8.93281877,17.59722629,15.48463459,-3.36473362,-1.006213684,-21.5534877,-3.517040429,-10.58726978,0,0,-0.491005883,0
Hs,6,0.03,Li597Hs3P97S500Cl82F18,-7.459743487,-1.218912334,-0.18,0.18,0.03,-1,-6.12,0.82,0.18,0.97,5,2.06,0,0,0.03,0,-17.68766563,-2.546814899,-4.005635262,-6.288835526,-21.9933548,-0.703408086,-5.293634892,-6.483010948,-15.36551523,-18.72741771,-6.20757246,17.68766563,15.58650718,-3.284620914,-1.131990395,-21.33355415,-3.517040429,-10.90488788,0,0,-0.561822531,0
Hs,8,0.03,Li591Hs3P97S500Cl76F24,-7.448293194,-1.217041371,-0.24,0.24,0.03,-1,-6.12,0.76,0.24,0.97,5,2,0,0,0.03,0,-17.69317614,-2.546814899,-4.005635262,-6.288835526,-21.9933548,-0.703408086,-5.293634892,-8.104741931,-18.89306188,-24.55029416,-8.93281877,17.69317614,15.58650718,-3.044282799,-1.509320526,-21.33355415,-3.517040429,-10.58726978,0,0,-0.736508825,0
Hs,6,0.04,Li149HsP24S125Cl19F6,-7.473121987,-1.213169154,-0.24,0.24,0.04,-1,-6.16,0.76,0.24,0.96,5,2.08,0,0,0.04,0,-17.78261988,-2.546814899,-4.005635262,-6.288835526,-21.9933548,-0.703408086,-5.293634892,-6.483010948,-15.36551523,-18.72741771,-6.20757246,17.78261988,15.68837978,-3.044282799,-1.509320526,-21.11362061,-3.517040429,-11.01076057,0,0,-0.749096708,0
Hs,8,0.04,Li147HsP24S125Cl17F8,-7.482212468,-1.214644881,-0.32,0.32,0.04,-1,-6.16,0.68,0.32,0.96,5,2,0,0,0.04,0,-17.76560968,-2.546814899,-4.005635262,-6.288835526,-21.9933548,-0.703408086,-5.293634892,-8.104741931,-18.89306188,-24.55029416,-8.93281877,17.76560968,15.68837978,-2.723831978,-2.012427368,-21.11362061,-3.517040429,-10.58726978,0,0,-0.982011766,0
Hs,6,0.05,Li119HsP19S100Cl14F6,-7.496954142,-1.209186152,-0.3,0.3,0.05,-1,-6.2,0.7,0.3,0.95,5,2.1,-6.94E-18,6.94E-18,0.05,0,-17.86712047,-2.546814899,-4.005635262,-6.288835526,-21.9933548,-0.703408086,-5.293634892,-6.483010948,-15.36551523,-18.72741771,-6.20757246,17.86712047,15.79025237,-2.803944683,-1.886650658,-20.89368706,-3.517040429,-11.11663327,4.50E-17,-1.07E-16,-0.936370885,0
Hs,8,0.05,Li117HsP19S100Cl12F8,-7.540258681,-1.216170755,-0.4,0.4,0.05,-1,-6.2,0.6,0.4,0.95,5,2,0,0,0.05,0,-17.81391629,-2.546814899,-4.005635262,-6.288835526,-21.9933548,-0.703408086,-5.293634892,-8.104741931,-18.89306188,-24.55029416,-8.93281877,17.81391629,15.79025237,-2.403381157,-2.51553421,-20.89368706,-3.517040429,-10.58726978,0,0,-1.227514708,0
Hs,6,0.06,Li297Hs3P47S250Cl32F18,-7.533752105,-1.207332068,-0.36,0.36,0.06,-1,-6.24,0.64,0.36,0.94,5,2.12,0,0,0.06,0,-17.93865525,-2.546814899,-4.005635262,-6.288835526,-21.9933548,-0.703408086,-5.293634892,-6.483010948,-15.36551523,-18.72741771,-6.20757246,17.93865525,15.89212497,-2.563606567,-2.263980789,-20.67375351,-3.517040429,-11.22250597,0,0,-1.123645062,0
Hs,8,0.06,Li291Hs3P47S250Cl26F24,-7.606523917,-1.218994217,-0.48,0.48,0.06,-1,-6.24,0.52,0.48,0.94,5,2,0,0,0.06,0,-17.85400387,-2.546814899,-4.005635262,-6.288835526,-21.9933548,-0.703408086,-5.293634892,-8.104741931,-18.89306188,-24.55029416,-8.93281877,17.85400387,15.89212497,-2.082930336,-3.018641052,-20.67375351,-3.517040429,-10.58726978,0,0,-1.47301765,0
Hs,6,0.07,Li593Hs7P93S500Cl58F42,-7.579332159,-1.206900025,-0.42,0.42,0.07,-1,-6.28,0.58,0.42,0.93,5,2.14,-1.39E-17,1.39E-17,0.07,0,-18.00140795,-2.546814899,-4.005635262,-6.288835526,-21.9933548,-0.703408086,-5.293634892,-6.483010948,-15.36551523,-18.72741771,-6.20757246,18.00140795,15.99399757,-2.323268452,-2.641310921,-20.45381996,-3.517040429,-11.32837867,9.00E-17,-2.13E-16,-1.31091924,0
Hs,8,0.07,Li579Hs7P93S500Cl44F56,-7.649997699,-1.2181525,-0.56,0.56,0.07,-1,-6.28,0.44,0.56,0.93,5,2,0,0,0.07,0,-17.91688291,-2.546814899,-4.005635262,-6.288835526,-21.9933548,-0.703408086,-5.293634892,-8.104741931,-18.89306188,-24.55029416,-8.93281877,17.91688291,15.99399757,-1.762479515,-3.521747894,-20.45381996,-3.517040429,-10.58726978,0,0,-1.718520591,0
Hs,6,0.08,Li148Hs2P23S125Cl13F12,-7.628391403,-1.207023956,-0.48,0.48,0.08,-1,-6.32,0.52,0.48,0.92,5,2.16,0,0,0.08,0,-18.06068145,-2.546814899,-4.005635262,-6.288835526,-21.9933548,-0.703408086,-5.293634892,-6.483010948,-15.36551523,-18.72741771,-6.20757246,18.06068145,16.09587016,-2.082930336,-3.018641052,-20.23388641,-3.517040429,-11.43425137,0,0,-1.498193417,0
Hs,8,0.08,Li144Hs2P23S125Cl9F16,-7.674851221,-1.214375193,-0.64,0.64,0.08,-1,-6.32,0.36,0.64,0.92,5,2,0,0,0.08,0,-17.99838221,-2.546814899,-4.005635262,-6.288835526,-21.9933548,-0.703408086,-5.293634892,-8.104741931,-18.89306188,-24.55029416,-8.93281877,17.99838221,16.09587016,-1.442028694,-4.024854736,-20.23388641,-3.517040429,-10.58726978,0,0,-1.964023533,0
Hs,6,0.09,Li591Hs9P91S500Cl46F54,-7.66485188,-1.20516539,-0.54,0.54,0.09,-1,-6.36,0.46,0.54,0.91,5,2.18,1.39E-17,-1.39E-17,0.09,0,-18.13255372,-2.546814899,-4.005635262,-6.288835526,-21.9933548,-0.703408086,-5.293634892,-6.483010948,-15.36551523,-18.72741771,-6.20757246,18.13255372,16.19774276,-1.84259222,-3.395971184,-20.01395287,-3.517040429,-11.54012406,-9.00E-17,2.13E-16,-1.685467594,0
Hs,8,0.09,Li573Hs9P91S500Cl28F72,-7.725736148,-1.214738388,-0.72,0.72,0.09,-1,-6.36,0.28,0.72,0.91,5,2,0,0,0.09,0,-18.0538501,-2.546814899,-4.005635262,-6.288835526,-21.9933548,-0.703408086,-5.293634892,-8.104741931,-18.89306188,-24.55029416,-8.93281877,18.0538501,16.19774276,-1.121577873,-4.527961578,-20.01395287,-3.517040429,-10.58726978,0,0,-2.209526474,0
Hs,6,0.1,Li59HsP9S50Cl4F6,-7.682661131,-1.200415802,-0.6,0.6,0.1,-1,-6.4,0.4,0.6,0.9,5,2.2,-1.39E-17,1.39E-17,0.1,0,-18.22307721,-2.546814899,-4.005635262,-6.288835526,-21.9933548,-0.703408086,-5.293634892,-6.483010948,-15.36551523,-18.72741771,-6.20757246,18.22307721,16.29961535,-1.602254105,-3.773301315,-19.79401932,-3.517040429,-11.64599676,9.00E-17,-2.13E-16,-1.872741771,0
Hs,8,0.1,Li57HsP9S50Cl2F8,-7.802616373,-1.219158808,-0.8,0.8,0.1,-1,-6.4,0.2,0.8,0.9,5,2,0,0,0.1,0,-18.08332269,-2.546814899,-4.005635262,-6.288835526,-21.9933548,-0.703408086,-5.293634892,-8.104741931,-18.89306188,-24.55029416,-8.93281877,18.08332269,16.29961535,-0.801127052,-5.03106842,-19.79401932,-3.517040429,-10.58726978,0,0,-2.455029416,0
In,1,0.01,Li604InP99S500Cl99F,-6.998885697,-1.15875591,-0.01,0.01,0.01,-1,-6.04,0.99,0.01,0.99,5,2.07,0,0,0.01,0,-17.94056586,-2.546814899,-4.005635262,-6.288835526,-21.9933548,-0.703408086,-5.293634892,-1.796855688,-4.022332668,-4.546038151,-2.445106745,17.94056586,15.38276199,-3.965578909,-0.062888355,-21.77342125,-3.517040429,-10.95782423,0,0,-0.045460382,0
In,3,0.01,Li602InP99S500Cl97F3,-6.985953149,-1.159494299,-0.03,0.03,0,-1,-6.025,0.97,0.03,0.99,5,2.05,0,0,0,0.01,-17.93481172,-2.546814899,-4.005635262,-6.288835526,-21.9933548,-0.703408086,-5.293634892,-4.563659668,-11.09344959,-10.23555803,-4.878016114,17.93481172,15.34455977,-3.885466204,-0.188665066,-21.77342125,-3.517040429,-10.85195153,0,0,0,-0.048780161
In,1,0.02,Li304InP49S250Cl49F,-7.037671947,-1.157511833,-0.02,0.02,0.02,-1,-6.08,0.98,0.02,0.98,5,2.14,0,0,0.02,0,-18.0188203,-2.546814899,-4.005635262,-6.288835526,-21.9933548,-0.703408086,-5.293634892,-1.796855688,-4.022332668,-4.546038151,-2.445106745,18.0188203,15.48463459,-3.925522556,-0.125776711,-21.5534877,-3.517040429,-11.32837867,0,0,-0.090920763,0
In,3,0.02,Li302InP49S250Cl47F3,-7.006026755,-1.158020951,-0.06,0.06,0,-1,-6.05,0.94,0.06,0.98,5,2.1,0,0,0,0.02,-18.01309211,-2.546814899,-4.005635262,-6.288835526,-21.9933548,-0.703408086,-5.293634892,-4.563659668,-11.09344959,-10.23555803,-4.878016114,18.01309211,15.40823014,-3.765297146,-0.377330132,-21.5534877,-3.517040429,-11.11663327,0,0,0,-0.097560322
In,1,0.03,Li612In3P97S500Cl97F3,-7.080133953,-1.156884633,-0.03,0.03,0.03,-1,-6.12,0.97,0.03,0.97,5,2.21,0,0,0.03,0,-18.09339897,-2.546814899,-4.005635262,-6.288835526,-21.9933548,-0.703408086,-5.293634892,-1.796855688,-4.022332668,-4.546038151,-2.445106745,18.09339897,15.58650718,-3.885466204,-0.188665066,-21.33355415,-3.517040429,-11.69893311,0,0,-0.136381145,0
In,3,0.03,Li606In3P97S500Cl91F9,-7.025452774,-1.156453132,-0.09,0.09,0,-1,-6.075,0.91,0.09,0.97,5,2.15,0,0,0,0.03,-18.09202008,-2.546814899,-4.005635262,-6.288835526,-21.9933548,-0.703408086,-5.293634892,-4.563659668,-11.09344959,-10.23555803,-4.878016114,18.09202008,15.47190051,-3.645128088,-0.565995197,-21.33355415,-3.517040429,-11.38131502,0,0,0,-0.146340483
In,1,0.04,Li154InP24S125Cl24F,-7.125677548,-1.156765836,-0.04,0.04,0.04,-1,-6.16,0.96,0.04,0.96,5,2.28,0,0,0.04,0,-18.16489606,-2.546814899,-4.005635262,-6.288835526,-21.9933548,-0.703408086,-5.293634892,-1.796855688,-4.022332668,-4.546038151,-2.445106745,18.16489606,15.68837978,-3.845409851,-0.251553421,-21.11362061,-3.517040429,-12.06948755,0,0,-0.181841526,0
In,3,0.04,Li152InP24S125Cl22F3,-7.044866681,-1.154896177,-0.12,0.12,0,-1,-6.1,0.88,0.12,0.96,5,2.2,0,0,0,0.04,-18.17096017,-2.546814899,-4.005635262,-6.288835526,-21.9933548,-0.703408086,-5.293634892,-4.563659668,-11.09344959,-10.23555803,-4.878016114,18.17096017,15.53557088,-3.52495903,-0.754660263,-21.11362061,-3.517040429,-11.64599676,0,0,0,-0.195120645
In,1,0.05,Li124InP19S100Cl19F,-7.173644268,-1.157039398,-0.05,0.05,0.05,-1,-6.2,0.95,0.05,0.95,5,2.35,0,0,0.05,0,-18.23397002,-2.546814899,-4.005635262,-6.288835526,-21.9933548,-0.703408086,-5.293634892,-1.796855688,-4.022332668,-4.546038151,-2.445106745,18.23397002,15.79025237,-3.805353498,-0.314441776,-20.89368706,-3.517040429,-12.440042,0,0,-0.227301908,0
In,3,0.05,Li122InP19S100Cl17F3,-7.064400319,-1.153371481,-0.15,0.15,0,-1,-6.125,0.85,0.15,0.95,5,2.25,-6.94E-18,6.94E-18,0,0.05,-18.24978052,-2.546814899,-4.005635262,-6.288835526,-21.9933548,-0.703408086,-5.293634892,-4.563659668,-11.09344959,-10.23555803,-4.878016114,18.24978052,15.59924126,-3.404789972,-0.943325329,-20.89368706,-3.517040429,-11.91067851,3.17E-17,-7.70E-17,0,-0.243900806
In,1,0.06,Li312In3P47S250Cl47F3,-7.223301022,-1.157580292,-0.06,0.06,0.06,-1,-6.24,0.94,0.06,0.94,5,2.42,0,0,0.06,0,-18.30135395,-2.546814899,-4.005635262,-6.288835526,-21.9933548,-0.703408086,-5.293634892,-1.796855688,-4.022332668,-4.546038151,-2.445106745,18.30135395,15.89212497,-3.765297146,-0.377330132,-20.67375351,-3.517040429,-12.81059644,0,0,-0.272762289,0
In,3,0.06,Li306In3P47S250Cl41F9,-7.08364518,-1.151812224,-0.18,0.18,0,-1,-6.15,0.82,0.18,0.94,5,2.3,0,0,0,0.06,-18.32888966,-2.546814899,-4.005635262,-6.288835526,-21.9933548,-0.703408086,-5.293634892,-4.563659668,-11.09344959,-10.23555803,-4.878016114,18.32888966,15.66291163,-3.284620914,-1.131990395,-20.67375351,-3.517040429,-12.17536025,0,0,0,-0.292680967
In,1,0.07,Li628In7P93S500Cl93F7,-7.273916667,-1.158266985,-0.07,0.07,0.07,-1,-6.28,0.93,0.07,0.93,5,2.49,0,0,0.07,0,-18.36777899,-2.546814899,-4.005635262,-6.288835526,-21.9933548,-0.703408086,-5.293634892,-1.796855688,-4.022332668,-4.546038151,-2.445106745,18.36777899,15.99399757,-3.725240793,-0.440218487,-20.45381996,-3.517040429,-13.18115088,0,0,-0.318222671,0
In,3,0.07,Li614In7P93S500Cl79F21,-7.102093139,-1.150136541,-0.21,0.21,0,-1,-6.175,0.79,0.21,0.93,5,2.35,-1.39E-17,1.39E-17,0,0.07,-18.40879569,-2.546814899,-4.005635262,-6.288835526,-21.9933548,-0.703408086,-5.293634892,-4.563659668,-11.09344959,-10.23555803,-4.878016114,18.40879569,15.726582,-3.164451857,-1.32065546,-20.45381996,-3.517040429,-12.440042,6.33E-17,-1.54E-16,0,-0.341461128
In,1,0.08,Li158In2P23S125Cl23F2,-7.325052752,-1.159027334,-0.08,0.08,0.08,-1,-6.32,0.92,0.08,0.92,5,2.56,0,0,0.08,0,-18.43368359,-2.546814899,-4.005635262,-6.288835526,-21.9933548,-0.703408086,-5.293634892,-1.796855688,-4.022332668,-4.546038151,-2.445106745,18.43368359,16.09587016,-3.685184441,-0.503106842,-20.23388641,-3.517040429,-13.55170532,0,0,-0.363683052,0
In,3,0.08,Li154In2P23S125Cl19F6,-7.119463593,-1.14830058,-0.24,0.24,0,-1,-6.2,0.76,0.24,0.92,5,2.4,0,0,0,0.08,-18.48977923,-2.546814899,-4.005635262,-6.288835526,-21.9933548,-0.703408086,-5.293634892,-4.563659668,-11.09344959,-10.23555803,-4.878016114,18.48977923,15.79025237,-3.044282799,-1.509320526,-20.23388641,-3.517040429,-12.70472374,0,0,0,-0.390241289
In,1,0.09,Li636In9P91S500Cl91F9,-7.376668382,-1.159853519,-0.09,0.09,0.09,-1,-6.36,0.91,0.09,0.91,5,2.63,0,0,0.09,0,-18.49910864,-2.546814899,-4.005635262,-6.288835526,-21.9933548,-0.703408086,-5.293634892,-1.796855688,-4.022332668,-4.546038151,-2.445106745,18.49910864,16.19774276,-3.645128088,-0.565995197,-20.01395287,-3.517040429,-13.92225976,0,0,-0.409143434,0
In,3,0.09,Li618In9P91S500Cl73F27,-7.135563811,-1.146275311,-0.27,0.27,0,-1,-6.225,0.73,0.27,0.91,5,2.45,1.39E-17,-1.39E-17,0,0.09,-18.572033,-2.546814899,-4.005635262,-6.288835526,-21.9933548,-0.703408086,-5.293634892,-4.563659668,-11.09344959,-10.23555803,-4.878016114,18.572033,15.85392275,-2.924113741,-1.697985592,-20.01395287,-3.517040429,-12.96940548,-6.33E-17,1.54E-16,0,-0.43902145
In,1,0.1,Li64InP9S50Cl9F,-7.428664604,-1.160728844,-0.1,0.1,0.1,-1,-6.4,0.9,0.1,0.9,5,2.7,0,0,0.1,0,-18.5641531,-2.546814899,-4.005635262,-6.288835526,-21.9933548,-0.703408086,-5.293634892,-1.796855688,-4.022332668,-4.546038151,-2.445106745,18.5641531,16.29961535,-3.605071735,-0.628883553,-19.79401932,-3.517040429,-14.29281421,0,0,-0.454603815,0
In,3,0.1,Li62InP9S50Cl7F3,-7.150207782,-1.144033245,-0.3,0.3,0,-1,-6.25,0.7,0.3,0.9,5,2.5,-1.39E-17,1.39E-17,0,0.1,-18.65574303,-2.546814899,-4.005635262,-6.288835526,-21.9933548,-0.703408086,-5.293634892,-4.563659668,-11.09344959,-10.23555803,-4.878016114,18.65574303,15.91759312,-2.803944683,-1.886650658,-19.79401932,-3.517040429,-13.23408723,6.33E-17,-1.54E-16,0,-0.487801611
Ir,2,0.01,Li603IrP99S500Cl98F2,-7.676487827,-1.273049391,-0.02,0.02,0,-1,-6.03,0.98,0.02,0.99,5,2.06,0,0,0,0.01,-17.23130969,-2.546814899,-4.005635262,-6.288835526,-21.9933548,-0.703408086,-5.293634892,-1.71402812,-4.565104723,-5.374856591,-1.84425354,17.23130969,15.35729384,-3.925522556,-0.125776711,-21.77342125,-3.517040429,-10.90488788,0,0,0,-0.018442535
Ir,3,0.01,Li602IrP99S500Cl97F3,-7.669384475,-1.272926884,-0.03,0.03,0,-1,-6.025,0.97,0.03,0.99,5,2.05,0,0,0,0.01,-17.22871572,-2.546814899,-4.005635262,-6.288835526,-21.9933548,-0.703408086,-5.293634892,-2.454891205,-5.867543697,-7.936149597,-2.611548603,17.22871572,15.34455977,-3.885466204,-0.188665066,-21.77342125,-3.517040429,-10.85195153,0,0,0,-0.026115486
Ir,4,0.01,Li601IrP99S500Cl96F4,-7.663938606,-1.273079503,-0.04,0.04,0,-1,-6.02,0.96,0.04,0.99,5,2.04,0,0,0,0.01,-17.22664824,-2.546814899,-4.005635262,-6.288835526,-21.9933548,-0.703408086,-5.293634892,-2.629561126,-7.66933322,-10.6479063,-3.597241044,17.22664824,15.33182569,-3.845409851,-0.251553421,-21.77342125,-3.517040429,-10.79901518,0,0,0,-0.03597241
Ir,5,0.01,Li600IrP99S500Cl95F5,-7.64625043,-1.271197079,-0.05,0.05,0,-1,-6.015,0.95,0.05,0.99,5,2.03,0,0,0,0.01,-17.22506881,-2.546814899,-4.005635262,-6.288835526,-21.9933548,-0.703408086,-5.293634892,-3.322736263,-9.386424065,-12.86513066,-3.407507271,17.22506881,15.31909162,-3.805353498,-0.314441776,-21.77342125,-3.517040429,-10.74607883,0,0,0,-0.034075073
Ir,6,0.01,Li599IrP99S500Cl94F6,-7.674319729,-1.270582737,-0.06,0.06,0.01,-1,-6.04,0.94,0.06,0.99,5,2.02,0,0,0.01,0,-17.22392825,-2.546814899,-4.005635262,-6.288835526,-21.9933548,-0.703408086,-5.293634892,-3.625242352,-10.6197449,-15.47785318,-3.824053764,17.22392825,15.38276199,-3.765297146,-0.377330132,-21.77342125,-3.517040429,-10.69314248,0,0,-0.154778532,0
Ir,2,0.02,Li303IrP49S250Cl48F2,-7.687682463,-1.268594466,-0.04,0.04,0,-1,-6.06,0.96,0.04,0.98,5,2.12,0,0,0,0.02,-17.30550169,-2.546814899,-4.005635262,-6.288835526,-21.9933548,-0.703408086,-5.293634892,-1.71402812,-4.565104723,-5.374856591,-1.84425354,17.30550169,15.43369829,-3.845409851,-0.251553421,-21.5534877,-3.517040429,-11.22250597,0,0,0,-0.036885071
Ir,3,0.02,Li302IrP49S250Cl47F3,-7.670682337,-1.267881378,-0.06,0.06,0,-1,-6.05,0.94,0.06,0.98,5,2.1,0,0,0,0.02,-17.30310718,-2.546814899,-4.005635262,-6.288835526,-21.9933548,-0.703408086,-5.293634892,-2.454891205,-5.867543697,-7.936149597,-2.611548603,17.30310718,15.40823014,-3.765297146,-0.377330132,-21.5534877,-3.517040429,-11.11663327,0,0,0,-0.052230972
Ir,4,0.02,Li301IrP49S250Cl46F4,-7.656266237,-1.267593748,-0.08,0.08,0,-1,-6.04,0.92,0.08,0.98,5,2.08,0,0,0,0.02,-17.30249658,-2.546814899,-4.005635262,-6.288835526,-21.9933548,-0.703408086,-5.293634892,-2.629561126,-7.66933322,-10.6479063,-3.597241044,17.30249658,15.38276199,-3.685184441,-0.503106842,-21.5534877,-3.517040429,-11.01076057,0,0,0,-0.071944821
Ir,5,0.02,Li300IrP49S250Cl45F5,-7.616882396,-1.263164576,-0.1,0.1,0,-1,-6.03,0.9,0.1,0.98,5,2.06,0,0,0,0.02,-17.3033452,-2.546814899,-4.005635262,-6.288835526,-21.9933548,-0.703408086,-5.293634892,-3.322736263,-9.386424065,-12.86513066,-3.407507271,17.3033452,15.35729384,-3.605071735,-0.628883553,-21.5534877,-3.517040429,-10.90488788,0,0,0,-0.068150145
Ir,6,0.02,Li299IrP49S250Cl44F6,-7.668771817,-1.261311154,-0.12,0.12,0.02,-1,-6.08,0.88,0.12,0.98,5,2.04,0,0,0.02,0,-17.30531326,-2.546814899,-4.005635262,-6.288835526,-21.9933548,-0.703408086,-5.293634892,-3.625242352,-10.6197449,-15.47785318,-3.824053764,17.30531326,15.48463459,-3.52495903,-0.754660263,-21.5534877,-3.517040429,-10.79901518,0,0,-0.309557064,0
Ir,2,0.03,Li609Ir3P97S500Cl94F6,-7.696655598,-1.263818653,-0.06,0.06,0,-1,-6.09,0.94,0.06,0.97,5,2.18,0,0,0,0.03,-17.3819152,-2.546814899,-4.005635262,-6.288835526,-21.9933548,-0.703408086,-5.293634892,-1.71402812,-4.565104723,-5.374856591,-1.84425354,17.3819152,15.51010274,-3.765297146,-0.377330132,-21.33355415,-3.517040429,-11.54012406,0,0,0,-0.055327606
Ir,3,0.03,Li606Ir3P97S500Cl91F9,-7.667262206,-1.262100775,-0.09,0.09,0,-1,-6.075,0.91,0.09,0.97,5,2.15,0,0,0,0.03,-17.38221663,-2.546814899,-4.005635262,-6.288835526,-21.9933548,-0.703408086,-5.293634892,-2.454891205,-5.867543697,-7.936149597,-2.611548603,17.38221663,15.47190051,-3.645128088,-0.565995197,-21.33355415,-3.517040429,-11.38131502,0,0,0,-0.078346458
Ir,4,0.03,Li603Ir3P97S500Cl88F12,-7.641086917,-1.260905432,-0.12,0.12,0,-1,-6.06,0.88,0.12,0.97,5,2.12,0,0,0,0.03,-17.38585187,-2.546814899,-4.005635262,-6.288835526,-21.9933548,-0.703408086,-5.293634892,-2.629561126,-7.66933322,-10.6479063,-3.597241044,17.38585187,15.43369829,-3.52495903,-0.754660263,-21.33355415,-3.517040429,-11.22250597,0,0,0,-0.107917231
Ir,5,0.03,Li600Ir3P97S500Cl85F15,-7.577527961,-1.253519927,-0.15,0.15,0,-1,-6.045,0.85,0.15,0.97,5,2.09,0,0,0,0.03,-17.391608,-2.546814899,-4.005635262,-6.288835526,-21.9933548,-0.703408086,-5.293634892,-3.322736263,-9.386424065,-12.86513066,-3.407507271,17.391608,15.39549606,-3.404789972,-0.943325329,-21.33355415,-3.517040429,-11.06369692,0,0,0,-0.102225218
Ir,6,0.03,Li597Ir3P97S500Cl82F18,-7.651626768,-1.250265812,-0.18,0.18,0.03,-1,-6.12,0.82,0.18,0.97,5,2.06,0,0,0.03,0,-17.39829541,-2.546814899,-4.005635262,-6.288835526,-21.9933548,-0.703408086,-5.293634892,-3.625242352,-10.6197449,-15.47785318,-3.824053764,17.39829541,15.58650718,-3.284620914,-1.131990395,-21.33355415,-3.517040429,-10.90488788,0,0,-0.464335595,0
Ir,2,0.04,Li153IrP24S125Cl23F2,-7.703529119,-1.258746588,-0.08,0.08,0,-1,-6.12,0.92,0.08,0.96,5,2.24,0,0,0,0.04,-17.46042831,-2.546814899,-4.005635262,-6.288835526,-21.9933548,-0.703408086,-5.293634892,-1.71402812,-4.565104723,-5.374856591,-1.84425354,17.46042831,15.58650718,-3.685184441,-0.503106842,-21.11362061,-3.517040429,-11.85774216,0,0,0,-0.073770142
Ir,3,0.04,Li152IrP24S125Cl22F3,-7.659432084,-1.255644604,-0.12,0.12,0,-1,-6.1,0.88,0.12,0.96,5,2.2,0,0,0,0.04,-17.46573606,-2.546814899,-4.005635262,-6.288835526,-21.9933548,-0.703408086,-5.293634892,-2.454891205,-5.867543697,-7.936149597,-2.611548603,17.46573606,15.53557088,-3.52495903,-0.754660263,-21.11362061,-3.517040429,-11.64599676,0,0,0,-0.104461944
Ir,4,0.04,Li151IrP24S125Cl21F4,-7.619824595,-1.253260624,-0.16,0.16,0,-1,-6.08,0.84,0.16,0.96,5,2.16,0,0,0,0.04,-17.47529016,-2.546814899,-4.005635262,-6.288835526,-21.9933548,-0.703408086,-5.293634892,-2.629561126,-7.66933322,-10.6479063,-3.597241044,17.47529016,15.48463459,-3.36473362,-1.006213684,-21.11362061,-3.517040429,-11.43425137,0,0,0,-0.143889642
Ir,5,0.04,Li150IrP24S125Cl20F5,-7.53187856,-1.242884251,-0.2,0.2,0,-1,-6.06,0.8,0.2,0.96,5,2.12,0,0,0,0.04,-17.48616576,-2.546814899,-4.005635262,-6.288835526,-21.9933548,-0.703408086,-5.293634892,-3.322736263,-9.386424065,-12.86513066,-3.407507271,17.48616576,15.43369829,-3.204508209,-1.257767105,-21.11362061,-3.517040429,-11.22250597,0,0,0,-0.136300291
Ir,6,0.04,Li149IrP24S125Cl19F6,-7.630152937,-1.238661191,-0.24,0.24,0.04,-1,-6.16,0.76,0.24,0.96,5,2.08,0,0,0.04,0,-17.49560635,-2.546814899,-4.005635262,-6.288835526,-21.9933548,-0.703408086,-5.293634892,-3.625242352,-10.6197449,-15.47785318,-3.824053764,17.49560635,15.68837978,-3.044282799,-1.509320526,-21.11362061,-3.517040429,-11.01076057,0,0,-0.619114127,0
Ir,2,0.05,Li123IrP19S100Cl18F2,-7.708397941,-1.253398039,-0.1,0.1,0,-1,-6.15,0.9,0.1,0.95,5,2.3,0,0,0,0.05,-17.54094613,-2.546814899,-4.005635262,-6.288835526,-21.9933548,-0.703408086,-5.293634892,-1.71402812,-4.565104723,-5.374856591,-1.84425354,17.54094613,15.66291163,-3.605071735,-0.628883553,-20.89368706,-3.517040429,-12.17536025,0,0,0,-0.092212677
Ir,3,0.05,Li122IrP19S100Cl17F3,-7.647920508,-1.248640083,-0.15,0.15,0,-1,-6.125,0.85,0.15,0.95,5,2.25,-6.94E-18,6.94E-18,0,0.05,-17.55293696,-2.546814899,-4.005635262,-6.288835526,-21.9933548,-0.703408086,-5.293634892,-2.454891205,-5.867543697,-7.936149597,-2.611548603,17.55293696,15.59924126,-3.404789972,-0.943325329,-20.89368706,-3.517040429,-11.91067851,1.70E-17,-4.07E-17,0,-0.13057743
Ir,4,0.05,Li121IrP19S100Cl16F4,-7.594819269,-1.245052339,-0.2,0.2,0,-1,-6.1,0.8,0.2,0.95,5,2.2,0,0,0,0.05,-17.56847146,-2.546814899,-4.005635262,-6.288835526,-21.9933548,-0.703408086,-5.293634892,-2.629561126,-7.66933322,-10.6479063,-3.597241044,17.56847146,15.53557088,-3.204508209,-1.257767105,-20.89368706,-3.517040429,-11.64599676,0,0,0,-0.179862052
Ir,5,0.05,Li120IrP19S100Cl15F5,-7.638751577,-1.232056706,-0.25,0.25,0.05,-1,-6.2,0.75,0.25,0.95,5,2.15,0,0,0.05,0,-17.58273041,-2.546814899,-4.005635262,-6.288835526,-21.9933548,-0.703408086,-5.293634892,-3.322736263,-9.386424065,-12.86513066,-3.407507271,17.58273041,15.79025237,-3.004226446,-1.572208881,-20.89368706,-3.517040429,-11.38131502,0,0,-0.643256533,0
Ir,6,0.05,Li119IrP19S100Cl14F6,-7.611284488,-1.22762653,-0.3,0.3,0.05,-1,-6.2,0.7,0.3,0.95,5,2.1,-6.94E-18,6.94E-18,0.05,0,-17.5903119,-2.546814899,-4.005635262,-6.288835526,-21.9933548,-0.703408086,-5.293634892,-3.625242352,-10.6197449,-15.47785318,-3.824053764,17.5903119,15.79025237,-2.803944683,-1.886650658,-20.89368706,-3.517040429,-11.11663327,2.52E-17,-7.37E-17,-0.773892659,0
Ir,2,0.06,Li309Ir3P47S250Cl44F6,-7.711416098,-1.247801958,-0.12,0.12,0,-1,-6.18,0.88,0.12,0.94,5,2.36,0,0,0,0.06,-17.62331461,-2.546814899,-4.005635262,-6.288835526,-21.9933548,-0.703408086,-5.293634892,-1.71402812,-4.565104723,-5.374856591,-1.84425354,17.62331461,15.73931608,-3.52495903,-0.754660263,-20.67375351,-3.517040429,-12.49297834,0,0,0,-0.110655212
Ir,3,0.06,Li306Ir3P47S250Cl41F9,-7.633893816,-1.241283547,-0.18,0.18,0,-1,-6.15,0.82,0.18,0.94,5,2.3,0,0,0,0.06,-17.64265297,-2.546814899,-4.005635262,-6.288835526,-21.9933548,-0.703408086,-5.293634892,-2.454891205,-5.867543697,-7.936149597,-2.611548603,17.64265297,15.66291163,-3.284620914,-1.131990395,-20.67375351,-3.517040429,-12.17536025,0,0,0,-0.156692916
Ir,4,0.06,Li303Ir3P47S250Cl38F12,-7.56817528,-1.236629948,-0.24,0.24,0,-1,-6.12,0.76,0.24,0.94,5,2.24,0,0,0,0.06,-17.66329142,-2.546814899,-4.005635262,-6.288835526,-21.9933548,-0.703408086,-5.293634892,-2.629561126,-7.66933322,-10.6479063,-3.597241044,17.66329142,15.58650718,-3.044282799,-1.509320526,-20.67375351,-3.517040429,-11.85774216,0,0,0,-0.215834463
Ir,5,0.06,Li300Ir3P47S250Cl35F15,-7.623132446,-1.221655841,-0.3,0.3,0.06,-1,-6.24,0.7,0.3,0.94,5,2.18,0,0,0.06,0,-17.67816377,-2.546814899,-4.005635262,-6.288835526,-21.9933548,-0.703408086,-5.293634892,-3.322736263,-9.386424065,-12.86513066,-3.407507271,17.67816377,15.89212497,-2.803944683,-1.886650658,-20.67375351,-3.517040429,-11.54012406,0,0,-0.77190784,0
Ir,6,0.06,Li297Ir3P47S250Cl32F18,-7.59800065,-1.217628309,-0.36,0.36,0.06,-1,-6.24,0.64,0.36,0.94,5,2.12,0,0,0.06,0,-17.67943284,-2.546814899,-4.005635262,-6.288835526,-21.9933548,-0.703408086,-5.293634892,-3.625242352,-10.6197449,-15.47785318,-3.824053764,17.67943284,15.89212497,-2.563606567,-2.263980789,-20.67375351,-3.517040429,-11.22250597,0,0,-0.928671191,0
Ir,2,0.07,Li621Ir7P93S500Cl86F14,-7.712772211,-1.241992305,-0.14,0.14,0,-1,-6.21,0.86,0.14,0.93,5,2.42,0,0,0,0.07,-17.70734514,-2.546814899,-4.005635262,-6.288835526,-21.9933548,-0.703408086,-5.293634892,-1.71402812,-4.565104723,-5.374856591,-1.84425354,17.70734514,15.81572052,-3.444846325,-0.880436974,-20.45381996,-3.517040429,-12.81059644,0,0,0,-0.129097748
Ir,3,0.07,Li614Ir7P93S500Cl79F21,-7.6184629,-1.233759174,-0.21,0.21,0,-1,-6.175,0.79,0.21,0.93,5,2.35,-1.39E-17,1.39E-17,0,0.07,-17.7337732,-2.546814899,-4.005635262,-6.288835526,-21.9933548,-0.703408086,-5.293634892,-2.454891205,-5.867543697,-7.936149597,-2.611548603,17.7337732,15.726582,-3.164451857,-1.32065546,-20.45381996,-3.517040429,-12.440042,3.41E-17,-8.14E-17,0,-0.182808402
Ir,4,0.07,Li607Ir7P93S500Cl72F28,-7.541377098,-1.228237312,-0.28,0.28,0,-1,-6.14,0.72,0.28,0.93,5,2.28,0,0,0,0.07,-17.75826557,-2.546814899,-4.005635262,-6.288835526,-21.9933548,-0.703408086,-5.293634892,-2.629561126,-7.66933322,-10.6479063,-3.597241044,17.75826557,15.63744348,-2.884057388,-1.760873947,-20.45381996,-3.517040429,-12.06948755,0,0,0,-0.251806873
Ir,5,0.07,Li600Ir7P93S500Cl65F35,-7.610598808,-1.211878791,-0.35,0.35,0.07,-1,-6.28,0.65,0.35,0.93,5,2.21,-1.39E-17,1.39E-17,0.07,0,-17.77051163,-2.546814899,-4.005635262,-6.288835526,-21.9933548,-0.703408086,-5.293634892,-3.322736263,-9.386424065,-12.86513066,-3.407507271,17.77051163,15.99399757,-2.60366292,-2.201092434,-20.45381996,-3.517040429,-11.69893311,4.61E-17,-1.30E-16,-0.900559146,0
Ir,6,0.07,Li593Ir7P93S500Cl58F42,-7.593485679,-1.209153771,-0.42,0.42,0.07,-1,-6.28,0.58,0.42,0.93,5,2.14,-1.39E-17,1.39E-17,0.07,0,-17.75978491,-2.546814899,-4.005635262,-6.288835526,-21.9933548,-0.703408086,-5.293634892,-3.625242352,-10.6197449,-15.47785318,-3.824053764,17.75978491,15.99399757,-2.323268452,-2.641310921,-20.45381996,-3.517040429,-11.32837867,5.03E-17,-1.47E-16,-1.083449723,0
Ir,2,0.08,Li156Ir2P23S125Cl21F4,-7.712663033,-1.236003691,-0.16,0.16,0,-1,-6.24,0.84,0.16,0.92,5,2.48,0,0,0,0.08,-17.79284096,-2.546814899,-4.005635262,-6.288835526,-21.9933548,-0.703408086,-5.293634892,-1.71402812,-4.565104723,-5.374856591,-1.84425354,17.79284096,15.89212497,-3.36473362,-1.006213684,-20.23388641,-3.517040429,-13.12821453,0,0,0,-0.147540283
Ir,3,0.08,Li154Ir2P23S125Cl19F6,-7.60242231,-1.226197147,-0.24,0.24,0,-1,-6.2,0.76,0.24,0.92,5,2.4,0,0,0,0.08,-17.82550311,-2.546814899,-4.005635262,-6.288835526,-21.9933548,-0.703408086,-5.293634892,-2.454891205,-5.867543697,-7.936149597,-2.611548603,17.82550311,15.79025237,-3.044282799,-1.509320526,-20.23388641,-3.517040429,-12.70472374,0,0,0,-0.208923888
Ir,4,0.08,Li152Ir2P23S125Cl17F8,-7.515701686,-1.220081442,-0.32,0.32,0,-1,-6.16,0.68,0.32,0.92,5,2.32,0,0,0,0.08,-17.85211696,-2.546814899,-4.005635262,-6.288835526,-21.9933548,-0.703408086,-5.293634892,-2.629561126,-7.66933322,-10.6479063,-3.597241044,17.85211696,15.68837978,-2.723831978,-2.012427368,-20.23388641,-3.517040429,-12.28123295,0,0,0,-0.287779284
Ir,5,0.08,Li150Ir2P23S125Cl15F10,-7.60355893,-1.203094767,-0.4,0.4,0.08,-1,-6.32,0.6,0.4,0.92,5,2.24,0,0,0.08,0,-17.85736573,-2.546814899,-4.005635262,-6.288835526,-21.9933548,-0.703408086,-5.293634892,-3.322736263,-9.386424065,-12.86513066,-3.407507271,17.85736573,16.09587016,-2.403381157,-2.51553421,-20.23388641,-3.517040429,-11.85774216,0,0,-1.029210453,0
Ir,6,0.08,Li148Ir2P23S125Cl13F12,-7.597149729,-1.202080653,-0.48,0.48,0.08,-1,-6.32,0.52,0.48,0.92,5,2.16,0,0,0.08,0,-17.83195796,-2.546814899,-4.005635262,-6.288835526,-21.9933548,-0.703408086,-5.293634892,-3.625242352,-10.6197449,-15.47785318,-3.824053764,17.83195796,16.09587016,-2.082930336,-3.018641052,-20.23388641,-3.517040429,-11.43425137,0,0,-1.238228254,0
Ir,2,0.09,Li627Ir9P91S500Cl82F18,-7.711293515,-1.229871374,-0.18,0.18,0,-1,-6.27,0.82,0.18,0.91,5,2.54,0,0,0,0.09,-17.87959711,-2.546814899,-4.005635262,-6.288835526,-21.9933548,-0.703408086,-5.293634892,-1.71402812,-4.565104723,-5.374856591,-1.84425354,17.87959711,15.96852942,-3.284620914,-1.131990395,-20.01395287,-3.517040429,-13.44583262,0,0,0,-0.165982819
Ir,3,0.09,Li618Ir9P91S500Cl73F27,-7.586398629,-1.218698575,-0.27,0.27,0,-1,-6.225,0.73,0.27,0.91,5,2.45,1.39E-17,-1.39E-17,0,0.09,-17.91721611,-2.546814899,-4.005635262,-6.288835526,-21.9933548,-0.703408086,-5.293634892,-2.454891205,-5.867543697,-7.936149597,-2.611548603,17.91721611,15.85392275,-2.924113741,-1.697985592,-20.01395287,-3.517040429,-12.96940548,-3.41E-17,8.14E-17,0,-0.235039374
Ir,4,0.09,Li609Ir9P91S500Cl64F36,-7.492534463,-1.212384217,-0.36,0.36,0,-1,-6.18,0.64,0.36,0.91,5,2.36,0,0,0,0.09,-17.94346015,-2.546814899,-4.005635262,-6.288835526,-21.9933548,-0.703408086,-5.293634892,-2.629561126,-7.66933322,-10.6479063,-3.597241044,17.94346015,15.73931608,-2.563606567,-2.263980789,-20.01395287,-3.517040429,-12.49297834,0,0,0,-0.323751694
Ir,5,0.09,Li600Ir9P91S500Cl55F45,-7.602590859,-1.195375921,-0.45,0.45,0.09,-1,-6.36,0.55,0.45,0.91,5,2.27,0,0,0.09,0,-17.93814802,-2.546814899,-4.005635262,-6.288835526,-21.9933548,-0.703408086,-5.293634892,-3.322736263,-9.386424065,-12.86513066,-3.407507271,17.93814802,16.19774276,-2.203099394,-2.829975986,-20.01395287,-3.517040429,-12.0165512,0,0,-1.15786176,0
Ir,6,0.09,Li591Ir9P91S500Cl46F54,-7.599920256,-1.194956015,-0.54,0.54,0.09,-1,-6.36,0.46,0.54,0.91,5,2.18,1.39E-17,-1.39E-17,0.09,0,-17.90502453,-2.546814899,-4.005635262,-6.288835526,-21.9933548,-0.703408086,-5.293634892,-3.625242352,-10.6197449,-15.47785318,-3.824053764,17.90502453,16.19774276,-1.84259222,-3.395971184,-20.01395287,-3.517040429,-11.54012406,-5.03E-17,1.47E-16,-1.393006786,0
Ir,2,0.1,Li63IrP9S50Cl8F2,-7.708962501,-1.223644841,-0.2,0.2,0,-1,-6.3,0.8,0.2,0.9,5,2.6,0,0,0,0.1,-17.96731477,-2.546814899,-4.005635262,-6.288835526,-21.9933548,-0.703408086,-5.293634892,-1.71402812,-4.565104723,-5.374856591,-1.84425354,17.96731477,16.04493386,-3.204508209,-1.257767105,-19.79401932,-3.517040429,-13.76345072,0,0,0,-0.184425354
Ir,3,0.1,Li62IrP9S50Cl7F3,-7.57103799,-1.211366078,-0.3,0.3,0,-1,-6.25,0.7,0.3,0.9,5,2.5,-1.39E-17,1.39E-17,0,0.1,-18.00826607,-2.546814899,-4.005635262,-6.288835526,-21.9933548,-0.703408086,-5.293634892,-2.454891205,-5.867543697,-7.936149597,-2.611548603,18.00826607,15.91759312,-2.803944683,-1.886650658,-19.79401932,-3.517040429,-13.23408723,3.41E-17,-8.14E-17,0,-0.26115486
Ir,4,0.1,Li61IrP9S50Cl6F4,-7.472974609,-1.205318485,-0.4,0.4,0,-1,-6.2,0.6,0.4,0.9,5,2.4,0,0,0,0.1,-18.03119597,-2.546814899,-4.005635262,-6.288835526,-21.9933548,-0.703408086,-5.293634892,-2.629561126,-7.66933322,-10.6479063,-3.597241044,18.03119597,15.79025237,-2.403381157,-2.51553421,-19.79401932,-3.517040429,-12.70472374,0,0,0,-0.359724104
Ir,5,0.1,Li60IrP9S50Cl5F5,-7.603879181,-1.188106122,-0.5,0.5,0.1,-1,-6.4,0.5,0.5,0.9,5,2.3,0,0,0.1,0,-18.01667392,-2.546814899,-4.005635262,-6.288835526,-21.9933548,-0.703408086,-5.293634892,-3.322736263,-9.386424065,-12.86513066,-3.407507271,18.01667392,16.29961535,-2.002817631,-3.144417763,-19.79401932,-3.517040429,-12.17536025,0,0,-1.286513066,0
Ir,6,0.1,Li59IrP9S50Cl4F6,-7.601364449,-1.187713195,-0.6,0.6,0.1,-1,-6.4,0.4,0.6,0.9,5,2.2,-1.39E-17,1.39E-17,0.1,0,-17.97941744,-2.546814899,-4.005635262,-6.288835526,-21.9933548,-0.703408086,-5.293634892,-3.625242352,-10.6197449,-15.47785318,-3.824053764,17.97941744,16.29961535,-1.602254105,-3.773301315,-19.79401932,-3.517040429,-11.64599676,5.03E-17,-1.47E-16,-1.547785318,0
K,1,0.01,Li604KP99S500Cl99F,-7.344152301,-1.215919255,-0.02,0.01,0,-1,-6.04,0.98,0.01,0.99,5,2.08,0.01,0,0,0,-17.60443868,-2.546814899,-4.005635262,-6.288835526,-21.9933548,-0.703408086,-5.293634892,-4.171980381,-5.793192387,-4.567233324,-1.738530636,17.60443868,15.38276199,-3.925522556,-0.062888355,-21.77342125,-3.517040429,-11.01076057,-0.041719804,0,0,0
K,1,0.02,Li304KP49S250Cl49F,-7.377544526,-1.213411929,-0.04,0.02,0,-1,-6.08,0.96,0.02,0.98,5,2.16,0.02,0,0,0,-17.69722655,-2.546814899,-4.005635262,-6.288835526,-21.9933548,-0.703408086,-5.293634892,-4.171980381,-5.793192387,-4.567233324,-1.738530636,17.69722655,15.48463459,-3.845409851,-0.125776711,-21.5534877,-3.517040429,-11.43425137,-0.083439608,0,0,0
K,1,0.03,Li612K3P97S500Cl97F3,-7.410732369,-1.210903982,-0.06,0.03,0,-1,-6.12,0.94,0.03,0.97,5,2.24,0.03,0,0,0,-17.79021881,-2.546814899,-4.005635262,-6.288835526,-21.9933548,-0.703408086,-5.293634892,-4.171980381,-5.793192387,-4.567233324,-1.738530636,17.79021881,15.58650718,-3.765297146,-0.188665066,-21.33355415,-3.517040429,-11.85774216,-0.125159411,0,0,0
K,1,0.04,Li154KP24S125Cl24F,-7.443876148,-1.208421453,-0.08,0.04,0,-1,-6.16,0.92,0.04,0.96,5,2.32,0.04,0,0,0,-17.88325513,-2.546814899,-4.005635262,-6.288835526,-21.9933548,-0.703408086,-5.293634892,-4.171980381,-5.793192387,-4.567233324,-1.738530636,17.88325513,15.68837978,-3.685184441,-0.251553421,-21.11362061,-3.517040429,-12.28123295,-0.166879215,0,0,0
K,1,0.05,Li124KP19S100Cl19F,-7.476909958,-1.205953219,-0.1,0.05,0,-1,-6.2,0.9,0.05,0.95,5,2.4,0.05,0,0,0,-17.97640142,-2.546814899,-4.005635262,-6.288835526,-21.9933548,-0.703408086,-5.293634892,-4.171980381,-5.793192387,-4.567233324,-1.738530636,17.97640142,15.79025237,-3.605071735,-0.314441776,-20.89368706,-3.517040429,-12.70472374,-0.208599019,0,0,0
K,1,0.06,Li312K3P47S250Cl47F3,-7.509512966,-1.203447591,-0.12,0.06,0,-1,-6.24,0.88,0.06,0.94,5,2.48,0.06,0,0,0,-18.06997852,-2.546814899,-4.005635262,-6.288835526,-21.9933548,-0.703408086,-5.293634892,-4.171980381,-5.793192387,-4.567233324,-1.738530636,18.06997852,15.89212497,-3.52495903,-0.377330132,-20.67375351,-3.517040429,-13.12821453,-0.250318823,0,0,0
K,1,0.07,Li628K7P93S500Cl93F7,-7.54125121,-1.20083618,-0.14,0.07,0,-1,-6.28,0.86,0.07,0.93,5,2.56,0.07,0,0,0,-18.16442038,-2.546814899,-4.005635262,-6.288835526,-21.9933548,-0.703408086,-5.293634892,-4.171980381,-5.793192387,-4.567233324,-1.738530636,18.16442038,15.99399757,-3.444846325,-0.440218487,-20.45381996,-3.517040429,-13.55170532,-0.292038627,0,0,0
K,1,0.08,Li158K2P23S125Cl23F2,-7.57222381,-1.198136679,-0.16,0.08,0,-1,-6.32,0.84,0.08,0.92,5,2.64,0.08,0,0,0,-18.25962788,-2.546814899,-4.005635262,-6.288835526,-21.9933548,-0.703408086,-5.293634892,-4.171980381,-5.793192387,-4.567233324,-1.738530636,18.25962788,16.09587016,-3.36473362,-0.503106842,-20.23388641,-3.517040429,-13.97519611,-0.33375843,0,0,0
K,1,0.09,Li636K9P91S500Cl91F9,-7.603477173,-1.195515279,-0.18,0.09,0,-1,-6.36,0.82,0.09,0.91,5,2.72,0.09,0,0,0,-18.35455462,-2.546814899,-4.005635262,-6.288835526,-21.9933548,-0.703408086,-5.293634892,-4.171980381,-5.793192387,-4.567233324,-1.738530636,18.35455462,16.19774276,-3.284620914,-0.565995197,-20.01395287,-3.517040429,-14.3986869,-0.375478234,0,0,0
K,1,0.1,Li64KP9S50Cl9F,-7.636006394,-1.193125999,-0.2,0.1,0,-1,-6.4,0.8,0.1,0.9,5,2.8,0.1,0,0,0,-18.44820549,-2.546814899,-4.005635262,-6.288835526,-21.9933548,-0.703408086,-5.293634892,-4.171980381,-5.793192387,-4.567233324,-1.738530636,18.44820549,16.29961535,-3.204508209,-0.628883553,-19.79401932,-3.517040429,-14.8221777,-0.417198038,0,0,0
La,3,0.01,Li602LaP99S500Cl97F3,-6.630386241,-1.097746066,-0.03,0,0,-1,-6.04,0.97,0,0.99,5,2.08,0,0.01,0,0,-18.3556805,-2.546814899,-4.005635262,-6.288835526,-21.9933548,-0.703408086,-5.293634892,-10.80510521,-18.2140274,-14.87958455,-9.646196365,18.3556805,15.38276199,-3.885466204,0,-21.77342125,-3.517040429,-11.01076057,0,-0.182140274,0,0
La,3,0.02,Li302LaP49S250Cl47F3,-6.699941854,-1.101964121,-0.06,0,0,-1,-6.08,0.94,0,0.98,5,2.16,0,0.02,0,0,-18.44978075,-2.546814899,-4.005635262,-6.288835526,-21.9933548,-0.703408086,-5.293634892,-10.80510521,-18.2140274,-14.87958455,-9.646196365,18.44978075,15.48463459,-3.765297146,0,-21.5534877,-3.517040429,-11.43425137,0,-0.364280548,0,0
La,3,0.03,Li606La3P97S500Cl91F9,-6.768625851,-1.105984616,-0.09,0,0,-1,-6.12,0.91,0,0.97,5,2.24,0,0.03,0,0,-18.54475262,-2.546814899,-4.005635262,-6.288835526,-21.9933548,-0.703408086,-5.293634892,-10.80510521,-18.2140274,-14.87958455,-9.646196365,18.54475262,15.58650718,-3.645128088,0,-21.33355415,-3.517040429,-11.85774216,0,-0.546420822,0,0
La,3,0.04,Li152LaP24S125Cl22F3,-6.836583286,-1.109834949,-0.12,0,0,-1,-6.16,0.88,0,0.96,5,2.32,0,0.04,0,0,-18.64045105,-2.546814899,-4.005635262,-6.288835526,-21.9933548,-0.703408086,-5.293634892,-10.80510521,-18.2140274,-14.87958455,-9.646196365,18.64045105,15.68837978,-3.52495903,0,-21.11362061,-3.517040429,-12.28123295,0,-0.728561096,0,0
La,3,0.05,Li122LaP19S100Cl17F3,-6.903266751,-1.113430121,-0.15,0,0,-1,-6.2,0.85,0,0.95,5,2.4,-6.94E-18,0.05,0,6.94E-18,-18.73742344,-2.546814899,-4.005635262,-6.288835526,-21.9933548,-0.703408086,-5.293634892,-10.80510521,-18.2140274,-14.87958455,-9.646196365,18.73742344,15.79025237,-3.404789972,0,-20.89368706,-3.517040429,-12.70472374,7.50E-17,-0.91070137,0,-6.69E-17
La,3,0.06,Li306La3P47S250Cl41F9,-6.967970669,-1.116661966,-0.18,0,0,-1,-6.24,0.82,0,0.94,5,2.48,0,0.06,0,0,-18.83637539,-2.546814899,-4.005635262,-6.288835526,-21.9933548,-0.703408086,-5.293634892,-10.80510521,-18.2140274,-14.87958455,-9.646196365,18.83637539,15.89212497,-3.284620914,0,-20.67375351,-3.517040429,-13.12821453,0,-1.092841644,0,0
La,3,0.07,Li614La7P93S500Cl79F21,-7.030091708,-1.119441355,-0.21,0,0,-1,-6.28,0.79,0,0.93,5,2.56,-1.39E-17,0.07,0,1.39E-17,-18.93791021,-2.546814899,-4.005635262,-6.288835526,-21.9933548,-0.703408086,-5.293634892,-10.80510521,-18.2140274,-14.87958455,-9.646196365,18.93791021,15.99399757,-3.164451857,0,-20.45381996,-3.517040429,-13.55170532,1.50E-16,-1.274981918,0,-1.34E-16
La,3,0.08,Li154La2P23S125Cl19F6,-7.089135865,-1.121698713,-0.24,0,0,-1,-6.32,0.76,0,0.92,5,2.64,0,0.08,0,0,-19.04252192,-2.546814899,-4.005635262,-6.288835526,-21.9933548,-0.703408086,-5.293634892,-10.80510521,-18.2140274,-14.87958455,-9.646196365,19.04252192,16.09587016,-3.044282799,0,-20.23388641,-3.517040429,-13.97519611,0,-1.457122192,0,0
La,3,0.09,Li618La9P91S500Cl73F27,-7.144623482,-1.123368472,-0.27,0,0,-1,-6.36,0.73,0,0.91,5,2.72,1.39E-17,0.09,0,-1.39E-17,-19.15069017,-2.546814899,-4.005635262,-6.288835526,-21.9933548,-0.703408086,-5.293634892,-10.80510521,-18.2140274,-14.87958455,-9.646196365,19.15069017,16.19774276,-2.924113741,0,-20.01395287,-3.517040429,-14.3986869,-1.50E-16,-1.639262466,0,1.34E-16
La,3,0.1,Li62LaP9S50Cl7F3,-7.196215263,-1.124408635,-0.3,0,0,-1,-6.4,0.7,0,0.9,5,2.8,-1.39E-17,0.1,0,1.39E-17,-19.26275425,-2.546814899,-4.005635262,-6.288835526,-21.9933548,-0.703408086,-5.293634892,-10.80510521,-18.2140274,-14.87958455,-9.646196365,19.26275425,16.29961535,-2.803944683,0,-19.79401932,-3.517040429,-14.8221777,1.50E-16,-1.82140274,0,-1.34E-16
Lr,3,0.01,Li602LrP99S500Cl97F3,-7.011297582,-1.163700843,-0.03,0.03,0,-1,-6.025,0.97,0.03,0.99,5,2.05,0,0,0,0.01,-17.94013855,-2.546814899,-4.005635262,-6.288835526,-21.9933548,-0.703408086,-5.293634892,-4.494002819,-14.20223141,-12.00468731,-7.945141792,17.94013855,15.34455977,-3.885466204,-0.188665066,-21.77342125,-3.517040429,-10.85195153,0,0,0,-0.079451418
Lr,3,0.02,Li302LrP49S250Cl47F3,-7.031787013,-1.162278845,-0.06,0.06,0,-1,-6.05,0.94,0.06,0.98,5,2.1,0,0,0,0.02,-18.04867436,-2.546814899,-4.005635262,-6.288835526,-21.9933548,-0.703408086,-5.293634892,-4.494002819,-14.20223141,-12.00468731,-7.945141792,18.04867436,15.40823014,-3.765297146,-0.377330132,-21.5534877,-3.517040429,-11.11663327,0,0,0,-0.158902836
Lr,3,0.03,Li606Lr3P97S500Cl91F9,-7.049449863,-1.16040327,-0.09,0.09,0,-1,-6.075,0.91,0.09,0.97,5,2.15,0,0,0,0.03,-18.16003676,-2.546814899,-4.005635262,-6.288835526,-21.9933548,-0.703408086,-5.293634892,-4.494002819,-14.20223141,-12.00468731,-7.945141792,18.16003676,15.47190051,-3.645128088,-0.565995197,-21.33355415,-3.517040429,-11.38131502,0,0,0,-0.238354254
Lr,3,0.04,Li152LrP24S125Cl22F3,-7.064026365,-1.158037109,-0.12,0.12,0,-1,-6.1,0.88,0.12,0.96,5,2.2,0,0,0,0.04,-18.27448551,-2.546814899,-4.005635262,-6.288835526,-21.9933548,-0.703408086,-5.293634892,-4.494002819,-14.20223141,-12.00468731,-7.945141792,18.27448551,15.53557088,-3.52495903,-0.754660263,-21.11362061,-3.517040429,-11.64599676,0,0,0,-0.317805672
Lr,3,0.05,Li122LrP19S100Cl17F3,-7.075170908,-1.155129944,-0.15,0.15,0,-1,-6.125,0.85,0.15,0.95,5,2.25,-6.94E-18,6.94E-18,0,0.05,-18.39236622,-2.546814899,-4.005635262,-6.288835526,-21.9933548,-0.703408086,-5.293634892,-4.494002819,-14.20223141,-12.00468731,-7.945141792,18.39236622,15.59924126,-3.404789972,-0.943325329,-20.89368706,-3.517040429,-11.91067851,3.12E-17,-9.85E-17,0,-0.39725709
Lr,3,0.06,Li306Lr3P47S250Cl41F9,-7.082950316,-1.151699238,-0.18,0.18,0,-1,-6.15,0.82,0.18,0.94,5,2.3,0,0,0,0.06,-18.51361206,-2.546814899,-4.005635262,-6.288835526,-21.9933548,-0.703408086,-5.293634892,-4.494002819,-14.20223141,-12.00468731,-7.945141792,18.51361206,15.66291163,-3.284620914,-1.131990395,-20.67375351,-3.517040429,-12.17536025,0,0,0,-0.476708508
Lr,3,0.07,Li614Lr7P93S500Cl79F21,-7.087978586,-1.147850783,-0.21,0.21,0,-1,-6.175,0.79,0.21,0.93,5,2.35,-1.39E-17,1.39E-17,0,0.07,-18.63760904,-2.546814899,-4.005635262,-6.288835526,-21.9933548,-0.703408086,-5.293634892,-4.494002819,-14.20223141,-12.00468731,-7.945141792,18.63760904,15.726582,-3.164451857,-1.32065546,-20.45381996,-3.517040429,-12.440042,6.24E-17,-1.97E-16,0,-0.556159925
Lr,3,0.08,Li154Lr2P23S125Cl19F6,-7.091069638,-1.143720909,-0.24,0.24,0,-1,-6.2,0.76,0.24,0.92,5,2.4,0,0,0,0.08,-18.76354324,-2.546814899,-4.005635262,-6.288835526,-21.9933548,-0.703408086,-5.293634892,-4.494002819,-14.20223141,-12.00468731,-7.945141792,18.76354324,15.79025237,-3.044282799,-1.509320526,-20.23388641,-3.517040429,-12.70472374,0,0,0,-0.635611343
Lr,3,0.09,Li618Lr9P91S500Cl73F27,-7.09288372,-1.139419071,-0.27,0.27,0,-1,-6.225,0.73,0.27,0.91,5,2.45,1.39E-17,-1.39E-17,0,0.09,-18.89075441,-2.546814899,-4.005635262,-6.288835526,-21.9933548,-0.703408086,-5.293634892,-4.494002819,-14.20223141,-12.00468731,-7.945141792,18.89075441,15.85392275,-2.924113741,-1.697985592,-20.01395287,-3.517040429,-12.96940548,-6.24E-17,1.97E-16,0,-0.715062761
Lr,3,0.1,Li62LrP9S50Cl7F3,-7.093812907,-1.135010065,-0.3,0.3,0,-1,-6.25,0.7,0.3,0.9,5,2.5,-1.39E-17,1.39E-17,0,0.1,-19.01885047,-2.546814899,-4.005635262,-6.288835526,-21.9933548,-0.703408086,-5.293634892,-4.494002819,-14.20223141,-12.00468731,-7.945141792,19.01885047,15.91759312,-2.803944683,-1.886650658,-19.79401932,-3.517040429,-13.23408723,6.24E-17,-1.97E-16,0,-0.794514179
Lu,3,0.01,Li602LuP99S500Cl97F3,-6.559607018,-1.088731455,-0.03,0.03,0,-1,-6.025,0.97,0.03,0.99,5,2.05,0,0,0,0.01,-18.41450683,-2.546814899,-4.005635262,-6.288835526,-21.9933548,-0.703408086,-5.293634892,-9.693711281,-18.0304184,-14.70025468,-10.21291375,18.41450683,15.34455977,-3.885466204,-0.188665066,-21.77342125,-3.517040429,-10.85195153,0,0,0,-0.102129138
Lu,3,0.02,Li302LuP49S250Cl47F3,-6.611703533,-1.092843559,-0.06,0.06,0,-1,-6.05,0.94,0.06,0.98,5,2.1,0,0,0,0.02,-18.51411328,-2.546814899,-4.005635262,-6.288835526,-21.9933548,-0.703408086,-5.293634892,-9.693711281,-18.0304184,-14.70025468,-10.21291375,18.51411328,15.40823014,-3.765297146,-0.377330132,-21.5534877,-3.517040429,-11.11663327,0,0,0,-0.204258275
Lu,3,0.03,Li606Lu3P97S500Cl91F9,-6.662603559,-1.096724866,-0.09,0.09,0,-1,-6.075,0.91,0.09,0.97,5,2.15,0,0,0,0.03,-18.61491623,-2.546814899,-4.005635262,-6.288835526,-21.9933548,-0.703408086,-5.293634892,-9.693711281,-18.0304184,-14.70025468,-10.21291375,18.61491623,15.47190051,-3.645128088,-0.565995197,-21.33355415,-3.517040429,-11.38131502,0,0,0,-0.306387413
Lu,3,0.04,Li152LuP24S125Cl22F3,-6.712937221,-1.100481512,-0.12,0.12,0,-1,-6.1,0.88,0.12,0.96,5,2.2,0,0,0,0.04,-18.71628553,-2.546814899,-4.005635262,-6.288835526,-21.9933548,-0.703408086,-5.293634892,-9.693711281,-18.0304184,-14.70025468,-10.21291375,18.71628553,15.53557088,-3.52495903,-0.754660263,-21.11362061,-3.517040429,-11.64599676,0,0,0,-0.40851655
Lu,3,0.05,Li122LuP19S100Cl17F3,-6.762968419,-1.104158109,-0.15,0.15,0,-1,-6.125,0.85,0.15,0.95,5,2.25,-6.94E-18,6.94E-18,0,0.05,-18.81795731,-2.546814899,-4.005635262,-6.288835526,-21.9933548,-0.703408086,-5.293634892,-9.693711281,-18.0304184,-14.70025468,-10.21291375,18.81795731,15.59924126,-3.404789972,-0.943325329,-20.89368706,-3.517040429,-11.91067851,6.73E-17,-1.25E-16,0,-0.510645688
Lu,3,0.06,Li306Lu3P47S250Cl41F9,-6.812724939,-1.107760153,-0.18,0.18,0,-1,-6.15,0.82,0.18,0.94,5,2.3,0,0,0,0.06,-18.91990376,-2.546814899,-4.005635262,-6.288835526,-21.9933548,-0.703408086,-5.293634892,-9.693711281,-18.0304184,-14.70025468,-10.21291375,18.91990376,15.66291163,-3.284620914,-1.131990395,-20.67375351,-3.517040429,-12.17536025,0,0,0,-0.612774825
Lu,3,0.07,Li614Lu7P93S500Cl79F21,-6.861991948,-1.111253757,-0.21,0.21,0,-1,-6.175,0.79,0.21,0.93,5,2.35,-1.39E-17,1.39E-17,0,0.07,-19.02233972,-2.546814899,-4.005635262,-6.288835526,-21.9933548,-0.703408086,-5.293634892,-9.693711281,-18.0304184,-14.70025468,-10.21291375,19.02233972,15.726582,-3.164451857,-1.32065546,-20.45381996,-3.517040429,-12.440042,1.35E-16,-2.50E-16,0,-0.714903963
Lu,3,0.08,Li154Lu2P23S125Cl19F6,-6.910222289,-1.114551982,-0.24,0.24,0,-1,-6.2,0.76,0.24,0.92,5,2.4,0,0,0,0.08,-19.12581234,-2.546814899,-4.005635262,-6.288835526,-21.9933548,-0.703408086,-5.293634892,-9.693711281,-18.0304184,-14.70025468,-10.21291375,19.12581234,15.79025237,-3.044282799,-1.509320526,-20.23388641,-3.517040429,-12.70472374,0,0,0,-0.8170331
Lu,3,0.09,Li618Lu9P91S500Cl73F27,-6.956625096,-1.117530136,-0.27,0.27,0,-1,-6.225,0.73,0.27,0.91,5,2.45,1.39E-17,-1.39E-17,0,0.09,-19.23111251,-2.546814899,-4.005635262,-6.288835526,-21.9933548,-0.703408086,-5.293634892,-9.693711281,-18.0304184,-14.70025468,-10.21291375,19.23111251,15.85392275,-2.924113741,-1.697985592,-20.01395287,-3.517040429,-12.96940548,-1.35E-16,2.50E-16,0,-0.919162238
Lu,3,0.1,Li62LuP9S50Cl7F3,-7.000585687,-1.12009371,-0.3,0.3,0,-1,-6.25,0.7,0.3,0.9,5,2.5,-1.39E-17,1.39E-17,0,0.1,-19.33885489,-2.546814899,-4.005635262,-6.288835526,-21.9933548,-0.703408086,-5.293634892,-9.693711281,-18.0304184,-14.70025468,-10.21291375,19.33885489,15.91759312,-2.803944683,-1.886650658,-19.79401932,-3.517040429,-13.23408723,1.35E-16,-2.50E-16,0,-1.021291375
Lv,2,0.01,Li603LvP99S500Cl98F2,-7.512271311,-1.243753528,-0.02,0.02,0.01,-1,-6.04,0.98,0.02,0.99,5,2.06,0,0,0.01,0,-17.4180191,-2.546814899,-4.005635262,-6.288835526,-21.9933548,-0.703408086,-5.293634892,-2.295865238,-6.036642551,-6.640357971,-2.595822811,17.4180191,15.38276199,-3.925522556,-0.125776711,-21.77342125,-3.517040429,-10.90488788,0,0,-0.06640358,0
Lv,2,0.02,Li303LvP49S250Cl48F2,-7.536050722,-1.239482027,-0.04,0.04,0.02,-1,-6.08,0.96,0.04,0.98,5,2.12,0,0,0.02,0,-17.50211922,-2.546814899,-4.005635262,-6.288835526,-21.9933548,-0.703408086,-5.293634892,-2.295865238,-6.036642551,-6.640357971,-2.595822811,17.50211922,15.48463459,-3.845409851,-0.251553421,-21.5534877,-3.517040429,-11.22250597,0,0,-0.132807159,0
Lv,2,0.03,Li609Lv3P97S500Cl94F6,-7.55785377,-1.234943427,-0.06,0.06,0.03,-1,-6.12,0.94,0.06,0.97,5,2.18,0,0,0.03,0,-17.58819571,-2.546814899,-4.005635262,-6.288835526,-21.9933548,-0.703408086,-5.293634892,-2.295865238,-6.036642551,-6.640357971,-2.595822811,17.58819571,15.58650718,-3.765297146,-0.377330132,-21.33355415,-3.517040429,-11.54012406,0,0,-0.199210739,0
Lv,2,0.04,Li153LvP24S125Cl23F2,-7.577899733,-1.230178528,-0.08,0.08,0.04,-1,-6.16,0.92,0.08,0.96,5,2.24,0,0,0.04,0,-17.67602928,-2.546814899,-4.005635262,-6.288835526,-21.9933548,-0.703408086,-5.293634892,-2.295865238,-6.036642551,-6.640357971,-2.595822811,17.67602928,15.68837978,-3.685184441,-0.503106842,-21.11362061,-3.517040429,-11.85774216,0,0,-0.265614319,0
Lv,2,0.05,Li123LvP19S100Cl18F2,-7.596342599,-1.225216548,-0.1,0.1,0.05,-1,-6.2,0.9,0.1,0.95,5,2.3,0,0,0.05,0,-17.76546595,-2.546814899,-4.005635262,-6.288835526,-21.9933548,-0.703408086,-5.293634892,-2.295865238,-6.036642551,-6.640357971,-2.595822811,17.76546595,15.79025237,-3.605071735,-0.628883553,-20.89368706,-3.517040429,-12.17536025,0,0,-0.332017899,0
Lv,2,0.06,Li309Lv3P47S250Cl44F6,-7.613395989,-1.220095511,-0.12,0.12,0.06,-1,-6.24,0.88,0.12,0.94,5,2.36,0,0,0.06,0,-17.8562921,-2.546814899,-4.005635262,-6.288835526,-21.9933548,-0.703408086,-5.293634892,-2.295865238,-6.036642551,-6.640357971,-2.595822811,17.8562921,15.89212497,-3.52495903,-0.754660263,-20.67375351,-3.517040429,-12.49297834,0,0,-0.398421478,0
Lv,2,0.07,Li621Lv7P93S500Cl86F14,-7.629373194,-1.214868343,-0.14,0.14,0.07,-1,-6.28,0.86,0.14,0.93,5,2.42,0,0,0.07,0,-17.94819443,-2.546814899,-4.005635262,-6.288835526,-21.9933548,-0.703408086,-5.293634892,-2.295865238,-6.036642551,-6.640357971,-2.595822811,17.94819443,15.99399757,-3.444846325,-0.880436974,-20.45381996,-3.517040429,-12.81059644,0,0,-0.464825058,0
Lv,2,0.08,Li156Lv2P23S125Cl21F4,-7.64469459,-1.209603574,-0.16,0.16,0.08,-1,-6.32,0.84,0.16,0.92,5,2.48,0,0,0.08,0,-18.04075256,-2.546814899,-4.005635262,-6.288835526,-21.9933548,-0.703408086,-5.293634892,-2.295865238,-6.036642551,-6.640357971,-2.595822811,18.04075256,16.09587016,-3.36473362,-1.006213684,-20.23388641,-3.517040429,-13.12821453,0,0,-0.531228638,0
Lv,2,0.09,Li627Lv9P91S500Cl82F18,-7.659822383,-1.204374588,-0.18,0.18,0.09,-1,-6.36,0.82,0.18,0.91,5,2.54,0,0,0.09,0,-18.1335043,-2.546814899,-4.005635262,-6.288835526,-21.9933548,-0.703408086,-5.293634892,-2.295865238,-6.036642551,-6.640357971,-2.595822811,18.1335043,16.19774276,-3.284620914,-1.131990395,-20.01395287,-3.517040429,-13.44583262,0,0,-0.597632217,0
Lv,2,0.1,Li63LvP9S50Cl8F2,-7.675246766,-1.199257307,-0.2,0.2,0.1,-1,-6.4,0.8,0.2,0.9,5,2.6,0,0,0.1,0,-18.22595946,-2.546814899,-4.005635262,-6.288835526,-21.9933548,-0.703408086,-5.293634892,-2.295865238,-6.036642551,-6.640357971,-2.595822811,18.22595946,16.29961535,-3.204508209,-1.257767105,-19.79401932,-3.517040429,-13.76345072,0,0,-0.664035797,0
Mc,3,0.01,Li602McP99S500Cl97F3,-7.481111329,-1.238594591,-0.06,0.03,0,-1,-6.04,0.94,0.03,0.99,5,2.08,0.01,0,0,0,-17.4659084,-2.546814899,-4.005635262,-6.288835526,-21.9933548,-0.703408086,-5.293634892,-7.45972538,-13.23133659,-10.86316919,-4.329464436,17.4659084,15.38276199,-3.765297146,-0.188665066,-21.77342125,-3.517040429,-11.01076057,-0.074597254,0,0,0
Mc,3,0.02,Li302McP49S250Cl47F3,-7.515215844,-1.236055238,-0.12,0.06,0,-1,-6.08,0.88,0.06,0.98,5,2.16,0.02,0,0,0,-17.55641273,-2.546814899,-4.005635262,-6.288835526,-21.9933548,-0.703408086,-5.293634892,-7.45972538,-13.23133659,-10.86316919,-4.329464436,17.55641273,15.48463459,-3.52495903,-0.377330132,-21.5534877,-3.517040429,-11.43425137,-0.149194508,0,0,0
Mc,3,0.03,Li606Mc3P97S500Cl91F9,-7.545576923,-1.232937406,-0.18,0.09,0,-1,-6.12,0.82,0.09,0.97,5,2.24,0.03,0,0,0,-17.65066051,-2.546814899,-4.005635262,-6.288835526,-21.9933548,-0.703408086,-5.293634892,-7.45972538,-13.23133659,-10.86316919,-4.329464436,17.65066051,15.58650718,-3.284620914,-0.565995197,-21.33355415,-3.517040429,-11.85774216,-0.223791761,0,0,0
Mc,3,0.04,Li152McP24S125Cl22F3,-7.572747393,-1.229342109,-0.24,0.12,0,-1,-6.16,0.76,0.12,0.96,5,2.32,0.04,0,0,0,-17.74809889,-2.546814899,-4.005635262,-6.288835526,-21.9933548,-0.703408086,-5.293634892,-7.45972538,-13.23133659,-10.86316919,-4.329464436,17.74809889,15.68837978,-3.044282799,-0.754660263,-21.11362061,-3.517040429,-12.28123295,-0.298389015,0,0,0
Mc,3,0.05,Li122McP19S100Cl17F3,-7.597289812,-1.225369324,-0.3,0.15,0,-1,-6.2,0.7,0.15,0.95,5,2.4,0.05,6.94E-18,0,6.94E-18,-17.84816532,-2.546814899,-4.005635262,-6.288835526,-21.9933548,-0.703408086,-5.293634892,-7.45972538,-13.23133659,-10.86316919,-4.329464436,17.84816532,15.79025237,-2.803944683,-0.943325329,-20.89368706,-3.517040429,-12.70472374,-0.372986269,-9.18E-17,0,-3.00E-17
Mc,3,0.06,Li306Mc3P47S250Cl41F9,-7.619620106,-1.221092966,-0.36,0.18,0,-1,-6.24,0.64,0.18,0.94,5,2.48,0.06,0,0,0,-17.95044388,-2.546814899,-4.005635262,-6.288835526,-21.9933548,-0.703408086,-5.293634892,-7.45972538,-13.23133659,-10.86316919,-4.329464436,17.95044388,15.89212497,-2.563606567,-1.131990395,-20.67375351,-3.517040429,-13.12821453,-0.447583523,0,0,0
Mc,3,0.07,Li614Mc7P93S500Cl79F21,-7.639738577,-1.216518882,-0.42,0.21,0,-1,-6.28,0.58,0.21,0.93,5,2.56,0.07,1.39E-17,0,1.39E-17,-18.05493426,-2.546814899,-4.005635262,-6.288835526,-21.9933548,-0.703408086,-5.293634892,-7.45972538,-13.23133659,-10.86316919,-4.329464436,18.05493426,15.99399757,-2.323268452,-1.32065546,-20.45381996,-3.517040429,-13.55170532,-0.522180777,-1.84E-16,0,-6.01E-17
Mc,3,0.08,Li154Mc2P23S125Cl19F6,-7.657291035,-1.211596683,-0.48,0.24,0,-1,-6.32,0.52,0.24,0.92,5,2.64,0.08,0,0,0,-18.16199065,-2.546814899,-4.005635262,-6.288835526,-21.9933548,-0.703408086,-5.293634892,-7.45972538,-13.23133659,-10.86316919,-4.329464436,18.16199065,16.09587016,-2.082930336,-1.509320526,-20.23388641,-3.517040429,-13.97519611,-0.59677803,0,0,0
Mc,3,0.09,Li618Mc9P91S500Cl73F27,-7.671727936,-1.206246531,-0.54,0.27,0,-1,-6.36,0.46,0.27,0.91,5,2.72,0.09,-1.39E-17,0,-1.39E-17,-18.2721626,-2.546814899,-4.005635262,-6.288835526,-21.9933548,-0.703408086,-5.293634892,-7.45972538,-13.23133659,-10.86316919,-4.329464436,18.2721626,16.19774276,-1.84259222,-1.697985592,-20.01395287,-3.517040429,-14.3986869,-0.671375284,1.84E-16,0,6.01E-17
Mc,3,0.1,Li62McP9S50Cl7F3,-7.68249332,-1.200389581,-0.6,0.3,0,-1,-6.4,0.4,0.3,0.9,5,2.8,0.1,1.39E-17,0,1.39E-17,-18.38600607,-2.546814899,-4.005635262,-6.288835526,-21.9933548,-0.703408086,-5.293634892,-7.45972538,-13.23133659,-10.86316919,-4.329464436,18.38600607,16.29961535,-1.602254105,-1.886650658,-19.79401932,-3.517040429,-14.8221777,-0.745972538,-1.84E-16,0,-6.01E-17
Md,2,0.01,Li603MdP99S500Cl98F2,-7.504657715,-1.242492999,-0.02,0.02,0.01,-1,-6.04,0.98,0.02,0.99,5,2.06,0,0,0.01,0,-17.43084778,-2.546814899,-4.005635262,-6.288835526,-21.9933548,-0.703408086,-5.293634892,-2.93746376,-7.110054731,-7.161866426,-2.953743935,17.43084778,15.38276199,-3.925522556,-0.125776711,-21.77342125,-3.517040429,-10.90488788,0,0,-0.071618664,0
Md,3,0.01,Li602MdP99S500Cl97F3,-7.506038113,-1.242721542,-0.03,0.03,0.01,-1,-6.04,0.97,0.03,0.99,5,2.05,0,0,0.01,0,-17.42737739,-2.546814899,-4.005635262,-6.288835526,-21.9933548,-0.703408086,-5.293634892,-3.745620251,-10.06173515,-9.963302135,-4.103874266,17.42737739,15.38276199,-3.885466204,-0.188665066,-21.77342125,-3.517040429,-10.85195153,0,0,-0.099633021,0
Md,2,0.02,Li303MdP49S250Cl48F2,-7.534656438,-1.239252704,-0.04,0.04,0.02,-1,-6.08,0.96,0.04,0.98,5,2.12,0,0,0.02,0,-17.51394368,-2.546814899,-4.005635262,-6.288835526,-21.9933548,-0.703408086,-5.293634892,-2.93746376,-7.110054731,-7.161866426,-2.953743935,17.51394368,15.48463459,-3.845409851,-0.251553421,-21.5534877,-3.517040429,-11.22250597,0,0,-0.143237329,0
Md,3,0.02,Li302MdP49S250Cl47F3,-7.53487214,-1.239288181,-0.06,0.06,0.02,-1,-6.08,0.94,0.06,0.98,5,2.1,0,0,0.02,0,-17.509548,-2.546814899,-4.005635262,-6.288835526,-21.9933548,-0.703408086,-5.293634892,-3.745620251,-10.06173515,-9.963302135,-4.103874266,17.509548,15.48463459,-3.765297146,-0.377330132,-21.5534877,-3.517040429,-11.11663327,0,0,-0.199266043,0
Md,2,0.03,Li609Md3P97S500Cl94F6,-7.564535801,-1.236035262,-0.06,0.06,0.03,-1,-6.12,0.94,0.06,0.97,5,2.18,0,0,0.03,0,-17.59715893,-2.546814899,-4.005635262,-6.288835526,-21.9933548,-0.703408086,-5.293634892,-2.93746376,-7.110054731,-7.161866426,-2.953743935,17.59715893,15.58650718,-3.765297146,-0.377330132,-21.33355415,-3.517040429,-11.54012406,0,0,-0.214855993,0
Md,3,0.03,Li606Md3P97S500Cl91F9,-7.561434448,-1.235528505,-0.09,0.09,0.03,-1,-6.12,0.91,0.09,0.97,5,2.15,0,0,0.03,0,-17.59399032,-2.546814899,-4.005635262,-6.288835526,-21.9933548,-0.703408086,-5.293634892,-3.745620251,-10.06173515,-9.963302135,-4.103874266,17.59399032,15.58650718,-3.645128088,-0.565995197,-21.33355415,-3.517040429,-11.38131502,0,0,-0.298899064,0
Md,2,0.04,Li153MdP24S125Cl23F2,-7.594305726,-1.232841839,-0.08,0.08,0.04,-1,-6.16,0.92,0.08,0.96,5,2.24,0,0,0.04,0,-17.68048363,-2.546814899,-4.005635262,-6.288835526,-21.9933548,-0.703408086,-5.293634892,-2.93746376,-7.110054731,-7.161866426,-2.953743935,17.68048363,15.68837978,-3.685184441,-0.503106842,-21.11362061,-3.517040429,-11.85774216,0,0,-0.286474657,0
Md,3,0.04,Li152MdP24S125Cl22F3,-7.586159769,-1.231519443,-0.12,0.12,0.04,-1,-6.16,0.88,0.12,0.96,5,2.2,0,0,0.04,0,-17.68026963,-2.546814899,-4.005635262,-6.288835526,-21.9933548,-0.703408086,-5.293634892,-3.745620251,-10.06173515,-9.963302135,-4.103874266,17.68026963,15.68837978,-3.52495903,-0.754660263,-21.11362061,-3.517040429,-11.64599676,0,0,-0.398532085,0
Md,2,0.05,Li123MdP19S100Cl18F2,-7.623828863,-1.229649817,-0.1,0.1,0.05,-1,-6.2,0.9,0.1,0.95,5,2.3,0,0,0.05,0,-17.76405511,-2.546814899,-4.005635262,-6.288835526,-21.9933548,-0.703408086,-5.293634892,-2.93746376,-7.110054731,-7.161866426,-2.953743935,17.76405511,15.79025237,-3.605071735,-0.628883553,-20.89368706,-3.517040429,-12.17536025,0,0,-0.358093321,0
Md,3,0.05,Li122MdP19S100Cl17F3,-7.609318458,-1.227309429,-0.15,0.15,0.05,-1,-6.2,0.85,0.15,0.95,5,2.25,-6.94E-18,6.94E-18,0.05,0,-17.76811557,-2.546814899,-4.005635262,-6.288835526,-21.9933548,-0.703408086,-5.293634892,-3.745620251,-10.06173515,-9.963302135,-4.103874266,17.76811557,15.79025237,-3.404789972,-0.943325329,-20.89368706,-3.517040429,-11.91067851,2.60E-17,-6.98E-17,-0.498165107,0
Md,2,0.06,Li309Md3P47S250Cl44F6,-7.652897475,-1.226425877,-0.12,0.12,0.06,-1,-6.24,0.88,0.12,0.94,5,2.36,0,0,0.06,0,-17.84808112,-2.546814899,-4.005635262,-6.288835526,-21.9933548,-0.703408086,-5.293634892,-2.93746376,-7.110054731,-7.161866426,-2.953743935,17.84808112,15.89212497,-3.52495903,-0.754660263,-20.67375351,-3.517040429,-12.49297834,0,0,-0.429711986,0
Md,3,0.06,Li306Md3P47S250Cl41F9,-7.63105119,-1.22292487,-0.18,0.18,0.06,-1,-6.24,0.82,0.18,0.94,5,2.3,0,0,0.06,0,-17.85738747,-2.546814899,-4.005635262,-6.288835526,-21.9933548,-0.703408086,-5.293634892,-3.745620251,-10.06173515,-9.963302135,-4.103874266,17.85738747,15.89212497,-3.284620914,-1.131990395,-20.67375351,-3.517040429,-12.17536025,0,0,-0.597798128,0
Md,2,0.07,Li621Md7P93S500Cl86F14,-7.681276737,-1.223133238,-0.14,0.14,0.07,-1,-6.28,0.86,0.14,0.93,5,2.42,0,0,0.07,0,-17.93279647,-2.546814899,-4.005635262,-6.288835526,-21.9933548,-0.703408086,-5.293634892,-2.93746376,-7.110054731,-7.161866426,-2.953743935,17.93279647,15.99399757,-3.444846325,-0.880436974,-20.45381996,-3.517040429,-12.81059644,0,0,-0.50133065,0
Md,3,0.07,Li614Md7P93S500Cl79F21,-7.651580988,-1.218404616,-0.21,0.21,0.07,-1,-6.28,0.79,0.21,0.93,5,2.35,-1.39E-17,1.39E-17,0.07,0,-17.9478623,-2.546814899,-4.005635262,-6.288835526,-21.9933548,-0.703408086,-5.293634892,-3.745620251,-10.06173515,-9.963302135,-4.103874266,17.9478623,15.99399757,-3.164451857,-1.32065546,-20.45381996,-3.517040429,-12.440042,5.20E-17,-1.40E-16,-0.697431149,0
Md,2,0.08,Li156Md2P23S125Cl21F4,-7.708811783,-1.2197487,-0.16,0.16,0.08,-1,-6.32,0.84,0.16,0.92,5,2.48,0,0,0.08,0,-18.01835605,-2.546814899,-4.005635262,-6.288835526,-21.9933548,-0.703408086,-5.293634892,-2.93746376,-7.110054731,-7.161866426,-2.953743935,18.01835605,16.09587016,-3.36473362,-1.006213684,-20.23388641,-3.517040429,-13.12821453,0,0,-0.572949314,0
Md,3,0.08,Li154Md2P23S125Cl19F6,-7.671430339,-1.213833914,-0.24,0.24,0.08,-1,-6.32,0.76,0.24,0.92,5,2.4,0,0,0.08,0,-18.03901758,-2.546814899,-4.005635262,-6.288835526,-21.9933548,-0.703408086,-5.293634892,-3.745620251,-10.06173515,-9.963302135,-4.103874266,18.03901758,16.09587016,-3.044282799,-1.509320526,-20.23388641,-3.517040429,-12.70472374,0,0,-0.797064171,0
Md,2,0.09,Li627Md9P91S500Cl82F18,-7.735602641,-1.216289723,-0.18,0.18,0.09,-1,-6.36,0.82,0.18,0.91,5,2.54,0,0,0.09,0,-18.10465981,-2.546814899,-4.005635262,-6.288835526,-21.9933548,-0.703408086,-5.293634892,-2.93746376,-7.110054731,-7.161866426,-2.953743935,18.10465981,16.19774276,-3.284620914,-1.131990395,-20.01395287,-3.517040429,-13.44583262,0,0,-0.644567978,0
Md,3,0.09,Li618Md9P91S500Cl73F27,-7.691260056,-1.209317619,-0.27,0.27,0.09,-1,-6.36,0.73,0.27,0.91,5,2.45,1.39E-17,-1.39E-17,0.09,0,-18.13019249,-2.546814899,-4.005635262,-6.288835526,-21.9933548,-0.703408086,-5.293634892,-3.745620251,-10.06173515,-9.963302135,-4.103874266,18.13019249,16.19774276,-2.924113741,-1.697985592,-20.01395287,-3.517040429,-12.96940548,-5.20E-17,1.40E-16,-0.896697192,0
Md,2,0.1,Li63MdP9S50Cl8F2,-7.762045184,-1.21281956,-0.2,0.2,0.1,-1,-6.4,0.8,0.2,0.9,5,2.6,0,0,0.1,0,-18.19131188,-2.546814899,-4.005635262,-6.288835526,-21.9933548,-0.703408086,-5.293634892,-2.93746376,-7.110054731,-7.161866426,-2.953743935,18.19131188,16.29961535,-3.204508209,-1.257767105,-19.79401932,-3.517040429,-13.76345072,0,0,-0.716186643,0
Md,3,0.1,Li62MdP9S50Cl7F3,-7.711445442,-1.20491335,-0.3,0.3,0.1,-1,-6.4,0.7,0.3,0.9,5,2.5,-1.39E-17,1.39E-17,0.1,0,-18.22101173,-2.546814899,-4.005635262,-6.288835526,-21.9933548,-0.703408086,-5.293634892,-3.745620251,-10.06173515,-9.963302135,-4.103874266,18.22101173,16.29961535,-2.803944683,-1.886650658,-19.79401932,-3.517040429,-13.23408723,5.20E-17,-1.40E-16,-0.996330214,0
Mg,2,0.01,Li603MgP99S500Cl98F2,-7.376678684,-1.223329798,-0.02,0.02,0,-1,-6.03,0.98,0.02,0.99,5,2.06,0,0,0,0.01,-17.57221334,-2.546814899,-4.005635262,-6.288835526,-21.9933548,-0.703408086,-5.293634892,-6.63720417,-11.41021514,-9.676202536,-5.953704834,17.57221334,15.35729384,-3.925522556,-0.125776711,-21.77342125,-3.517040429,-10.90488788,0,0,0,-0.059537048
Mg,2,0.02,Li303MgP49S250Cl48F2,-7.408419994,-1.22251155,-0.04,0.04,0,-1,-6.06,0.96,0.04,0.98,5,2.12,0,0,0,0.02,-17.66695319,-2.546814899,-4.005635262,-6.288835526,-21.9933548,-0.703408086,-5.293634892,-6.63720417,-11.41021514,-9.676202536,-5.953704834,17.66695319,15.43369829,-3.845409851,-0.251553421,-21.5534877,-3.517040429,-11.22250597,0,0,0,-0.119074097
Mg,2,0.03,Li609Mg3P97S500Cl94F6,-7.440022715,-1.221678607,-0.06,0.06,0,-1,-6.09,0.94,0.06,0.97,5,2.18,0,0,0,0.03,-17.76183162,-2.546814899,-4.005635262,-6.288835526,-21.9933548,-0.703408086,-5.293634892,-6.63720417,-11.41021514,-9.676202536,-5.953704834,17.76183162,15.51010274,-3.765297146,-0.377330132,-21.33355415,-3.517040429,-11.54012406,0,0,0,-0.178611145
Mg,2,0.04,Li153MgP24S125Cl23F2,-7.471326513,-1.220804986,-0.08,0.08,0,-1,-6.12,0.92,0.08,0.96,5,2.24,0,0,0,0.04,-17.85700897,-2.546814899,-4.005635262,-6.288835526,-21.9933548,-0.703408086,-5.293634892,-6.63720417,-11.41021514,-9.676202536,-5.953704834,17.85700897,15.58650718,-3.685184441,-0.503106842,-21.11362061,-3.517040429,-11.85774216,0,0,0,-0.238148193
Mg,2,0.05,Li123MgP19S100Cl18F2,-7.501906226,-1.219822151,-0.1,0.1,0,-1,-6.15,0.9,0.1,0.95,5,2.3,0,0,0,0.05,-17.95291041,-2.546814899,-4.005635262,-6.288835526,-21.9933548,-0.703408086,-5.293634892,-6.63720417,-11.41021514,-9.676202536,-5.953704834,17.95291041,15.66291163,-3.605071735,-0.628883553,-20.89368706,-3.517040429,-12.17536025,0,0,0,-0.297685242
Mg,2,0.06,Li309Mg3P47S250Cl44F6,-7.531365808,-1.218667607,-0.12,0.12,0,-1,-6.18,0.88,0.12,0.94,5,2.36,0,0,0,0.06,-18.04993198,-2.546814899,-4.005635262,-6.288835526,-21.9933548,-0.703408086,-5.293634892,-6.63720417,-11.41021514,-9.676202536,-5.953704834,18.04993198,15.73931608,-3.52495903,-0.754660263,-20.67375351,-3.517040429,-12.49297834,0,0,0,-0.35722229
Mg,2,0.07,Li621Mg7P93S500Cl86F14,-7.559467837,-1.21730561,-0.14,0.14,0,-1,-6.21,0.86,0.14,0.93,5,2.42,0,0,0,0.07,-18.1483111,-2.546814899,-4.005635262,-6.288835526,-21.9933548,-0.703408086,-5.293634892,-6.63720417,-11.41021514,-9.676202536,-5.953704834,18.1483111,15.81572052,-3.444846325,-0.880436974,-20.45381996,-3.517040429,-12.81059644,0,0,0,-0.416759338
Mg,2,0.08,Li156Mg2P23S125Cl21F4,-7.58618902,-1.21573542,-0.16,0.16,0,-1,-6.24,0.84,0.16,0.92,5,2.48,0,0,0,0.08,-18.24807107,-2.546814899,-4.005635262,-6.288835526,-21.9933548,-0.703408086,-5.293634892,-6.63720417,-11.41021514,-9.676202536,-5.953704834,18.24807107,15.89212497,-3.36473362,-1.006213684,-20.23388641,-3.517040429,-13.12821453,0,0,0,-0.476296387
Mg,2,0.09,Li627Mg9P91S500Cl82F18,-7.611629308,-1.213975966,-0.18,0.18,0,-1,-6.27,0.82,0.18,0.91,5,2.54,0,0,0,0.09,-18.34911194,-2.546814899,-4.005635262,-6.288835526,-21.9933548,-0.703408086,-5.293634892,-6.63720417,-11.41021514,-9.676202536,-5.953704834,18.34911194,15.96852942,-3.284620914,-1.131990395,-20.01395287,-3.517040429,-13.44583262,0,0,0,-0.535833435
Mg,2,0.1,Li63MgP9S50Cl8F2,-7.635954631,-1.212056291,-0.2,0.2,0,-1,-6.3,0.8,0.2,0.9,5,2.6,0,0,0,0.1,-18.45126777,-2.546814899,-4.005635262,-6.288835526,-21.9933548,-0.703408086,-5.293634892,-6.63720417,-11.41021514,-9.676202536,-5.953704834,18.45126777,16.04493386,-3.204508209,-1.257767105,-19.79401932,-3.517040429,-13.76345072,0,0,0,-0.595370483
Mn,2,0.01,Li603MnP99S500Cl98F2,-7.464419224,-1.237880468,-0.02,0.02,0,-1,-6.03,0.98,0.02,0.99,5,2.06,0,0,0,0.01,-17.46435706,-2.546814899,-4.005635262,-6.288835526,-21.9933548,-0.703408086,-5.293634892,-4.706591964,-8.81658268,-7.3881495,-3.942130089,17.46435706,15.35729384,-3.925522556,-0.125776711,-21.77342125,-3.517040429,-10.90488788,0,0,0,-0.039421301
Mn,3,0.01,Li602MnP99S500Cl97F3,-7.458121148,-1.237862431,-0.03,0.03,0,-1,-6.025,0.97,0.03,0.99,5,2.05,0,0,0,0.01,-17.46253723,-2.546814899,-4.005635262,-6.288835526,-21.9933548,-0.703408086,-5.293634892,-5.369987488,-10.97118759,-10.41629231,-4.867366552,17.46253723,15.34455977,-3.885466204,-0.188665066,-21.77342125,-3.517040429,-10.85195153,0,0,0,-0.048673666
Mn,4,0.01,Li601MnP99S500Cl96F4,-7.471606415,-1.23702093,-0.04,0.04,0.01,-1,-6.04,0.96,0.04,0.99,5,2.04,0,0,0.01,0,-17.46147506,-2.546814899,-4.005635262,-6.288835526,-21.9933548,-0.703408086,-5.293634892,-7.360129356,-11.62725091,-12.94033349,-5.295368314,17.46147506,15.38276199,-3.845409851,-0.251553421,-21.77342125,-3.517040429,-10.79901518,0,0,-0.129403335,0
Mn,5,0.01,Li600MnP99S500Cl95F5,-7.465625075,-1.236030642,-0.05,0.05,0.01,-1,-6.04,0.95,0.05,0.99,5,2.03,0,0,0.01,0,-17.46111763,-2.546814899,-4.005635262,-6.288835526,-21.9933548,-0.703408086,-5.293634892,-6.677958727,-13.37914181,-15.31689072,-5.608098984,17.46111763,15.38276199,-3.805353498,-0.314441776,-21.77342125,-3.517040429,-10.74607883,0,0,-0.153168907,0
Mn,6,0.01,Li599MnP99S500Cl94F6,-7.458982529,-1.234930882,-0.06,0.06,0.01,-1,-6.04,0.94,0.06,0.99,5,2.02,0,0,0.01,0,-17.46139512,-2.546814899,-4.005635262,-6.288835526,-21.9933548,-0.703408086,-5.293634892,-7.600269079,-14.02154589,-17.69082034,-6.146458149,17.46139512,15.38276199,-3.765297146,-0.377330132,-21.77342125,-3.517040429,-10.69314248,0,0,-0.176908203,0
Mn,7,0.01,Li598MnP99S500Cl93F7,-7.453428248,-1.234011299,-0.07,0.07,0.01,-1,-6.04,0.93,0.07,0.99,5,2.01,0,0,0.01,0,-17.46222248,-2.546814899,-4.005635262,-6.288835526,-21.9933548,-0.703408086,-5.293634892,-8.418390274,-15.68782997,-20.22856236,-5.943582594,17.46222248,15.38276199,-3.725240793,-0.440218487,-21.77342125,-3.517040429,-10.64020613,0,0,-0.202285624,0
Mn,2,0.02,Li303MnP49S250Cl48F2,-7.495543851,-1.236888424,-0.04,0.04,0,-1,-6.06,0.96,0.04,0.98,5,2.12,0,0,0,0.02,-17.53959784,-2.546814899,-4.005635262,-6.288835526,-21.9933548,-0.703408086,-5.293634892,-4.706591964,-8.81658268,-7.3881495,-3.942130089,17.53959784,15.43369829,-3.845409851,-0.251553421,-21.5534877,-3.517040429,-11.22250597,0,0,0,-0.078842602
Mn,3,0.02,Li302MnP49S250Cl47F3,-7.479542774,-1.236288062,-0.06,0.06,0,-1,-6.05,0.94,0.06,0.98,5,2.1,0,0,0,0.02,-17.5393631,-2.546814899,-4.005635262,-6.288835526,-21.9933548,-0.703408086,-5.293634892,-5.369987488,-10.97118759,-10.41629231,-4.867366552,17.5393631,15.40823014,-3.765297146,-0.377330132,-21.5534877,-3.517040429,-11.11663327,0,0,0,-0.097347331
Mn,4,0.02,Li301MnP49S250Cl46F4,-7.502189421,-1.233912734,-0.08,0.08,0.02,-1,-6.08,0.92,0.08,0.98,5,2.08,0,0,0.02,0,-17.54156265,-2.546814899,-4.005635262,-6.288835526,-21.9933548,-0.703408086,-5.293634892,-7.360129356,-11.62725091,-12.94033349,-5.295368314,17.54156265,15.48463459,-3.685184441,-0.503106842,-21.5534877,-3.517040429,-11.01076057,0,0,-0.25880667,0
Mn,5,0.02,Li300MnP49S250Cl45F5,-7.485525011,-1.231171877,-0.1,0.1,0.02,-1,-6.08,0.9,0.1,0.98,5,2.06,0,0,0.02,0,-17.54554951,-2.546814899,-4.005635262,-6.288835526,-21.9933548,-0.703408086,-5.293634892,-6.677958727,-13.37914181,-15.31689072,-5.608098984,17.54554951,15.48463459,-3.605071735,-0.628883553,-21.5534877,-3.517040429,-10.90488788,0,0,-0.306337814,0
Mn,6,0.02,Li299MnP49S250Cl44F6,-7.467728798,-1.228244868,-0.12,0.12,0.02,-1,-6.08,0.88,0.12,0.98,5,2.04,0,0,0.02,0,-17.55061563,-2.546814899,-4.005635262,-6.288835526,-21.9933548,-0.703408086,-5.293634892,-7.600269079,-14.02154589,-17.69082034,-6.146458149,17.55061563,15.48463459,-3.52495903,-0.754660263,-21.5534877,-3.517040429,-10.79901518,0,0,-0.353816407,0
Mn,7,0.02,Li298MnP49S250Cl43F7,-7.452813243,-1.225791652,-0.14,0.14,0.02,-1,-6.08,0.86,0.14,0.98,5,2.02,0,0,0.02,0,-17.55607733,-2.546814899,-4.005635262,-6.288835526,-21.9933548,-0.703408086,-5.293634892,-8.418390274,-15.68782997,-20.22856236,-5.943582594,17.55607733,15.48463459,-3.444846325,-0.880436974,-21.5534877,-3.517040429,-10.69314248,0,0,-0.404571247,0
Mn,2,0.03,Li609Mn3P97S500Cl94F6,-7.524627196,-1.235570968,-0.06,0.06,0,-1,-6.09,0.94,0.06,0.97,5,2.18,0,0,0,0.03,-17.61687989,-2.546814899,-4.005635262,-6.288835526,-21.9933548,-0.703408086,-5.293634892,-4.706591964,-8.81658268,-7.3881495,-3.942130089,17.61687989,15.51010274,-3.765297146,-0.377330132,-21.33355415,-3.517040429,-11.54012406,0,0,0,-0.118263903
Mn,3,0.03,Li606Mn3P97S500Cl91F9,-7.496380159,-1.233972043,-0.09,0.09,0,-1,-6.075,0.91,0.09,0.97,5,2.15,0,0,0,0.03,-17.62077321,-2.546814899,-4.005635262,-6.288835526,-21.9933548,-0.703408086,-5.293634892,-5.369987488,-10.97118759,-10.41629231,-4.867366552,17.62077321,15.47190051,-3.645128088,-0.565995197,-21.33355415,-3.517040429,-11.38131502,0,0,0,-0.146020997
Mn,4,0.03,Li603Mn3P97S500Cl88F12,-7.525911626,-1.229724122,-0.12,0.12,0.03,-1,-6.12,0.88,0.12,0.97,5,2.12,0,0,0.03,0,-17.62851104,-2.546814899,-4.005635262,-6.288835526,-21.9933548,-0.703408086,-5.293634892,-7.360129356,-11.62725091,-12.94033349,-5.295368314,17.62851104,15.58650718,-3.52495903,-0.754660263,-21.33355415,-3.517040429,-11.22250597,0,0,-0.388210005,0
Mn,5,0.03,Li600Mn3P97S500Cl85F15,-7.497656198,-1.225107222,-0.15,0.15,0.03,-1,-6.12,0.85,0.15,0.97,5,2.09,0,0,0.03,0,-17.63775015,-2.546814899,-4.005635262,-6.288835526,-21.9933548,-0.703408086,-5.293634892,-6.677958727,-13.37914181,-15.31689072,-5.608098984,17.63775015,15.58650718,-3.404789972,-0.943325329,-21.33355415,-3.517040429,-11.06369692,0,0,-0.459506721,0
Mn,6,0.03,Li597Mn3P97S500Cl82F18,-7.469831762,-1.220560745,-0.18,0.18,0.03,-1,-6.12,0.82,0.18,0.97,5,2.06,0,0,0.03,0,-17.64647943,-2.546814899,-4.005635262,-6.288835526,-21.9933548,-0.703408086,-5.293634892,-7.600269079,-14.02154589,-17.69082034,-6.146458149,17.64647943,15.58650718,-3.284620914,-1.131990395,-21.33355415,-3.517040429,-10.90488788,0,0,-0.53072461,0
Mn,7,0.03,Li594Mn3P97S500Cl79F21,-7.44888422,-1.217137944,-0.21,0.21,0.03,-1,-6.12,0.79,0.21,0.97,5,2.03,0,0,0.03,0,-17.6532462,-2.546814899,-4.005635262,-6.288835526,-21.9933548,-0.703408086,-5.293634892,-8.418390274,-15.68782997,-20.22856236,-5.943582594,17.6532462,15.58650718,-3.164451857,-1.32065546,-21.33355415,-3.517040429,-10.74607883,0,0,-0.606856871,0
Mn,2,0.04,Li153MnP24S125Cl23F2,-7.552033262,-1.233992363,-0.08,0.08,0,-1,-6.12,0.92,0.08,0.96,5,2.24,0,0,0,0.04,-17.69583923,-2.546814899,-4.005635262,-6.288835526,-21.9933548,-0.703408086,-5.293634892,-4.706591964,-8.81658268,-7.3881495,-3.942130089,17.69583923,15.58650718,-3.685184441,-0.503106842,-21.11362061,-3.517040429,-11.85774216,0,0,0,-0.157685204
Mn,3,0.04,Li152MnP24S125Cl22F3,-7.509877505,-1.23112746,-0.12,0.12,0,-1,-6.1,0.88,0.12,0.96,5,2.2,0,0,0,0.04,-17.70552336,-2.546814899,-4.005635262,-6.288835526,-21.9933548,-0.703408086,-5.293634892,-5.369987488,-10.97118759,-10.41629231,-4.867366552,17.70552336,15.53557088,-3.52495903,-0.754660263,-21.11362061,-3.517040429,-11.64599676,0,0,0,-0.194694662
Mn,4,0.04,Li151MnP24S125Cl21F4,-7.546049877,-1.225008097,-0.16,0.16,0.04,-1,-6.16,0.84,0.16,0.96,5,2.16,0,0,0.04,0,-17.71904339,-2.546814899,-4.005635262,-6.288835526,-21.9933548,-0.703408086,-5.293634892,-7.360129356,-11.62725091,-12.94033349,-5.295368314,17.71904339,15.68837978,-3.36473362,-1.006213684,-21.11362061,-3.517040429,-11.43425137,0,0,-0.517613339,0
Mn,5,0.04,Li150MnP24S125Cl20F5,-7.508070293,-1.21884258,-0.2,0.2,0.04,-1,-6.16,0.8,0.2,0.96,5,2.12,0,0,0.04,0,-17.73166788,-2.546814899,-4.005635262,-6.288835526,-21.9933548,-0.703408086,-5.293634892,-6.677958727,-13.37914181,-15.31689072,-5.608098984,17.73166788,15.68837978,-3.204508209,-1.257767105,-21.11362061,-3.517040429,-11.22250597,0,0,-0.612675629,0
Mn,6,0.04,Li149MnP24S125Cl19F6,-7.473929535,-1.213300249,-0.24,0.24,0.04,-1,-6.16,0.76,0.24,0.96,5,2.08,0,0,0.04,0,-17.74034843,-2.546814899,-4.005635262,-6.288835526,-21.9933548,-0.703408086,-5.293634892,-7.600269079,-14.02154589,-17.69082034,-6.146458149,17.74034843,15.68837978,-3.044282799,-1.509320526,-21.11362061,-3.517040429,-11.01076057,0,0,-0.707632813,0
Mn,7,0.04,Li148MnP24S125Cl18F7,-7.452562776,-1.20983162,-0.28,0.28,0.04,-1,-6.16,0.72,0.28,0.96,5,2.04,0,0,0.04,0,-17.74280749,-2.546814899,-4.005635262,-6.288835526,-21.9933548,-0.703408086,-5.293634892,-8.418390274,-15.68782997,-20.22856236,-5.943582594,17.74280749,15.68837978,-2.884057388,-1.760873947,-21.11362061,-3.517040429,-10.79901518,0,0,-0.809142494,0
Mn,2,0.05,Li123MnP19S100Cl18F2,-7.577944521,-1.232186101,-0.1,0.1,0,-1,-6.15,0.9,0.1,0.95,5,2.3,0,0,0,0.05,-17.77629338,-2.546814899,-4.005635262,-6.288835526,-21.9933548,-0.703408086,-5.293634892,-4.706591964,-8.81658268,-7.3881495,-3.942130089,17.77629338,15.66291163,-3.605071735,-0.628883553,-20.89368706,-3.517040429,-12.17536025,0,0,0,-0.197106504
Mn,3,0.05,Li122MnP19S100Cl17F3,-7.521025953,-1.227922605,-0.15,0.15,0,-1,-6.125,0.85,0.15,0.95,5,2.25,-6.94E-18,6.94E-18,0,0.05,-17.79262241,-2.546814899,-4.005635262,-6.288835526,-21.9933548,-0.703408086,-5.293634892,-5.369987488,-10.97118759,-10.41629231,-4.867366552,17.79262241,15.59924126,-3.404789972,-0.943325329,-20.89368706,-3.517040429,-11.91067851,3.73E-17,-7.61E-17,0,-0.243368328
Mn,4,0.05,Li121MnP19S100Cl16F4,-7.564665245,-1.220107298,-0.2,0.2,0.05,-1,-6.2,0.8,0.2,0.95,5,2.2,0,0,0.05,0,-17.81109862,-2.546814899,-4.005635262,-6.288835526,-21.9933548,-0.703408086,-5.293634892,-7.360129356,-11.62725091,-12.94033349,-5.295368314,17.81109862,15.79025237,-3.204508209,-1.257767105,-20.89368706,-3.517040429,-11.64599676,0,0,-0.647016674,0
Mn,5,0.05,Li120MnP19S100Cl15F5,-7.51908878,-1.212756255,-0.25,0.25,0.05,-1,-6.2,0.75,0.25,0.95,5,2.15,0,0,0.05,0,-17.82498121,-2.546814899,-4.005635262,-6.288835526,-21.9933548,-0.703408086,-5.293634892,-6.677958727,-13.37914181,-15.31689072,-5.608098984,17.82498121,15.79025237,-3.004226446,-1.572208881,-20.89368706,-3.517040429,-11.38131502,0,0,-0.765844536,0
Mn,6,0.05,Li119MnP19S100Cl14F6,-7.482469379,-1.2068499,-0.3,0.3,0.05,-1,-6.2,0.7,0.3,0.95,5,2.1,-6.94E-18,6.94E-18,0.05,0,-17.82977536,-2.546814899,-4.005635262,-6.288835526,-21.9933548,-0.703408086,-5.293634892,-7.600269079,-14.02154589,-17.69082034,-6.146458149,17.82977536,15.79025237,-2.803944683,-1.886650658,-20.89368706,-3.517040429,-11.11663327,5.27E-17,-9.73E-17,-0.884541017,0
Mn,7,0.05,Li118MnP19S100Cl13F7,-7.467739832,-1.204474166,-0.35,0.35,0.05,-1,-6.2,0.65,0.35,0.95,5,2.05,-6.94E-18,6.94E-18,0.05,0,-17.82087028,-2.546814899,-4.005635262,-6.288835526,-21.9933548,-0.703408086,-5.293634892,-8.418390274,-15.68782997,-20.22856236,-5.943582594,17.82087028,15.79025237,-2.60366292,-2.201092434,-20.89368706,-3.517040429,-10.85195153,5.84E-17,-1.09E-16,-1.011428118,0
Mn,2,0.06,Li309Mn3P47S250Cl44F6,-7.602419511,-1.230164969,-0.12,0.12,0,-1,-6.18,0.88,0.12,0.94,5,2.36,0,0,0,0.06,-17.85818379,-2.546814899,-4.005635262,-6.288835526,-21.9933548,-0.703408086,-5.293634892,-4.706591964,-8.81658268,-7.3881495,-3.942130089,17.85818379,15.73931608,-3.52495903,-0.754660263,-20.67375351,-3.517040429,-12.49297834,0,0,0,-0.236527805
Mn,3,0.06,Li306Mn3P47S250Cl41F9,-7.530314479,-1.224441379,-0.18,0.18,0,-1,-6.15,0.82,0.18,0.94,5,2.3,0,0,0,0.06,-17.88158138,-2.546814899,-4.005635262,-6.288835526,-21.9933548,-0.703408086,-5.293634892,-5.369987488,-10.97118759,-10.41629231,-4.867366552,17.88158138,15.66291163,-3.284620914,-1.131990395,-20.67375351,-3.517040429,-12.17536025,0,0,0,-0.292041993
Mn,4,0.06,Li303Mn3P47S250Cl38F12,-7.582255814,-1.215105098,-0.24,0.24,0.06,-1,-6.24,0.76,0.24,0.94,5,2.24,0,0,0.06,0,-17.90417865,-2.546814899,-4.005635262,-6.288835526,-21.9933548,-0.703408086,-5.293634892,-7.360129356,-11.62725091,-12.94033349,-5.295368314,17.90417865,15.89212497,-3.044282799,-1.509320526,-20.67375351,-3.517040429,-11.85774216,0,0,-0.776420009,0
Mn,5,0.06,Li300Mn3P47S250Cl35F15,-7.531687982,-1.207001279,-0.3,0.3,0.06,-1,-6.24,0.7,0.3,0.94,5,2.18,0,0,0.06,0,-17.91671383,-2.546814899,-4.005635262,-6.288835526,-21.9933548,-0.703408086,-5.293634892,-6.677958727,-13.37914181,-15.31689072,-5.608098984,17.91671383,15.89212497,-2.803944683,-1.886650658,-20.67375351,-3.517040429,-11.54012406,0,0,-0.919013443,0
Mn,6,0.06,Li297Mn3P47S250Cl32F18,-7.499482918,-1.201840211,-0.36,0.36,0.06,-1,-6.24,0.64,0.36,0.94,5,2.12,0,0,0.06,0,-17.9107286,-2.546814899,-4.005635262,-6.288835526,-21.9933548,-0.703408086,-5.293634892,-7.600269079,-14.02154589,-17.69082034,-6.146458149,17.9107286,15.89212497,-2.563606567,-2.263980789,-20.67375351,-3.517040429,-11.22250597,0,0,-1.06144922,0
Mn,7,0.06,Li294Mn3P47S250Cl29F21,-7.498068545,-1.201613549,-0.42,0.42,0.06,-1,-6.24,0.58,0.42,0.94,5,2.06,0,0,0.06,0,-17.88378141,-2.546814899,-4.005635262,-6.288835526,-21.9933548,-0.703408086,-5.293634892,-8.418390274,-15.68782997,-20.22856236,-5.943582594,17.88378141,15.89212497,-2.323268452,-2.641310921,-20.67375351,-3.517040429,-10.90488788,0,0,-1.213713741,0
Mn,2,0.07,Li621Mn7P93S500Cl86F14,-7.625421324,-1.227926139,-0.14,0.14,0,-1,-6.21,0.86,0.14,0.93,5,2.42,0,0,0,0.07,-17.94154739,-2.546814899,-4.005635262,-6.288835526,-21.9933548,-0.703408086,-5.293634892,-4.706591964,-8.81658268,-7.3881495,-3.942130089,17.94154739,15.81572052,-3.444846325,-0.880436974,-20.45381996,-3.517040429,-12.81059644,0,0,0,-0.275949106
Mn,3,0.07,Li614Mn7P93S500Cl79F21,-7.538072194,-1.220740436,-0.21,0.21,0,-1,-6.175,0.79,0.21,0.93,5,2.35,-1.39E-17,1.39E-17,0,0.07,-17.97207117,-2.546814899,-4.005635262,-6.288835526,-21.9933548,-0.703408086,-5.293634892,-5.369987488,-10.97118759,-10.41629231,-4.867366552,17.97207117,15.726582,-3.164451857,-1.32065546,-20.45381996,-3.517040429,-12.440042,7.45E-17,-1.52E-16,0,-0.340715659
Mn,4,0.07,Li607Mn7P93S500Cl72F28,-7.599763693,-1.210153454,-0.28,0.28,0.07,-1,-6.28,0.72,0.28,0.93,5,2.28,0,0,0.07,0,-17.99734136,-2.546814899,-4.005635262,-6.288835526,-21.9933548,-0.703408086,-5.293634892,-7.360129356,-11.62725091,-12.94033349,-5.295368314,17.99734136,15.99399757,-2.884057388,-1.760873947,-20.45381996,-3.517040429,-12.06948755,0,0,-0.905823344,0
Mn,5,0.07,Li600Mn7P93S500Cl65F35,-7.54946945,-1.202144817,-0.35,0.35,0.07,-1,-6.28,0.65,0.35,0.93,5,2.21,-1.39E-17,1.39E-17,0.07,0,-18.00326419,-2.546814899,-4.005635262,-6.288835526,-21.9933548,-0.703408086,-5.293634892,-6.677958727,-13.37914181,-15.31689072,-5.608098984,18.00326419,15.99399757,-2.60366292,-2.201092434,-20.45381996,-3.517040429,-11.69893311,9.27E-17,-1.86E-16,-1.07218235,0
Mn,6,0.07,Li593Mn7P93S500Cl58F42,-7.528044416,-1.198733187,-0.42,0.42,0.07,-1,-6.28,0.58,0.42,0.93,5,2.14,-1.39E-17,1.39E-17,0.07,0,-17.98013387,-2.546814899,-4.005635262,-6.288835526,-21.9933548,-0.703408086,-5.293634892,-7.600269079,-14.02154589,-17.69082034,-6.146458149,17.98013387,15.99399757,-2.323268452,-2.641310921,-20.45381996,-3.517040429,-11.32837867,1.05E-16,-1.95E-16,-1.238357424,0
Mn,7,0.07,Li586Mn7P93S500Cl51F49,-7.531838017,-1.199337264,-0.49,0.49,0.07,-1,-6.28,0.51,0.49,0.93,5,2.07,-1.39E-17,1.39E-17,0.07,0,-17.94325179,-2.546814899,-4.005635262,-6.288835526,-21.9933548,-0.703408086,-5.293634892,-8.418390274,-15.68782997,-20.22856236,-5.943582594,17.94325179,15.99399757,-2.042873983,-3.081529408,-20.45381996,-3.517040429,-10.95782423,1.17E-16,-2.18E-16,-1.415999365,0
Mn,2,0.08,Li156Mn2P23S125Cl21F4,-7.647001183,-1.225480959,-0.16,0.16,0,-1,-6.24,0.84,0.16,0.92,5,2.48,0,0,0,0.08,-18.02633293,-2.546814899,-4.005635262,-6.288835526,-21.9933548,-0.703408086,-5.293634892,-4.706591964,-8.81658268,-7.3881495,-3.942130089,18.02633293,15.89212497,-3.36473362,-1.006213684,-20.23388641,-3.517040429,-13.12821453,0,0,0,-0.315370407
Mn,3,0.08,Li154Mn2P23S125Cl19F6,-7.545044419,-1.216942648,-0.24,0.24,0,-1,-6.2,0.76,0.24,0.92,5,2.4,0,0,0,0.08,-18.06334644,-2.546814899,-4.005635262,-6.288835526,-21.9933548,-0.703408086,-5.293634892,-5.369987488,-10.97118759,-10.41629231,-4.867366552,18.06334644,15.79025237,-3.044282799,-1.509320526,-20.23388641,-3.517040429,-12.70472374,0,0,0,-0.389389324
Mn,4,0.08,Li152Mn2P23S125Cl17F8,-7.619267463,-1.205580295,-0.32,0.32,0.08,-1,-6.32,0.68,0.32,0.92,5,2.32,0,0,0.08,0,-18.08850819,-2.546814899,-4.005635262,-6.288835526,-21.9933548,-0.703408086,-5.293634892,-7.360129356,-11.62725091,-12.94033349,-5.295368314,18.08850819,16.09587016,-2.723831978,-2.012427368,-20.23388641,-3.517040429,-12.28123295,0,0,-1.035226679,0
Mn,5,0.08,Li150Mn2P23S125Cl15F10,-7.575386952,-1.198637176,-0.4,0.4,0.08,-1,-6.32,0.6,0.4,0.92,5,2.24,0,0,0.08,0,-18.08167851,-2.546814899,-4.005635262,-6.288835526,-21.9933548,-0.703408086,-5.293634892,-6.677958727,-13.37914181,-15.31689072,-5.608098984,18.08167851,16.09587016,-2.403381157,-2.51553421,-20.23388641,-3.517040429,-11.85774216,0,0,-1.225351257,0
Mn,6,0.08,Li148Mn2P23S125Cl13F12,-7.559873575,-1.196182528,-0.48,0.48,0.08,-1,-6.32,0.52,0.48,0.92,5,2.16,0,0,0.08,0,-18.04627149,-2.546814899,-4.005635262,-6.288835526,-21.9933548,-0.703408086,-5.293634892,-7.600269079,-14.02154589,-17.69082034,-6.146458149,18.04627149,16.09587016,-2.082930336,-3.018641052,-20.23388641,-3.517040429,-11.43425137,0,0,-1.415265627,0
Mn,7,0.08,Li146Mn2P23S125Cl11F14,-7.546277374,-1.19403123,-0.56,0.56,0.08,-1,-6.32,0.44,0.56,0.92,5,2.08,0,0,0.08,0,-18.02205228,-2.546814899,-4.005635262,-6.288835526,-21.9933548,-0.703408086,-5.293634892,-8.418390274,-15.68782997,-20.22856236,-5.943582594,18.02205228,16.09587016,-1.762479515,-3.521747894,-20.23388641,-3.517040429,-11.01076057,0,0,-1.618284988,0
Mn,2,0.09,Li627Mn9P91S500Cl82F18,-7.667441811,-1.222877482,-0.18,0.18,0,-1,-6.27,0.82,0.18,0.91,5,2.54,0,0,0,0.09,-18.11225771,-2.546814899,-4.005635262,-6.288835526,-21.9933548,-0.703408086,-5.293634892,-4.706591964,-8.81658268,-7.3881495,-3.942130089,18.11225771,15.96852942,-3.284620914,-1.131990395,-20.01395287,-3.517040429,-13.44583262,0,0,0,-0.354791708
Mn,3,0.09,Li618Mn9P91S500Cl73F27,-7.552210438,-1.213206496,-0.27,0.27,0,-1,-6.225,0.73,0.27,0.91,5,2.45,1.39E-17,-1.39E-17,0,0.09,-18.15442792,-2.546814899,-4.005635262,-6.288835526,-21.9933548,-0.703408086,-5.293634892,-5.369987488,-10.97118759,-10.41629231,-4.867366552,18.15442792,15.85392275,-2.924113741,-1.697985592,-20.01395287,-3.517040429,-12.96940548,-7.45E-17,1.52E-16,0,-0.43806299
Mn,4,0.09,Li609Mn9P91S500Cl64F36,-7.642586782,-1.201664588,-0.36,0.36,0.09,-1,-6.36,0.64,0.36,0.91,5,2.36,0,0,0.09,0,-18.17585947,-2.546814899,-4.005635262,-6.288835526,-21.9933548,-0.703408086,-5.293634892,-7.360129356,-11.62725091,-12.94033349,-5.295368314,18.17585947,16.19774276,-2.563606567,-2.263980789,-20.01395287,-3.517040429,-12.49297834,0,0,-1.164630014,0
Mn,5,0.09,Li600Mn9P91S500Cl55F45,-7.607131405,-1.196089844,-0.45,0.45,0.09,-1,-6.36,0.55,0.45,0.91,5,2.27,0,0,0.09,0,-18.15426588,-2.546814899,-4.005635262,-6.288835526,-21.9933548,-0.703408086,-5.293634892,-6.677958727,-13.37914181,-15.31689072,-5.608098984,18.15426588,16.19774276,-2.203099394,-2.829975986,-20.01395287,-3.517040429,-12.0165512,0,0,-1.378520164,0
Mn,6,0.09,Li591Mn9P91S500Cl46F54,-7.578960668,-1.191660482,-0.54,0.54,0.09,-1,-6.36,0.46,0.54,0.91,5,2.18,1.39E-17,-1.39E-17,0.09,0,-18.12515117,-2.546814899,-4.005635262,-6.288835526,-21.9933548,-0.703408086,-5.293634892,-7.600269079,-14.02154589,-17.69082034,-6.146458149,18.12515117,16.19774276,-1.84259222,-3.395971184,-20.01395287,-3.517040429,-11.54012406,-1.05E-16,1.95E-16,-1.59217383,0
Mn,7,0.09,Li582Mn9P91S500Cl37F63,-7.556028805,-1.188054844,-0.63,0.63,0.09,-1,-6.36,0.37,0.63,0.91,5,2.09,0,0,0.09,0,-18.1055407,-2.546814899,-4.005635262,-6.288835526,-21.9933548,-0.703408086,-5.293634892,-8.418390274,-15.68782997,-20.22856236,-5.943582594,18.1055407,16.19774276,-1.482085047,-3.961966381,-20.01395287,-3.517040429,-11.06369692,0,0,-1.820570612,0
Mn,2,0.1,Li63MnP9S50Cl8F2,-7.687241019,-1.220196987,-0.2,0.2,0,-1,-6.3,0.8,0.2,0.9,5,2.6,0,0,0,0.1,-18.1988239,-2.546814899,-4.005635262,-6.288835526,-21.9933548,-0.703408086,-5.293634892,-4.706591964,-8.81658268,-7.3881495,-3.942130089,18.1988239,16.04493386,-3.204508209,-1.257767105,-19.79401932,-3.517040429,-13.76345072,0,0,0,-0.394213009
Mn,3,0.1,Li62MnP9S50Cl7F3,-7.560311592,-1.209649855,-0.3,0.3,0,-1,-6.25,0.7,0.3,0.9,5,2.5,-1.39E-17,1.39E-17,0,0.1,-18.24457426,-2.546814899,-4.005635262,-6.288835526,-21.9933548,-0.703408086,-5.293634892,-5.369987488,-10.97118759,-10.41629231,-4.867366552,18.24457426,15.91759312,-2.803944683,-1.886650658,-19.79401932,-3.517040429,-13.23408723,7.45E-17,-1.52E-16,0,-0.486736655
Mn,4,0.1,Li61MnP9S50Cl6F4,-7.670905021,-1.19857891,-0.4,0.4,0.1,-1,-6.4,0.6,0.4,0.9,5,2.4,0,0,0.1,0,-18.25821183,-2.546814899,-4.005635262,-6.288835526,-21.9933548,-0.703408086,-5.293634892,-7.360129356,-11.62725091,-12.94033349,-5.295368314,18.25821183,16.29961535,-2.403381157,-2.51553421,-19.79401932,-3.517040429,-12.70472374,0,0,-1.294033349,0
Mn,5,0.1,Li60MnP9S50Cl5F5,-7.635813609,-1.193095876,-0.5,0.5,0.1,-1,-6.4,0.5,0.5,0.9,5,2.3,0,0,0.1,0,-18.2299155,-2.546814899,-4.005635262,-6.288835526,-21.9933548,-0.703408086,-5.293634892,-6.677958727,-13.37914181,-15.31689072,-5.608098984,18.2299155,16.29961535,-2.002817631,-3.144417763,-19.79401932,-3.517040429,-12.17536025,0,0,-1.531689072,0
Mn,6,0.1,Li59MnP9S50Cl4F6,-7.587746862,-1.185585447,-0.6,0.6,0.1,-1,-6.4,0.4,0.6,0.9,5,2.2,-1.39E-17,1.39E-17,0.1,0,-18.21433175,-2.546814899,-4.005635262,-6.288835526,-21.9933548,-0.703408086,-5.293634892,-7.600269079,-14.02154589,-17.69082034,-6.146458149,18.21433175,16.29961535,-1.602254105,-3.773301315,-19.79401932,-3.517040429,-11.64599676,1.05E-16,-1.95E-16,-1.769082034,0
Mn,7,0.1,Li58MnP9S50Cl3F7,-7.590377584,-1.185996498,-0.7,0.7,0.1,-1,-6.4,0.3,0.7,0.9,5,2.1,-1.39E-17,1.39E-17,0.1,0,-18.16443176,-2.546814899,-4.005635262,-6.288835526,-21.9933548,-0.703408086,-5.293634892,-8.418390274,-15.68782997,-20.22856236,-5.943582594,18.16443176,16.29961535,-1.201690578,-4.402184868,-19.79401932,-3.517040429,-11.11663327,1.17E-16,-2.18E-16,-2.022856236,0
Mo,2,0.01,Li603MoP99S500Cl98F2,-7.290575045,-1.209050588,-0.02,0.02,0,-1,-6.03,0.98,0.02,0.99,5,2.06,0,0,0,0.01,-17.63740211,-2.546814899,-4.005635262,-6.288835526,-21.9933548,-0.703408086,-5.293634892,-3.221789002,-7.752337217,-7.049532533,-3.862217903,17.63740211,15.35729384,-3.925522556,-0.125776711,-21.77342125,-3.517040429,-10.90488788,0,0,0,-0.038622179
Mo,3,0.01,Li602MoP99S500Cl97F3,-7.28221925,-1.208667095,-0.03,0.03,0,-1,-6.025,0.97,0.03,0.99,5,2.05,0,0,0,0.01,-17.63710402,-2.546814899,-4.005635262,-6.288835526,-21.9933548,-0.703408086,-5.293634892,-3.997653246,-9.99509716,-10.14797258,-4.73385632,17.63710402,15.34455977,-3.885466204,-0.188665066,-21.77342125,-3.517040429,-10.85195153,0,0,0,-0.047338563
Mo,4,0.01,Li601MoP99S500Cl96F4,-7.276220469,-1.208674496,-0.04,0.04,0,-1,-6.02,0.96,0.04,0.99,5,2.04,0,0,0,0.01,-17.63733152,-2.546814899,-4.005635262,-6.288835526,-21.9933548,-0.703408086,-5.293634892,-5.044975281,-12.72251248,-13.05647635,-5.89375484,17.63733152,15.33182569,-3.845409851,-0.251553421,-21.77342125,-3.517040429,-10.79901518,0,0,0,-0.058937548
Mo,5,0.01,Li600MoP99S500Cl95F5,-7.265009463,-1.207815372,-0.05,0.05,0,-1,-6.015,0.95,0.05,0.99,5,2.03,0,0,0,0.01,-17.6380291,-2.546814899,-4.005635262,-6.288835526,-21.9933548,-0.703408086,-5.293634892,-5.581379414,-15.56986856,-15.9411453,-6.57943964,17.6380291,15.31909162,-3.805353498,-0.314441776,-21.77342125,-3.517040429,-10.74607883,0,0,0,-0.065794396
Mo,6,0.01,Li599MoP99S500Cl94F6,-7.25567384,-1.207266862,-0.06,0.06,0,-1,-6.01,0.94,0.06,0.99,5,2.02,0,0,0,0.01,-17.63913524,-2.546814899,-4.005635262,-6.288835526,-21.9933548,-0.703408086,-5.293634892,-6.040774941,-15.748523,-18.69439006,-7.493518829,17.63913524,15.30635754,-3.765297146,-0.377330132,-21.77342125,-3.517040429,-10.69314248,0,0,0,-0.074935188
Mo,2,0.02,Li303MoP49S250Cl48F2,-7.318239998,-1.207630363,-0.04,0.04,0,-1,-6.06,0.96,0.04,0.98,5,2.12,0,0,0,0.02,-17.71530344,-2.546814899,-4.005635262,-6.288835526,-21.9933548,-0.703408086,-5.293634892,-3.221789002,-7.752337217,-7.049532533,-3.862217903,17.71530344,15.43369829,-3.845409851,-0.251553421,-21.5534877,-3.517040429,-11.22250597,0,0,0,-0.077244358
Mo,3,0.02,Li302MoP49S250Cl47F3,-7.299082538,-1.206459924,-0.06,0.06,0,-1,-6.05,0.94,0.06,0.98,5,2.1,0,0,0,0.02,-17.71715313,-2.546814899,-4.005635262,-6.288835526,-21.9933548,-0.703408086,-5.293634892,-3.997653246,-9.99509716,-10.14797258,-4.73385632,17.71715313,15.40823014,-3.765297146,-0.377330132,-21.5534877,-3.517040429,-11.11663327,0,0,0,-0.094677126
Mo,4,0.02,Li301MoP49S250Cl46F4,-7.284084273,-1.205974217,-0.08,0.08,0,-1,-6.04,0.92,0.08,0.98,5,2.08,0,0,0,0.02,-17.72060882,-2.546814899,-4.005635262,-6.288835526,-21.9933548,-0.703408086,-5.293634892,-5.044975281,-12.72251248,-13.05647635,-5.89375484,17.72060882,15.38276199,-3.685184441,-0.503106842,-21.5534877,-3.517040429,-11.01076057,0,0,0,-0.117875097
Mo,5,0.02,Li300MoP49S250Cl45F5,-7.258524244,-1.203735364,-0.1,0.1,0,-1,-6.03,0.9,0.1,0.98,5,2.06,0,0,0,0.02,-17.725142,-2.546814899,-4.005635262,-6.288835526,-21.9933548,-0.703408086,-5.293634892,-5.581379414,-15.56986856,-15.9411453,-6.57943964,17.725142,15.35729384,-3.605071735,-0.628883553,-21.5534877,-3.517040429,-10.90488788,0,0,0,-0.131588793
Mo,6,0.02,Li299MoP49S250Cl44F6,-7.237044914,-1.202166929,-0.12,0.12,0,-1,-6.02,0.88,0.12,0.98,5,2.04,0,0,0,0.02,-17.73016237,-2.546814899,-4.005635262,-6.288835526,-21.9933548,-0.703408086,-5.293634892,-6.040774941,-15.748523,-18.69439006,-7.493518829,17.73016237,15.33182569,-3.52495903,-0.754660263,-21.5534877,-3.517040429,-10.79901518,0,0,0,-0.149870377
Mo,2,0.03,Li609Mo3P97S500Cl94F6,-7.345526078,-1.206161918,-0.06,0.06,0,-1,-6.09,0.94,0.06,0.97,5,2.18,0,0,0,0.03,-17.79358365,-2.546814899,-4.005635262,-6.288835526,-21.9933548,-0.703408086,-5.293634892,-3.221789002,-7.752337217,-7.049532533,-3.862217903,17.79358365,15.51010274,-3.765297146,-0.377330132,-21.33355415,-3.517040429,-11.54012406,0,0,0,-0.115866537
Mo,3,0.03,Li606Mo3P97S500Cl91F9,-7.313955612,-1.203943311,-0.09,0.09,0,-1,-6.075,0.91,0.09,0.97,5,2.15,0,0,0,0.03,-17.79919245,-2.546814899,-4.005635262,-6.288835526,-21.9933548,-0.703408086,-5.293634892,-3.997653246,-9.99509716,-10.14797258,-4.73385632,17.79919245,15.47190051,-3.645128088,-0.565995197,-21.33355415,-3.517040429,-11.38131502,0,0,0,-0.14201569
Mo,4,0.03,Li603Mo3P97S500Cl88F12,-7.288608569,-1.202740688,-0.12,0.12,0,-1,-6.06,0.88,0.12,0.97,5,2.12,0,0,0,0.03,-17.80722563,-2.546814899,-4.005635262,-6.288835526,-21.9933548,-0.703408086,-5.293634892,-5.044975281,-12.72251248,-13.05647635,-5.89375484,17.80722563,15.43369829,-3.52495903,-0.754660263,-21.33355415,-3.517040429,-11.22250597,0,0,0,-0.176812645
Mo,5,0.03,Li600Mo3P97S500Cl85F15,-7.248358439,-1.199066739,-0.15,0.15,0,-1,-6.045,0.85,0.15,0.97,5,2.09,0,0,0,0.03,-17.81593549,-2.546814899,-4.005635262,-6.288835526,-21.9933548,-0.703408086,-5.293634892,-5.581379414,-15.56986856,-15.9411453,-6.57943964,17.81593549,15.39549606,-3.404789972,-0.943325329,-21.33355415,-3.517040429,-11.06369692,0,0,0,-0.197383189
Mo,6,0.03,Li597Mo3P97S500Cl82F18,-7.215843585,-1.196657311,-0.18,0.18,0,-1,-6.03,0.82,0.18,0.97,5,2.06,0,0,0,0.03,-17.82376191,-2.546814899,-4.005635262,-6.288835526,-21.9933548,-0.703408086,-5.293634892,-6.040774941,-15.748523,-18.69439006,-7.493518829,17.82376191,15.35729384,-3.284620914,-1.131990395,-21.33355415,-3.517040429,-10.90488788,0,0,0,-0.224805565
Mo,2,0.04,Li153MoP24S125Cl23F2,-7.372877607,-1.204718563,-0.08,0.08,0,-1,-6.12,0.92,0.08,0.96,5,2.24,0,0,0,0.04,-17.8717984,-2.546814899,-4.005635262,-6.288835526,-21.9933548,-0.703408086,-5.293634892,-3.221789002,-7.752337217,-7.049532533,-3.862217903,17.8717984,15.58650718,-3.685184441,-0.503106842,-21.11362061,-3.517040429,-11.85774216,0,0,0,-0.154488716
Mo,3,0.04,Li152MoP24S125Cl22F3,-7.327828002,-1.201283279,-0.12,0.12,0,-1,-6.1,0.88,0.12,0.96,5,2.2,0,0,0,0.04,-17.88223246,-2.546814899,-4.005635262,-6.288835526,-21.9933548,-0.703408086,-5.293634892,-3.997653246,-9.99509716,-10.14797258,-4.73385632,17.88223246,15.53557088,-3.52495903,-0.754660263,-21.11362061,-3.517040429,-11.64599676,0,0,0,-0.189354253
Mo,4,0.04,Li151MoP24S125Cl21F4,-7.292013497,-1.199344325,-0.16,0.16,0,-1,-6.08,0.84,0.16,0.96,5,2.16,0,0,0,0.04,-17.89496181,-2.546814899,-4.005635262,-6.288835526,-21.9933548,-0.703408086,-5.293634892,-5.044975281,-12.72251248,-13.05647635,-5.89375484,17.89496181,15.48463459,-3.36473362,-1.006213684,-21.11362061,-3.517040429,-11.43425137,0,0,0,-0.235750194
Mo,5,0.04,Li150MoP24S125Cl20F5,-7.357794953,-1.194447233,-0.2,0.2,0.04,-1,-6.16,0.8,0.2,0.96,5,2.12,0,0,0.04,0,-17.9069134,-2.546814899,-4.005635262,-6.288835526,-21.9933548,-0.703408086,-5.293634892,-5.581379414,-15.56986856,-15.9411453,-6.57943964,17.9069134,15.68837978,-3.204508209,-1.257767105,-21.11362061,-3.517040429,-11.22250597,0,0,-0.637645812,0
Mo,6,0.04,Li149MoP24S125Cl19F6,-7.196465386,-1.191467779,-0.24,0.24,0,-1,-6.04,0.76,0.24,0.96,5,2.08,0,0,0,0.04,-17.91553831,-2.546814899,-4.005635262,-6.288835526,-21.9933548,-0.703408086,-5.293634892,-6.040774941,-15.748523,-18.69439006,-7.493518829,17.91553831,15.38276199,-3.044282799,-1.509320526,-21.11362061,-3.517040429,-11.01076057,0,0,0,-0.299740753
Mo,2,0.05,Li123MoP19S100Cl18F2,-7.400496868,-1.203332824,-0.1,0.1,0,-1,-6.15,0.9,0.1,0.95,5,2.3,0,0,0,0.05,-17.94974542,-2.546814899,-4.005635262,-6.288835526,-21.9933548,-0.703408086,-5.293634892,-3.221789002,-7.752337217,-7.049532533,-3.862217903,17.94974542,15.66291163,-3.605071735,-0.628883553,-20.89368706,-3.517040429,-12.17536025,0,0,0,-0.193110895
Mo,3,0.05,Li122MoP19S100Cl17F3,-7.341253392,-1.198571982,-0.15,0.15,0,-1,-6.125,0.85,0.15,0.95,5,2.25,-6.94E-18,6.94E-18,0,0.05,-17.96571946,-2.546814899,-4.005635262,-6.288835526,-21.9933548,-0.703408086,-5.293634892,-3.997653246,-9.99509716,-10.14797258,-4.73385632,17.96571946,15.59924126,-3.404789972,-0.943325329,-20.89368706,-3.517040429,-11.91067851,2.77E-17,-6.94E-17,0,-0.236692816
Mo,4,0.05,Li121MoP19S100Cl16F4,-7.294943902,-1.195892443,-0.2,0.2,0,-1,-6.1,0.8,0.2,0.95,5,2.2,0,0,0,0.05,-17.98317252,-2.546814899,-4.005635262,-6.288835526,-21.9933548,-0.703408086,-5.293634892,-5.044975281,-12.72251248,-13.05647635,-5.89375484,17.98317252,15.53557088,-3.204508209,-1.257767105,-20.89368706,-3.517040429,-11.64599676,0,0,0,-0.294687742
Mo,5,0.05,Li120MoP19S100Cl15F5,-7.377174454,-1.189866847,-0.25,0.25,0.05,-1,-6.2,0.75,0.25,0.95,5,2.15,0,0,0.05,0,-17.99810827,-2.546814899,-4.005635262,-6.288835526,-21.9933548,-0.703408086,-5.293634892,-5.581379414,-15.56986856,-15.9411453,-6.57943964,17.99810827,15.79025237,-3.004226446,-1.572208881,-20.89368706,-3.517040429,-11.38131502,0,0,-0.797057265,0
Mo,6,0.05,Li119MoP19S100Cl14F6,-7.180232569,-1.186815301,-0.3,0.3,0,-1,-6.05,0.7,0.3,0.95,5,2.1,-6.94E-18,6.94E-18,0,0.05,-18.00416933,-2.546814899,-4.005635262,-6.288835526,-21.9933548,-0.703408086,-5.293634892,-6.040774941,-15.748523,-18.69439006,-7.493518829,18.00416933,15.40823014,-2.803944683,-1.886650658,-20.89368706,-3.517040429,-11.11663327,4.19E-17,-1.09E-16,0,-0.374675941
Mo,2,0.06,Li309Mo3P47S250Cl44F6,-7.428358585,-1.201999771,-0.12,0.12,0,-1,-6.18,0.88,0.12,0.94,5,2.36,0,0,0,0.06,-18.02744999,-2.546814899,-4.005635262,-6.288835526,-21.9933548,-0.703408086,-5.293634892,-3.221789002,-7.752337217,-7.049532533,-3.862217903,18.02744999,15.73931608,-3.52495903,-0.754660263,-20.67375351,-3.517040429,-12.49297834,0,0,0,-0.231733074
Mo,3,0.06,Li306Mo3P47S250Cl41F9,-7.354125727,-1.195792801,-0.18,0.18,0,-1,-6.15,0.82,0.18,0.94,5,2.3,0,0,0,0.06,-18.04975952,-2.546814899,-4.005635262,-6.288835526,-21.9933548,-0.703408086,-5.293634892,-3.997653246,-9.99509716,-10.14797258,-4.73385632,18.04975952,15.66291163,-3.284620914,-1.131990395,-20.67375351,-3.517040429,-12.17536025,0,0,0,-0.284031379
Mo,4,0.06,Li303Mo3P47S250Cl38F12,-7.296517766,-1.192241465,-0.24,0.24,0,-1,-6.12,0.76,0.24,0.94,5,2.24,0,0,0,0.06,-18.07273976,-2.546814899,-4.005635262,-6.288835526,-21.9933548,-0.703408086,-5.293634892,-5.044975281,-12.72251248,-13.05647635,-5.89375484,18.07273976,15.58650718,-3.044282799,-1.509320526,-20.67375351,-3.517040429,-11.85774216,0,0,0,-0.35362529
Mo,5,0.06,Li300Mo3P47S250Cl35F15,-7.396605096,-1.185353381,-0.3,0.3,0.06,-1,-6.24,0.7,0.3,0.94,5,2.18,0,0,0.06,0,-18.089252,-2.546814899,-4.005635262,-6.288835526,-21.9933548,-0.703408086,-5.293634892,-5.581379414,-15.56986856,-15.9411453,-6.57943964,18.089252,15.89212497,-2.803944683,-1.886650658,-20.67375351,-3.517040429,-11.54012406,0,0,-0.956468718,0
Mo,6,0.06,Li297Mo3P47S250Cl32F18,-7.385456309,-1.183566716,-0.36,0.36,0.06,-1,-6.24,0.64,0.36,0.94,5,2.12,0,0,0.06,0,-18.08496939,-2.546814899,-4.005635262,-6.288835526,-21.9933548,-0.703408086,-5.293634892,-6.040774941,-15.748523,-18.69439006,-7.493518829,18.08496939,15.89212497,-2.563606567,-2.263980789,-20.67375351,-3.517040429,-11.22250597,0,0,-1.121663404,0
Mo,2,0.07,Li621Mo7P93S500Cl86F14,-7.456186835,-1.200674209,-0.14,0.14,0,-1,-6.21,0.86,0.14,0.93,5,2.42,0,0,0,0.07,-18.10518802,-2.546814899,-4.005635262,-6.288835526,-21.9933548,-0.703408086,-5.293634892,-3.221789002,-7.752337217,-7.049532533,-3.862217903,18.10518802,15.81572052,-3.444846325,-0.880436974,-20.45381996,-3.517040429,-12.81059644,0,0,0,-0.270355253
Mo,3,0.07,Li614Mo7P93S500Cl79F21,-7.365935745,-1.192864088,-0.21,0.21,0,-1,-6.175,0.79,0.21,0.93,5,2.35,-1.39E-17,1.39E-17,0,0.07,-18.1348619,-2.546814899,-4.005635262,-6.288835526,-21.9933548,-0.703408086,-5.293634892,-3.997653246,-9.99509716,-10.14797258,-4.73385632,18.1348619,15.726582,-3.164451857,-1.32065546,-20.45381996,-3.517040429,-12.440042,5.55E-17,-1.39E-16,0,-0.331369942
Mo,4,0.07,Li607Mo7P93S500Cl72F28,-7.296668352,-1.188382468,-0.28,0.28,0,-1,-6.14,0.72,0.28,0.93,5,2.28,0,0,0,0.07,-18.16373029,-2.546814899,-4.005635262,-6.288835526,-21.9933548,-0.703408086,-5.293634892,-5.044975281,-12.72251248,-13.05647635,-5.89375484,18.16373029,15.63744348,-2.884057388,-1.760873947,-20.45381996,-3.517040429,-12.06948755,0,0,0,-0.412562839
Mo,5,0.07,Li600Mo7P93S500Cl65F35,-7.419648137,-1.181472633,-0.35,0.35,0.07,-1,-6.28,0.65,0.35,0.93,5,2.21,-1.39E-17,1.39E-17,0.07,0,-18.17678332,-2.546814899,-4.005635262,-6.288835526,-21.9933548,-0.703408086,-5.293634892,-5.581379414,-15.56986856,-15.9411453,-6.57943964,18.17678332,15.99399757,-2.60366292,-2.201092434,-20.45381996,-3.517040429,-11.69893311,7.75E-17,-2.16E-16,-1.115880171,0
Mo,6,0.07,Li593Mo7P93S500Cl58F42,-7.42623973,-1.18252225,-0.42,0.42,0.07,-1,-6.28,0.58,0.42,0.93,5,2.14,-1.39E-17,1.39E-17,0.07,0,-18.15218844,-2.546814899,-4.005635262,-6.288835526,-21.9933548,-0.703408086,-5.293634892,-6.040774941,-15.748523,-18.69439006,-7.493518829,18.15218844,15.99399757,-2.323268452,-2.641310921,-20.45381996,-3.517040429,-11.32837867,8.38E-17,-2.19E-16,-1.308607304,0
Mo,2,0.08,Li156Mo2P23S125Cl21F4,-7.483581636,-1.199291929,-0.16,0.16,0,-1,-6.24,0.84,0.16,0.92,5,2.48,0,0,0,0.08,-18.1833595,-2.546814899,-4.005635262,-6.288835526,-21.9933548,-0.703408086,-5.293634892,-3.221789002,-7.752337217,-7.049532533,-3.862217903,18.1833595,15.89212497,-3.36473362,-1.006213684,-20.23388641,-3.517040429,-13.12821453,0,0,0,-0.308977432
Mo,3,0.08,Li154Mo2P23S125Cl19F6,-7.376547605,-1.189765743,-0.24,0.24,0,-1,-6.2,0.76,0.24,0.92,5,2.4,0,0,0,0.08,-18.22116243,-2.546814899,-4.005635262,-6.288835526,-21.9933548,-0.703408086,-5.293634892,-3.997653246,-9.99509716,-10.14797258,-4.73385632,18.22116243,15.79025237,-3.044282799,-1.509320526,-20.23388641,-3.517040429,-12.70472374,0,0,0,-0.378708506
Mo,4,0.08,Li152Mo2P23S125Cl17F8,-7.297123438,-1.184597961,-0.32,0.32,0,-1,-6.16,0.68,0.32,0.92,5,2.32,0,0,0,0.08,-18.25441631,-2.546814899,-4.005635262,-6.288835526,-21.9933548,-0.703408086,-5.293634892,-5.044975281,-12.72251248,-13.05647635,-5.89375484,18.25441631,15.68837978,-2.723831978,-2.012427368,-20.23388641,-3.517040429,-12.28123295,0,0,0,-0.471500387
Mo,5,0.08,Li150Mo2P23S125Cl15F10,-7.45055911,-1.178885935,-0.4,0.4,0.08,-1,-6.32,0.6,0.4,0.92,5,2.24,0,0,0.08,0,-18.25644672,-2.546814899,-4.005635262,-6.288835526,-21.9933548,-0.703408086,-5.293634892,-5.581379414,-15.56986856,-15.9411453,-6.57943964,18.25644672,16.09587016,-2.403381157,-2.51553421,-20.23388641,-3.517040429,-11.85774216,0,0,-1.275291624,0
Mo,6,0.08,Li148Mo2P23S125Cl13F12,-7.481594128,-1.183796539,-0.48,0.48,0.08,-1,-6.32,0.52,0.48,0.92,5,2.16,0,0,0.08,0,-18.20483651,-2.546814899,-4.005635262,-6.288835526,-21.9933548,-0.703408086,-5.293634892,-6.040774941,-15.748523,-18.69439006,-7.493518829,18.20483651,16.09587016,-2.082930336,-3.018641052,-20.23388641,-3.517040429,-11.43425137,0,0,-1.495551205,0
Mo,2,0.09,Li627Mo9P91S500Cl82F18,-7.510278577,-1.197811575,-0.18,0.18,0,-1,-6.27,0.82,0.18,0.91,5,2.54,0,0,0,0.09,-18.26222885,-2.546814899,-4.005635262,-6.288835526,-21.9933548,-0.703408086,-5.293634892,-3.221789002,-7.752337217,-7.049532533,-3.862217903,18.26222885,15.96852942,-3.284620914,-1.131990395,-20.01395287,-3.517040429,-13.44583262,0,0,0,-0.347599611
Mo,3,0.09,Li618Mo9P91S500Cl73F27,-7.386426426,-1.186574526,-0.27,0.27,0,-1,-6.225,0.73,0.27,0.91,5,2.45,1.39E-17,-1.39E-17,0,0.09,-18.30819601,-2.546814899,-4.005635262,-6.288835526,-21.9933548,-0.703408086,-5.293634892,-3.997653246,-9.99509716,-10.14797258,-4.73385632,18.30819601,15.85392275,-2.924113741,-1.697985592,-20.01395287,-3.517040429,-12.96940548,-5.55E-17,1.39E-16,0,-0.426047069
Mo,4,0.09,Li609Mo9P91S500Cl64F36,-7.300085785,-1.181243655,-0.36,0.36,0,-1,-6.18,0.64,0.36,0.91,5,2.36,0,0,0,0.09,-18.34259507,-2.546814899,-4.005635262,-6.288835526,-21.9933548,-0.703408086,-5.293634892,-5.044975281,-12.72251248,-13.05647635,-5.89375484,18.34259507,15.73931608,-2.563606567,-2.263980789,-20.01395287,-3.517040429,-12.49297834,0,0,0,-0.530437936
Mo,5,0.09,Li600Mo9P91S500Cl55F45,-7.493037199,-1.178150503,-0.45,0.45,0.09,-1,-6.36,0.55,0.45,0.91,5,2.27,0,0,0.09,0,-18.324543,-2.546814899,-4.005635262,-6.288835526,-21.9933548,-0.703408086,-5.293634892,-5.581379414,-15.56986856,-15.9411453,-6.57943964,18.324543,16.19774276,-2.203099394,-2.829975986,-20.01395287,-3.517040429,-12.0165512,0,0,-1.434703077,0
Mo,6,0.09,Li591Mo9P91S500Cl46F54,-7.528888943,-1.18378757,-0.54,0.54,0.09,-1,-6.36,0.46,0.54,0.91,5,2.18,1.39E-17,-1.39E-17,0.09,0,-18.26554417,-2.546814899,-4.005635262,-6.288835526,-21.9933548,-0.703408086,-5.293634892,-6.040774941,-15.748523,-18.69439006,-7.493518829,18.26554417,16.19774276,-1.84259222,-3.395971184,-20.01395287,-3.517040429,-11.54012406,-8.38E-17,2.19E-16,-1.682495105,0
Mo,2,0.1,Li63MoP9S50Cl8F2,-7.536320044,-1.196241277,-0.2,0.2,0,-1,-6.3,0.8,0.2,0.9,5,2.6,0,0,0,0.1,-18.34175366,-2.546814899,-4.005635262,-6.288835526,-21.9933548,-0.703408086,-5.293634892,-3.221789002,-7.752337217,-7.049532533,-3.862217903,18.34175366,16.04493386,-3.204508209,-1.257767105,-19.79401932,-3.517040429,-13.76345072,0,0,0,-0.38622179
Mo,3,0.1,Li62MoP9S50Cl7F3,-7.396227431,-1.183396389,-0.3,0.3,0,-1,-6.25,0.7,0.3,0.9,5,2.5,-1.39E-17,1.39E-17,0,0.1,-18.3953074,-2.546814899,-4.005635262,-6.288835526,-21.9933548,-0.703408086,-5.293634892,-3.997653246,-9.99509716,-10.14797258,-4.73385632,18.3953074,15.91759312,-2.803944683,-1.886650658,-19.79401932,-3.517040429,-13.23408723,5.55E-17,-1.39E-16,0,-0.473385632
Mo,4,0.1,Li61MoP9S50Cl6F4,-7.307914805,-1.178695936,-0.4,0.4,0,-1,-6.2,0.6,0.4,0.9,5,2.4,0,0,0,0.1,-18.42590716,-2.546814899,-4.005635262,-6.288835526,-21.9933548,-0.703408086,-5.293634892,-5.044975281,-12.72251248,-13.05647635,-5.89375484,18.42590716,15.79025237,-2.403381157,-2.51553421,-19.79401932,-3.517040429,-12.70472374,0,0,0,-0.589375484
Mo,5,0.1,Li60MoP9S50Cl5F5,-7.540342668,-1.178178542,-0.5,0.5,0.1,-1,-6.4,0.5,0.5,0.9,5,2.3,0,0,0.1,0,-18.3878119,-2.546814899,-4.005635262,-6.288835526,-21.9933548,-0.703408086,-5.293634892,-5.581379414,-15.56986856,-15.9411453,-6.57943964,18.3878119,16.29961535,-2.002817631,-3.144417763,-19.79401932,-3.517040429,-12.17536025,0,0,-1.59411453,0
Mo,6,0.1,Li59MoP9S50Cl4F6,-7.562035003,-1.181567969,-0.6,0.6,0.1,-1,-6.4,0.4,0.6,0.9,5,2.2,-1.39E-17,1.39E-17,0.1,0,-18.34040058,-2.546814899,-4.005635262,-6.288835526,-21.9933548,-0.703408086,-5.293634892,-6.040774941,-15.748523,-18.69439006,-7.493518829,18.34040058,16.29961535,-1.602254105,-3.773301315,-19.79401932,-3.517040429,-11.64599676,8.38E-17,-2.19E-16,-1.869439006,0
Mt,3,0.01,Li602MtP99S500Cl97F3,-7.146865752,-1.186201785,-0.03,0.03,0,-1,-6.025,0.97,0.03,0.99,5,2.05,0,0,0,0.01,-17.78282184,-2.546814899,-4.005635262,-6.288835526,-21.9933548,-0.703408086,-5.293634892,-4.269172668,-11.22909737,-10.17240739,-5.770288706,17.78282184,15.34455977,-3.885466204,-0.188665066,-21.77342125,-3.517040429,-10.85195153,0,0,0,-0.057702887
Mt,3,0.02,Li302MtP49S250Cl47F3,-7.164707368,-1.184249152,-0.06,0.06,0,-1,-6.05,0.94,0.06,0.98,5,2.1,0,0,0,0.02,-17.87225695,-2.546814899,-4.005635262,-6.288835526,-21.9933548,-0.703408086,-5.293634892,-4.269172668,-11.22909737,-10.17240739,-5.770288706,17.87225695,15.40823014,-3.765297146,-0.377330132,-21.5534877,-3.517040429,-11.11663327,0,0,0,-0.115405774
Mt,3,0.03,Li606Mt3P97S500Cl91F9,-7.181282636,-1.182104138,-0.09,0.09,0,-1,-6.075,0.91,0.09,0.97,5,2.15,0,0,0,0.03,-17.9629584,-2.546814899,-4.005635262,-6.288835526,-21.9933548,-0.703408086,-5.293634892,-4.269172668,-11.22909737,-10.17240739,-5.770288706,17.9629584,15.47190051,-3.645128088,-0.565995197,-21.33355415,-3.517040429,-11.38131502,0,0,0,-0.173108661
Mt,3,0.04,Li152MtP24S125Cl22F3,-7.197311668,-1.179887159,-0.12,0.12,0,-1,-6.1,0.88,0.12,0.96,5,2.2,0,0,0,0.04,-18.05420609,-2.546814899,-4.005635262,-6.288835526,-21.9933548,-0.703408086,-5.293634892,-4.269172668,-11.22909737,-10.17240739,-5.770288706,18.05420609,15.53557088,-3.52495903,-0.754660263,-21.11362061,-3.517040429,-11.64599676,0,0,0,-0.230811548
Mt,3,0.05,Li122MtP19S100Cl17F3,-7.213177011,-1.177661553,-0.15,0.15,0,-1,-6.125,0.85,0.15,0.95,5,2.25,-6.94E-18,6.94E-18,0,0.05,-18.14561746,-2.546814899,-4.005635262,-6.288835526,-21.9933548,-0.703408086,-5.293634892,-4.269172668,-11.22909737,-10.17240739,-5.770288706,18.14561746,15.59924126,-3.404789972,-0.943325329,-20.89368706,-3.517040429,-11.91067851,2.96E-17,-7.79E-17,0,-0.288514435
Mt,3,0.06,Li306Mt3P47S250Cl41F9,-7.228769327,-1.175409647,-0.18,0.18,0,-1,-6.15,0.82,0.18,0.94,5,2.3,0,0,0,0.06,-18.23730186,-2.546814899,-4.005635262,-6.288835526,-21.9933548,-0.703408086,-5.293634892,-4.269172668,-11.22909737,-10.17240739,-5.770288706,18.23730186,15.66291163,-3.284620914,-1.131990395,-20.67375351,-3.517040429,-12.17536025,0,0,0,-0.346217322
Mt,3,0.07,Li614Mt7P93S500Cl79F21,-7.243472658,-1.173032009,-0.21,0.21,0,-1,-6.175,0.79,0.21,0.93,5,2.35,-1.39E-17,1.39E-17,0,0.07,-18.32987525,-2.546814899,-4.005635262,-6.288835526,-21.9933548,-0.703408086,-5.293634892,-4.269172668,-11.22909737,-10.17240739,-5.770288706,18.32987525,15.726582,-3.164451857,-1.32065546,-20.45381996,-3.517040429,-12.440042,5.92E-17,-1.56E-16,0,-0.403920209
Mt,3,0.08,Li154Mt2P23S125Cl19F6,-7.256843006,-1.170458549,-0.24,0.24,0,-1,-6.2,0.76,0.24,0.92,5,2.4,0,0,0,0.08,-18.42378162,-2.546814899,-4.005635262,-6.288835526,-21.9933548,-0.703408086,-5.293634892,-4.269172668,-11.22909737,-10.17240739,-5.770288706,18.42378162,15.79025237,-3.044282799,-1.509320526,-20.23388641,-3.517040429,-12.70472374,0,0,0,-0.461623096
Mt,3,0.09,Li618Mt9P91S500Cl73F27,-7.269136006,-1.167732692,-0.27,0.27,0,-1,-6.225,0.73,0.27,0.91,5,2.45,1.39E-17,-1.39E-17,0,0.09,-18.51876534,-2.546814899,-4.005635262,-6.288835526,-21.9933548,-0.703408086,-5.293634892,-4.269172668,-11.22909737,-10.17240739,-5.770288706,18.51876534,15.85392275,-2.924113741,-1.697985592,-20.01395287,-3.517040429,-12.96940548,-5.92E-17,1.56E-16,0,-0.519325984
Mt,3,0.1,Li62MtP9S50Cl7F3,-7.280977094,-1.164956335,-0.3,0.3,0,-1,-6.25,0.7,0.3,0.9,5,2.5,-1.39E-17,1.39E-17,0,0.1,-18.61420097,-2.546814899,-4.005635262,-6.288835526,-21.9933548,-0.703408086,-5.293634892,-4.269172668,-11.22909737,-10.17240739,-5.770288706,18.61420097,15.91759312,-2.803944683,-1.886650658,-19.79401932,-3.517040429,-13.23408723,5.92E-17,-1.56E-16,0,-0.577028871
Na,1,0.01,Li604NaP99S500Cl99F,-7.361288286,-1.218756339,-0.02,0.01,0,-1,-6.04,0.98,0.01,0.99,5,2.08,0.01,0,0,0,-17.5849858,-2.546814899,-4.005635262,-6.288835526,-21.9933548,-0.703408086,-5.293634892,-3.940291166,-5.941728592,-4.508786201,-1.999403358,17.5849858,15.38276199,-3.925522556,-0.062888355,-21.77342125,-3.517040429,-11.01076057,-0.039402912,0,0,0
Na,1,0.02,Li304NaP49S250Cl49F,-7.384650392,-1.214580657,-0.04,0.02,0,-1,-6.08,0.96,0.02,0.98,5,2.16,0.02,0,0,0,-17.6854869,-2.546814899,-4.005635262,-6.288835526,-21.9933548,-0.703408086,-5.293634892,-3.940291166,-5.941728592,-4.508786201,-1.999403358,17.6854869,15.48463459,-3.845409851,-0.125776711,-21.5534877,-3.517040429,-11.43425137,-0.078805823,0,0,0
Na,1,0.03,Li612Na3P97S500Cl97F3,-7.409516976,-1.210705388,-0.06,0.03,0,-1,-6.12,0.94,0.03,0.97,5,2.24,0.03,0,0,0,-17.78448353,-2.546814899,-4.005635262,-6.288835526,-21.9933548,-0.703408086,-5.293634892,-3.940291166,-5.941728592,-4.508786201,-1.999403358,17.78448353,15.58650718,-3.765297146,-0.188665066,-21.33355415,-3.517040429,-11.85774216,-0.118208735,0,0,0
Na,1,0.04,Li154NaP24S125Cl24F,-7.435979706,-1.207139563,-0.08,0.04,0,-1,-6.16,0.92,0.04,0.96,5,2.32,0.04,0,0,0,-17.88188401,-2.546814899,-4.005635262,-6.288835526,-21.9933548,-0.703408086,-5.293634892,-3.940291166,-5.941728592,-4.508786201,-1.999403358,17.88188401,15.68837978,-3.685184441,-0.251553421,-21.11362061,-3.517040429,-12.28123295,-0.157611647,0,0,0
Na,1,0.05,Li124NaP19S100Cl19F,-7.46374092,-1.203829181,-0.1,0.05,0,-1,-6.2,0.9,0.05,0.95,5,2.4,0.05,0,0,0,-17.977986,-2.546814899,-4.005635262,-6.288835526,-21.9933548,-0.703408086,-5.293634892,-3.940291166,-5.941728592,-4.508786201,-1.999403358,17.977986,15.79025237,-3.605071735,-0.314441776,-20.89368706,-3.517040429,-12.70472374,-0.197014558,0,0,0
Na,1,0.06,Li312Na3P47S250Cl47F3,-7.492248189,-1.2006808,-0.12,0.06,0,-1,-6.24,0.88,0.06,0.94,5,2.48,0.06,0,0,0,-18.07334194,-2.546814899,-4.005635262,-6.288835526,-21.9933548,-0.703408086,-5.293634892,-3.940291166,-5.941728592,-4.508786201,-1.999403358,18.07334194,15.89212497,-3.52495903,-0.377330132,-20.67375351,-3.517040429,-13.12821453,-0.23641747,0,0,0
Na,1,0.07,Li628Na7P93S500Cl93F7,-7.520836168,-1.197585377,-0.14,0.07,0,-1,-6.28,0.86,0.07,0.93,5,2.56,0.07,0,0,0,-18.16861717,-2.546814899,-4.005635262,-6.288835526,-21.9933548,-0.703408086,-5.293634892,-3.940291166,-5.941728592,-4.508786201,-1.999403358,18.16861717,15.99399757,-3.444846325,-0.440218487,-20.45381996,-3.517040429,-13.55170532,-0.275820382,0,0,0
Na,1,0.08,Li158Na2P23S125Cl23F2,-7.549129905,-1.19448258,-0.16,0.08,0,-1,-6.32,0.84,0.08,0.92,5,2.64,0.08,0,0,0,-18.26418664,-2.546814899,-4.005635262,-6.288835526,-21.9933548,-0.703408086,-5.293634892,-3.940291166,-5.941728592,-4.508786201,-1.999403358,18.26418664,16.09587016,-3.36473362,-0.503106842,-20.23388641,-3.517040429,-13.97519611,-0.315223293,0,0,0
Na,1,0.09,Li636Na9P91S500Cl91F9,-7.577399704,-1.191415048,-0.18,0.09,0,-1,-6.36,0.82,0.09,0.91,5,2.72,0.09,0,0,0,-18.35978005,-2.546814899,-4.005635262,-6.288835526,-21.9933548,-0.703408086,-5.293634892,-3.940291166,-5.941728592,-4.508786201,-1.999403358,18.35978005,16.19774276,-3.284620914,-0.565995197,-20.01395287,-3.517040429,-14.3986869,-0.354626205,0,0,0
Na,1,0.1,Li64NaP9S50Cl9F,-7.60615553,-1.188461802,-0.2,0.1,0,-1,-6.4,0.8,0.1,0.9,5,2.8,0.1,0,0,0,-18.45488744,-2.546814899,-4.005635262,-6.288835526,-21.9933548,-0.703408086,-5.293634892,-3.940291166,-5.941728592,-4.508786201,-1.999403358,18.45488744,16.29961535,-3.204508209,-0.628883553,-19.79401932,-3.517040429,-14.8221777,-0.394029117,0,0,0
Nb,2,0.01,Li603NbP99S500Cl98F2,-7.372294905,-1.220578627,-0.02,0.02,0.01,-1,-6.04,0.98,0.02,0.99,5,2.06,0,0,0.01,0,-17.58219483,-2.546814899,-4.005635262,-6.288835526,-21.9933548,-0.703408086,-5.293634892,-4.064923882,-8.916561842,-9.060290456,-4.533311844,17.58219483,15.38276199,-3.925522556,-0.125776711,-21.77342125,-3.517040429,-10.90488788,0,0,-0.090602905,0
Nb,3,0.01,Li602NbP99S500Cl97F3,-7.37688469,-1.221338525,-0.03,0.03,0.01,-1,-6.04,0.97,0.03,0.99,5,2.05,0,0,0.01,0,-17.5803808,-2.546814899,-4.005635262,-6.288835526,-21.9933548,-0.703408086,-5.293634892,-5.694020271,-12.72960663,-12.34829998,-6.420298815,17.5803808,15.38276199,-3.885466204,-0.188665066,-21.77342125,-3.517040429,-10.85195153,0,0,-0.123483,0
Nb,4,0.01,Li601NbP99S500Cl96F4,-7.360539247,-1.222680938,-0.04,0.04,0,-1,-6.02,0.96,0.04,0.99,5,2.04,0,0,0,0.01,-17.57906217,-2.546814899,-4.005635262,-6.288835526,-21.9933548,-0.703408086,-5.293634892,-6.856203079,-15.15361309,-15.61402488,-8.498697996,17.57906217,15.33182569,-3.845409851,-0.251553421,-21.77342125,-3.517040429,-10.79901518,0,0,0,-0.08498698
Nb,5,0.01,Li600NbP99S500Cl95F5,-7.364665222,-1.224383246,-0.05,0.05,0,-1,-6.015,0.95,0.05,0.99,5,2.03,0,0,0,0.01,-17.57819593,-2.546814899,-4.005635262,-6.288835526,-21.9933548,-0.703408086,-5.293634892,-8.029367208,-18.83461046,-19.95021307,-10.56169868,17.57819593,15.31909162,-3.805353498,-0.314441776,-21.77342125,-3.517040429,-10.74607883,0,0,0,-0.105616987
Nb,2,0.02,Li303NbP49S250Cl48F2,-7.427683126,-1.221658409,-0.04,0.04,0.02,-1,-6.08,0.96,0.04,0.98,5,2.12,0,0,0.02,0,-17.65888547,-2.546814899,-4.005635262,-6.288835526,-21.9933548,-0.703408086,-5.293634892,-4.064923882,-8.916561842,-9.060290456,-4.533311844,17.65888547,15.48463459,-3.845409851,-0.251553421,-21.5534877,-3.517040429,-11.22250597,0,0,-0.181205809,0
Nb,3,0.02,Li302NbP49S250Cl47F3,-7.434668674,-1.222807348,-0.06,0.06,0.02,-1,-6.08,0.94,0.06,0.98,5,2.1,0,0,0.02,0,-17.65745142,-2.546814899,-4.005635262,-6.288835526,-21.9933548,-0.703408086,-5.293634892,-5.694020271,-12.72960663,-12.34829998,-6.420298815,17.65745142,15.48463459,-3.765297146,-0.377330132,-21.5534877,-3.517040429,-11.11663327,0,0,-0.246966,0
Nb,4,0.02,Li301NbP49S250Cl46F4,-7.399198597,-1.22503288,-0.08,0.08,0,-1,-6.04,0.92,0.08,0.98,5,2.08,0,0,0,0.02,-17.65759336,-2.546814899,-4.005635262,-6.288835526,-21.9933548,-0.703408086,-5.293634892,-6.856203079,-15.15361309,-15.61402488,-8.498697996,17.65759336,15.38276199,-3.685184441,-0.503106842,-21.5534877,-3.517040429,-11.01076057,0,0,0,-0.16997396
Nb,5,0.02,Li300NbP49S250Cl45F5,-7.404438584,-1.22793343,-0.1,0.1,0,-1,-6.03,0.9,0.1,0.98,5,2.06,0,0,0,0.02,-17.65887284,-2.546814899,-4.005635262,-6.288835526,-21.9933548,-0.703408086,-5.293634892,-8.029367208,-18.83461046,-19.95021307,-10.56169868,17.65887284,15.35729384,-3.605071735,-0.628883553,-21.5534877,-3.517040429,-10.90488788,0,0,0,-0.211233974
Nb,2,0.03,Li609Nb3P97S500Cl94F6,-7.482909675,-1.222697659,-0.06,0.06,0.03,-1,-6.12,0.94,0.06,0.97,5,2.18,0,0,0.03,0,-17.73573778,-2.546814899,-4.005635262,-6.288835526,-21.9933548,-0.703408086,-5.293634892,-4.064923882,-8.916561842,-9.060290456,-4.533311844,17.73573778,15.58650718,-3.765297146,-0.377330132,-21.33355415,-3.517040429,-11.54012406,0,0,-0.271808714,0
Nb,3,0.03,Li606Nb3P97S500Cl91F9,-7.490658138,-1.223963748,-0.09,0.09,0.03,-1,-6.12,0.91,0.09,0.97,5,2.15,0,0,0.03,0,-17.73631656,-2.546814899,-4.005635262,-6.288835526,-21.9933548,-0.703408086,-5.293634892,-5.694020271,-12.72960663,-12.34829998,-6.420298815,17.73631656,15.58650718,-3.645128088,-0.565995197,-21.33355415,-3.517040429,-11.38131502,0,0,-0.370448999,0
Nb,4,0.03,Li603Nb3P97S500Cl88F12,-7.434572259,-1.226827105,-0.12,0.12,0,-1,-6.06,0.88,0.12,0.97,5,2.12,0,0,0,0.03,-17.73941024,-2.546814899,-4.005635262,-6.288835526,-21.9933548,-0.703408086,-5.293634892,-6.856203079,-15.15361309,-15.61402488,-8.498697996,17.73941024,15.43369829,-3.52495903,-0.754660263,-21.33355415,-3.517040429,-11.22250597,0,0,0,-0.25496094
Nb,5,0.03,Li600Nb3P97S500Cl85F15,-7.440174924,-1.230798168,-0.15,0.15,0,-1,-6.045,0.85,0.15,0.97,5,2.09,0,0,0,0.03,-17.74358678,-2.546814899,-4.005635262,-6.288835526,-21.9933548,-0.703408086,-5.293634892,-8.029367208,-18.83461046,-19.95021307,-10.56169868,17.74358678,15.39549606,-3.404789972,-0.943325329,-21.33355415,-3.517040429,-11.06369692,0,0,0,-0.31685096
Nb,2,0.04,Li153NbP24S125Cl23F2,-7.538146625,-1.223725102,-0.08,0.08,0.04,-1,-6.16,0.92,0.08,0.96,5,2.24,0,0,0.04,0,-17.81257969,-2.546814899,-4.005635262,-6.288835526,-21.9933548,-0.703408086,-5.293634892,-4.064923882,-8.916561842,-9.060290456,-4.533311844,17.81257969,15.68837978,-3.685184441,-0.503106842,-21.11362061,-3.517040429,-11.85774216,0,0,-0.362411618,0
Nb,3,0.04,Li152NbP24S125Cl22F3,-7.545556565,-1.224928014,-0.12,0.12,0.04,-1,-6.16,0.88,0.12,0.96,5,2.2,0,0,0.04,0,-17.81627275,-2.546814899,-4.005635262,-6.288835526,-21.9933548,-0.703408086,-5.293634892,-5.694020271,-12.72960663,-12.34829998,-6.420298815,17.81627275,15.68837978,-3.52495903,-0.754660263,-21.11362061,-3.517040429,-11.64599676,0,0,-0.493931999,0
Nb,4,0.04,Li151NbP24S125Cl21F4,-7.46851673,-1.228374462,-0.16,0.16,0,-1,-6.08,0.84,0.16,0.96,5,2.16,0,0,0,0.04,-17.82265631,-2.546814899,-4.005635262,-6.288835526,-21.9933548,-0.703408086,-5.293634892,-6.856203079,-15.15361309,-15.61402488,-8.498697996,17.82265631,15.48463459,-3.36473362,-1.006213684,-21.11362061,-3.517040429,-11.43425137,0,0,0,-0.33994792
Nb,5,0.04,Li150NbP24S125Cl20F5,-7.475444797,-1.233571749,-0.2,0.2,0,-1,-6.06,0.8,0.2,0.96,5,2.12,0,0,0,0.04,-17.82876718,-2.546814899,-4.005635262,-6.288835526,-21.9933548,-0.703408086,-5.293634892,-8.029367208,-18.83461046,-19.95021307,-10.56169868,17.82876718,15.43369829,-3.204508209,-1.257767105,-21.11362061,-3.517040429,-11.22250597,0,0,0,-0.422467947
Nb,2,0.05,Li123NbP19S100Cl18F2,-7.593445354,-1.224749251,-0.1,0.1,0.05,-1,-6.2,0.9,0.1,0.95,5,2.3,0,0,0.05,0,-17.88935982,-2.546814899,-4.005635262,-6.288835526,-21.9933548,-0.703408086,-5.293634892,-4.064923882,-8.916561842,-9.060290456,-4.533311844,17.88935982,15.79025237,-3.605071735,-0.628883553,-20.89368706,-3.517040429,-12.17536025,0,0,-0.453014523,0
Nb,3,0.05,Li122NbP19S100Cl17F3,-7.599854719,-1.225783019,-0.15,0.15,0.05,-1,-6.2,0.85,0.15,0.95,5,2.25,-6.94E-18,6.94E-18,0.05,0,-17.8968292,-2.546814899,-4.005635262,-6.288835526,-21.9933548,-0.703408086,-5.293634892,-5.694020271,-12.72960663,-12.34829998,-6.420298815,17.8968292,15.79025237,-3.404789972,-0.943325329,-20.89368706,-3.517040429,-11.91067851,3.95E-17,-8.83E-17,-0.617414999,0
Nb,4,0.05,Li121NbP19S100Cl16F4,-7.502203503,-1.229869427,-0.2,0.2,0,-1,-6.1,0.8,0.2,0.95,5,2.2,0,0,0,0.05,-17.90616007,-2.546814899,-4.005635262,-6.288835526,-21.9933548,-0.703408086,-5.293634892,-6.856203079,-15.15361309,-15.61402488,-8.498697996,17.90616007,15.53557088,-3.204508209,-1.257767105,-20.89368706,-3.517040429,-11.64599676,0,0,0,-0.4249349
Nb,5,0.05,Li120NbP19S100Cl15F5,-7.511683246,-1.236491069,-0.25,0.25,0,-1,-6.075,0.75,0.25,0.95,5,2.15,0,0,0,0.05,-17.91297901,-2.546814899,-4.005635262,-6.288835526,-21.9933548,-0.703408086,-5.293634892,-8.029367208,-18.83461046,-19.95021307,-10.56169868,17.91297901,15.47190051,-3.004226446,-1.572208881,-20.89368706,-3.517040429,-11.38131502,0,0,0,-0.528084934
Nb,2,0.06,Li309Nb3P47S250Cl44F6,-7.64874614,-1.225760599,-0.12,0.12,0.06,-1,-6.24,0.88,0.12,0.94,5,2.36,0,0,0.06,0,-17.96613789,-2.546814899,-4.005635262,-6.288835526,-21.9933548,-0.703408086,-5.293634892,-4.064923882,-8.916561842,-9.060290456,-4.533311844,17.96613789,15.89212497,-3.52495903,-0.754660263,-20.67375351,-3.517040429,-12.49297834,0,0,-0.543617427,0
Nb,3,0.06,Li306Nb3P47S250Cl41F9,-7.653696043,-1.226553853,-0.18,0.18,0.06,-1,-6.24,0.82,0.18,0.94,5,2.3,0,0,0.06,0,-17.97784248,-2.546814899,-4.005635262,-6.288835526,-21.9933548,-0.703408086,-5.293634892,-5.694020271,-12.72960663,-12.34829998,-6.420298815,17.97784248,15.89212497,-3.284620914,-1.131990395,-20.67375351,-3.517040429,-12.17536025,0,0,-0.740897999,0
Nb,4,0.06,Li303Nb3P47S250Cl38F12,-7.535515466,-1.231293377,-0.24,0.24,0,-1,-6.12,0.76,0.24,0.94,5,2.24,0,0,0,0.06,-17.99003865,-2.546814899,-4.005635262,-6.288835526,-21.9933548,-0.703408086,-5.293634892,-6.856203079,-15.15361309,-15.61402488,-8.498697996,17.99003865,15.58650718,-3.044282799,-1.509320526,-20.67375351,-3.517040429,-11.85774216,0,0,0,-0.50992188
Nb,5,0.06,Li300Nb3P47S250Cl35F15,-7.548713602,-1.239526043,-0.3,0.3,0,-1,-6.09,0.7,0.3,0.94,5,2.18,0,0,0,0.06,-17.99639893,-2.546814899,-4.005635262,-6.288835526,-21.9933548,-0.703408086,-5.293634892,-8.029367208,-18.83461046,-19.95021307,-10.56169868,17.99639893,15.51010274,-2.803944683,-1.886650658,-20.67375351,-3.517040429,-11.54012406,0,0,0,-0.633701921
Nb,2,0.07,Li621Nb7P93S500Cl86F14,-7.703810758,-1.226721458,-0.14,0.14,0.07,-1,-6.28,0.86,0.14,0.93,5,2.42,0,0,0.07,0,-18.04315213,-2.546814899,-4.005635262,-6.288835526,-21.9933548,-0.703408086,-5.293634892,-4.064923882,-8.916561842,-9.060290456,-4.533311844,18.04315213,15.99399757,-3.444846325,-0.880436974,-20.45381996,-3.517040429,-12.81059644,0,0,-0.634220332,0
Nb,3,0.07,Li614Nb7P93S500Cl79F21,-7.7068411,-1.227203997,-0.21,0.21,0.07,-1,-6.28,0.79,0.21,0.93,5,2.35,-1.39E-17,1.39E-17,0.07,0,-18.05955204,-2.546814899,-4.005635262,-6.288835526,-21.9933548,-0.703408086,-5.293634892,-5.694020271,-12.72960663,-12.34829998,-6.420298815,18.05955204,15.99399757,-3.164451857,-1.32065546,-20.45381996,-3.517040429,-12.440042,7.90E-17,-1.77E-16,-0.864380999,0
Nb,4,0.07,Li607Nb7P93S500Cl72F28,-7.567942515,-1.232563927,-0.28,0.28,0,-1,-6.14,0.72,0.28,0.93,5,2.28,0,0,0,0.07,-18.07480214,-2.546814899,-4.005635262,-6.288835526,-21.9933548,-0.703408086,-5.293634892,-6.856203079,-15.15361309,-15.61402488,-8.498697996,18.07480214,15.63744348,-2.884057388,-1.760873947,-20.45381996,-3.517040429,-12.06948755,0,0,0,-0.59490886
Nb,5,0.07,Li600Nb7P93S500Cl65F35,-7.588786061,-1.2430444,-0.35,0.35,0,-1,-6.105,0.65,0.35,0.93,5,2.21,-1.39E-17,1.39E-17,0,0.07,-18.07677674,-2.546814899,-4.005635262,-6.288835526,-21.9933548,-0.703408086,-5.293634892,-8.029367208,-18.83461046,-19.95021307,-10.56169868,18.07677674,15.54830496,-2.60366292,-2.201092434,-20.45381996,-3.517040429,-11.69893311,1.11E-16,-2.61E-16,0,-0.739318907
Nb,2,0.08,Li156Nb2P23S125Cl21F4,-7.758319892,-1.227582261,-0.16,0.16,0.08,-1,-6.32,0.84,0.16,0.92,5,2.48,0,0,0.08,0,-18.12072186,-2.546814899,-4.005635262,-6.288835526,-21.9933548,-0.703408086,-5.293634892,-4.064923882,-8.916561842,-9.060290456,-4.533311844,18.12072186,16.09587016,-3.36473362,-1.006213684,-20.23388641,-3.517040429,-13.12821453,0,0,-0.724823236,0
Nb,3,0.08,Li154Nb2P23S125Cl19F6,-7.759102339,-1.227706066,-0.24,0.24,0.08,-1,-6.32,0.76,0.24,0.92,5,2.4,0,0,0.08,0,-18.1421454,-2.546814899,-4.005635262,-6.288835526,-21.9933548,-0.703408086,-5.293634892,-5.694020271,-12.72960663,-12.34829998,-6.420298815,18.1421454,16.09587016,-3.044282799,-1.509320526,-20.23388641,-3.517040429,-12.70472374,0,0,-0.987863998,0
Nb,4,0.08,Li152Nb2P23S125Cl17F8,-7.600250021,-1.233806822,-0.32,0.32,0,-1,-6.16,0.68,0.32,0.92,5,2.32,0,0,0,0.08,-18.15968518,-2.546814899,-4.005635262,-6.288835526,-21.9933548,-0.703408086,-5.293634892,-6.856203079,-15.15361309,-15.61402488,-8.498697996,18.15968518,15.68837978,-2.723831978,-2.012427368,-20.23388641,-3.517040429,-12.28123295,0,0,0,-0.67989584
Nb,5,0.08,Li150Nb2P23S125Cl15F10,-7.636013579,-1.247714637,-0.4,0.4,0,-1,-6.12,0.6,0.4,0.92,5,2.24,0,0,0,0.08,-18.1499995,-2.546814899,-4.005635262,-6.288835526,-21.9933548,-0.703408086,-5.293634892,-8.029367208,-18.83461046,-19.95021307,-10.56169868,18.1499995,15.58650718,-2.403381157,-2.51553421,-20.23388641,-3.517040429,-11.85774216,0,0,0,-0.844935894
Nb,2,0.09,Li627Nb9P91S500Cl82F18,-7.812082634,-1.22831488,-0.18,0.18,0.09,-1,-6.36,0.82,0.18,0.91,5,2.54,0,0,0.09,0,-18.19903798,-2.546814899,-4.005635262,-6.288835526,-21.9933548,-0.703408086,-5.293634892,-4.064923882,-8.916561842,-9.060290456,-4.533311844,18.19903798,16.19774276,-3.284620914,-1.131990395,-20.01395287,-3.517040429,-13.44583262,0,0,-0.815426141,0
Nb,3,0.09,Li618Nb9P91S500Cl73F27,-7.810520477,-1.228069257,-0.27,0.27,0.09,-1,-6.36,0.73,0.27,0.91,5,2.45,1.39E-17,-1.39E-17,0.09,0,-18.22558187,-2.546814899,-4.005635262,-6.288835526,-21.9933548,-0.703408086,-5.293634892,-5.694020271,-12.72960663,-12.34829998,-6.420298815,18.22558187,16.19774276,-2.924113741,-1.697985592,-20.01395287,-3.517040429,-12.96940548,-7.90E-17,1.77E-16,-1.111346998,0
Nb,4,0.09,Li609Nb9P91S500Cl64F36,-7.634207509,-1.235308658,-0.36,0.36,0,-1,-6.18,0.64,0.36,0.91,5,2.36,0,0,0,0.09,-18.24291823,-2.546814899,-4.005635262,-6.288835526,-21.9933548,-0.703408086,-5.293634892,-6.856203079,-15.15361309,-15.61402488,-8.498697996,18.24291823,15.73931608,-2.563606567,-2.263980789,-20.01395287,-3.517040429,-12.49297834,0,0,0,-0.76488282
Nb,5,0.09,Li600Nb9P91S500Cl55F45,-7.692680447,-1.253900643,-0.45,0.45,0,-1,-6.135,0.55,0.45,0.91,5,2.27,0,0,0,0.09,-18.21378291,-2.546814899,-4.005635262,-6.288835526,-21.9933548,-0.703408086,-5.293634892,-8.029367208,-18.83461046,-19.95021307,-10.56169868,18.21378291,15.62470941,-2.203099394,-2.829975986,-20.01395287,-3.517040429,-12.0165512,0,0,0,-0.950552881
Nb,2,0.1,Li63NbP9S50Cl8F2,-7.86518859,-1.228935717,-0.2,0.2,0.1,-1,-6.4,0.8,0.2,0.9,5,2.6,0,0,0.1,0,-18.27801088,-2.546814899,-4.005635262,-6.288835526,-21.9933548,-0.703408086,-5.293634892,-4.064923882,-8.916561842,-9.060290456,-4.533311844,18.27801088,16.29961535,-3.204508209,-1.257767105,-19.79401932,-3.517040429,-13.76345072,0,0,-0.906029046,0
Nb,3,0.1,Li62NbP9S50Cl7F3,-7.861221472,-1.228315855,-0.3,0.3,0.1,-1,-6.4,0.7,0.3,0.9,5,2.5,-1.39E-17,1.39E-17,0.1,0,-18.30973549,-2.546814899,-4.005635262,-6.288835526,-21.9933548,-0.703408086,-5.293634892,-5.694020271,-12.72960663,-12.34829998,-6.420298815,18.30973549,16.29961535,-2.803944683,-1.886650658,-19.79401932,-3.517040429,-13.23408723,7.90E-17,-1.77E-16,-1.234829998,0
Nb,4,0.1,Li61NbP9S50Cl6F4,-7.671994375,-1.237418448,-0.4,0.4,0,-1,-6.2,0.6,0.4,0.9,5,2.4,0,0,0,0.1,-18.3223219,-2.546814899,-4.005635262,-6.288835526,-21.9933548,-0.703408086,-5.293634892,-6.856203079,-15.15361309,-15.61402488,-8.498697996,18.3223219,15.79025237,-2.403381157,-2.51553421,-19.79401932,-3.517040429,-12.70472374,0,0,0,-0.8498698
Nb,5,0.1,Li60NbP9S50Cl5F5,-7.750461565,-1.260237653,-0.5,0.5,0,-1,-6.15,0.5,0.5,0.9,5,2.3,0,0,0,0.1,-18.27645206,-2.546814899,-4.005635262,-6.288835526,-21.9933548,-0.703408086,-5.293634892,-8.029367208,-18.83461046,-19.95021307,-10.56169868,18.27645206,15.66291163,-2.002817631,-3.144417763,-19.79401932,-3.517040429,-12.17536025,0,0,0,-1.056169868
Nd,2,0.01,Li603NdP99S500Cl98F2,-6.843687919,-1.133060914,-0.02,0.02,0.01,-1,-6.04,0.98,0.02,0.99,5,2.06,0,0,0.01,0,-18.12926294,-2.546814899,-4.005635262,-6.288835526,-21.9933548,-0.703408086,-5.293634892,-6.590223312,-12.8370924,-10.90640306,-6.257771015,18.12926294,15.38276199,-3.925522556,-0.125776711,-21.77342125,-3.517040429,-10.90488788,0,0,-0.109064031,0
Nd,3,0.01,Li602NdP99S500Cl97F3,-6.855428327,-1.13500469,-0.03,0,0,-1,-6.04,0.97,0,0.99,5,2.08,0,0.01,0,0,-18.12830954,-2.546814899,-4.005635262,-6.288835526,-21.9933548,-0.703408086,-5.293634892,-10.35250854,-17.98114014,-14.53244877,-9.459989071,18.12830954,15.38276199,-3.885466204,0,-21.77342125,-3.517040429,-11.01076057,0,-0.179811401,0,0
Nd,2,0.02,Li303NdP49S250Cl48F2,-6.898417257,-1.134608102,-0.04,0.04,0.02,-1,-6.08,0.96,0.04,0.98,5,2.12,0,0,0.02,0,-18.22507359,-2.546814899,-4.005635262,-6.288835526,-21.9933548,-0.703408086,-5.293634892,-6.590223312,-12.8370924,-10.90640306,-6.257771015,18.22507359,15.48463459,-3.845409851,-0.251553421,-21.5534877,-3.517040429,-11.22250597,0,0,-0.218128061,0
Nd,3,0.02,Li302NdP49S250Cl47F3,-6.917380189,-1.137727005,-0.06,0,0,-1,-6.08,0.94,0,0.98,5,2.16,0,0.02,0,0,-18.22768467,-2.546814899,-4.005635262,-6.288835526,-21.9933548,-0.703408086,-5.293634892,-10.35250854,-17.98114014,-14.53244877,-9.459989071,18.22768467,15.48463459,-3.765297146,0,-21.5534877,-3.517040429,-11.43425137,0,-0.359622803,0,0
Nd,2,0.03,Li609Nd3P97S500Cl94F6,-6.95089457,-1.135767087,-0.06,0.06,0.03,-1,-6.12,0.94,0.06,0.97,5,2.18,0,0,0.03,0,-18.32313626,-2.546814899,-4.005635262,-6.288835526,-21.9933548,-0.703408086,-5.293634892,-6.590223312,-12.8370924,-10.90640306,-6.257771015,18.32313626,15.58650718,-3.765297146,-0.377330132,-21.33355415,-3.517040429,-11.54012406,0,0,-0.327192092,0
Nd,3,0.03,Li606Nd3P97S500Cl91F9,-6.974239626,-1.139581638,-0.09,0,0,-1,-6.12,0.91,0,0.97,5,2.24,0,0.03,0,0,-18.33215222,-2.546814899,-4.005635262,-6.288835526,-21.9933548,-0.703408086,-5.293634892,-10.35250854,-17.98114014,-14.53244877,-9.459989071,18.33215222,15.58650718,-3.645128088,0,-21.33355415,-3.517040429,-11.85774216,0,-0.539434204,0,0
Nd,2,0.04,Li153NdP24S125Cl23F2,-7.001514293,-1.136609463,-0.08,0.08,0.04,-1,-6.16,0.92,0.08,0.96,5,2.24,0,0,0.04,0,-18.42305653,-2.546814899,-4.005635262,-6.288835526,-21.9933548,-0.703408086,-5.293634892,-6.590223312,-12.8370924,-10.90640306,-6.257771015,18.42305653,15.68837978,-3.685184441,-0.503106842,-21.11362061,-3.517040429,-11.85774216,0,0,-0.436256123,0
Nd,3,0.04,Li152NdP24S125Cl22F3,-7.02850401,-1.140990911,-0.12,0,0,-1,-6.16,0.88,0,0.96,5,2.32,0,0.04,0,0,-18.43921483,-2.546814899,-4.005635262,-6.288835526,-21.9933548,-0.703408086,-5.293634892,-10.35250854,-17.98114014,-14.53244877,-9.459989071,18.43921483,15.68837978,-3.52495903,0,-21.11362061,-3.517040429,-12.28123295,0,-0.719245605,0,0
Nd,2,0.05,Li123NdP19S100Cl18F2,-7.050972437,-1.137253619,-0.1,0.1,0.05,-1,-6.2,0.9,0.1,0.95,5,2.3,0,0,0.05,0,-18.52413837,-2.546814899,-4.005635262,-6.288835526,-21.9933548,-0.703408086,-5.293634892,-6.590223312,-12.8370924,-10.90640306,-6.257771015,18.52413837,15.79025237,-3.605071735,-0.628883553,-20.89368706,-3.517040429,-12.17536025,0,0,-0.545320153,0
Nd,3,0.05,Li122NdP19S100Cl17F3,-7.081630456,-1.142198461,-0.15,0,0,-1,-6.2,0.85,0,0.95,5,2.4,-6.94E-18,0.05,0,6.94E-18,-18.54741538,-2.546814899,-4.005635262,-6.288835526,-21.9933548,-0.703408086,-5.293634892,-10.35250854,-17.98114014,-14.53244877,-9.459989071,18.54741538,15.79025237,-3.404789972,0,-20.89368706,-3.517040429,-12.70472374,7.18E-17,-0.899057007,0,-6.56E-17
Nd,2,0.06,Li309Nd3P47S250Cl44F6,-7.099859915,-1.137798063,-0.12,0.12,0.06,-1,-6.24,0.88,0.12,0.94,5,2.36,0,0,0.06,0,-18.62579087,-2.546814899,-4.005635262,-6.288835526,-21.9933548,-0.703408086,-5.293634892,-6.590223312,-12.8370924,-10.90640306,-6.257771015,18.62579087,15.89212497,-3.52495903,-0.754660263,-20.67375351,-3.517040429,-12.49297834,0,0,-0.654384184,0
Nd,3,0.06,Li306Nd3P47S250Cl41F9,-7.133863537,-1.143247362,-0.18,0,0,-1,-6.24,0.82,0,0.94,5,2.48,0,0.06,0,0,-18.65650928,-2.546814899,-4.005635262,-6.288835526,-21.9933548,-0.703408086,-5.293634892,-10.35250854,-17.98114014,-14.53244877,-9.459989071,18.65650928,15.89212497,-3.284620914,0,-20.67375351,-3.517040429,-13.12821453,0,-1.078868408,0,0
Nd,2,0.07,Li621Nd7P93S500Cl86F14,-7.148369935,-1.138275467,-0.14,0.14,0.07,-1,-6.28,0.86,0.14,0.93,5,2.42,0,0,0.07,0,-18.72782084,-2.546814899,-4.005635262,-6.288835526,-21.9933548,-0.703408086,-5.293634892,-6.590223312,-12.8370924,-10.90640306,-6.257771015,18.72782084,15.99399757,-3.444846325,-0.880436974,-20.45381996,-3.517040429,-12.81059644,0,0,-0.763448215,0
Nd,3,0.07,Li614Nd7P93S500Cl79F21,-7.065163437,-1.144156022,-0.21,0.21,0,-1,-6.175,0.79,0.21,0.93,5,2.35,-1.39E-17,1.39E-17,0,0.07,-18.7664635,-2.546814899,-4.005635262,-6.288835526,-21.9933548,-0.703408086,-5.293634892,-10.35250854,-17.98114014,-14.53244877,-9.459989071,18.7664635,15.726582,-3.164451857,-1.32065546,-20.45381996,-3.517040429,-12.440042,1.44E-16,-2.50E-16,0,-0.662199235
Nd,2,0.08,Li156Nd2P23S125Cl21F4,-7.196367611,-1.138665761,-0.16,0.16,0.08,-1,-6.32,0.84,0.16,0.92,5,2.48,0,0,0.08,0,-18.83036315,-2.546814899,-4.005635262,-6.288835526,-21.9933548,-0.703408086,-5.293634892,-6.590223312,-12.8370924,-10.90640306,-6.257771015,18.83036315,16.09587016,-3.36473362,-1.006213684,-20.23388641,-3.517040429,-13.12821453,0,0,-0.872512245,0
Nd,3,0.08,Li154Nd2P23S125Cl19F6,-7.098510424,-1.144921036,-0.24,0.24,0,-1,-6.2,0.76,0.24,0.92,5,2.4,0,0,0,0.08,-18.87729023,-2.546814899,-4.005635262,-6.288835526,-21.9933548,-0.703408086,-5.293634892,-10.35250854,-17.98114014,-14.53244877,-9.459989071,18.87729023,15.79025237,-3.044282799,-1.509320526,-20.23388641,-3.517040429,-12.70472374,0,0,0,-0.756799126
Nd,2,0.09,Li627Nd9P91S500Cl82F18,-7.243615596,-1.13893327,-0.18,0.18,0.09,-1,-6.36,0.82,0.18,0.91,5,2.54,0,0,0.09,0,-18.93365515,-2.546814899,-4.005635262,-6.288835526,-21.9933548,-0.703408086,-5.293634892,-6.590223312,-12.8370924,-10.90640306,-6.257771015,18.93365515,16.19774276,-3.284620914,-1.131990395,-20.01395287,-3.517040429,-13.44583262,0,0,-0.981576276,0
Nd,3,0.09,Li618Nd9P91S500Cl73F27,-7.130587678,-1.145475932,-0.27,0.27,0,-1,-6.225,0.73,0.27,0.91,5,2.45,1.39E-17,-1.39E-17,0,0.09,-18.9893867,-2.546814899,-4.005635262,-6.288835526,-21.9933548,-0.703408086,-5.293634892,-10.35250854,-17.98114014,-14.53244877,-9.459989071,18.9893867,15.85392275,-2.924113741,-1.697985592,-20.01395287,-3.517040429,-12.96940548,-1.44E-16,2.50E-16,0,-0.851399016
Nd,2,0.1,Li63NdP9S50Cl8F2,-7.289914051,-1.13904907,-0.2,0.2,0.1,-1,-6.4,0.8,0.2,0.9,5,2.6,0,0,0.1,0,-19.03789668,-2.546814899,-4.005635262,-6.288835526,-21.9933548,-0.703408086,-5.293634892,-6.590223312,-12.8370924,-10.90640306,-6.257771015,19.03789668,16.29961535,-3.204508209,-1.257767105,-19.79401932,-3.517040429,-13.76345072,0,0,-1.090640306,0
Nd,3,0.1,Li62NdP9S50Cl7F3,-7.160654128,-1.14570466,-0.3,0.3,0,-1,-6.25,0.7,0.3,0.9,5,2.5,-1.39E-17,1.39E-17,0,0.1,-19.10349398,-2.546814899,-4.005635262,-6.288835526,-21.9933548,-0.703408086,-5.293634892,-10.35250854,-17.98114014,-14.53244877,-9.459989071,19.10349398,15.91759312,-2.803944683,-1.886650658,-19.79401932,-3.517040429,-13.23408723,1.44E-16,-2.50E-16,0,-0.945998907
Nh,3,0.01,Li602NhP99S500Cl97F3,-7.391867643,-1.223819146,-0.03,0.03,0.01,-1,-6.04,0.97,0.03,0.99,5,2.05,0,0,0.01,0,-17.54619103,-2.546814899,-4.005635262,-6.288835526,-21.9933548,-0.703408086,-5.293634892,-4.778575897,-8.448339462,-10.4276185,-3.734259605,17.54619103,15.38276199,-3.885466204,-0.188665066,-21.77342125,-3.517040429,-10.85195153,0,0,-0.104276185,0
Nh,3,0.02,Li302NhP49S250Cl47F3,-7.428414315,-1.22177867,-0.06,0.06,0.02,-1,-6.08,0.94,0.06,0.98,5,2.1,0,0,0.02,0,-17.62529215,-2.546814899,-4.005635262,-6.288835526,-21.9933548,-0.703408086,-5.293634892,-4.778575897,-8.448339462,-10.4276185,-3.734259605,17.62529215,15.48463459,-3.765297146,-0.377330132,-21.5534877,-3.517040429,-11.11663327,0,0,-0.20855237,0
Nh,3,0.03,Li606Nh3P97S500Cl91F9,-7.461978412,-1.219277518,-0.09,0.09,0.03,-1,-6.12,0.91,0.09,0.97,5,2.15,0,0,0.03,0,-17.70737585,-2.546814899,-4.005635262,-6.288835526,-21.9933548,-0.703408086,-5.293634892,-4.778575897,-8.448339462,-10.4276185,-3.734259605,17.70737585,15.58650718,-3.645128088,-0.565995197,-21.33355415,-3.517040429,-11.38131502,0,0,-0.312828555,0
Nh,3,0.04,Li152NhP24S125Cl22F3,-7.492799564,-1.216363566,-0.12,0.12,0.04,-1,-6.16,0.88,0.12,0.96,5,2.2,0,0,0.04,0,-17.79220249,-2.546814899,-4.005635262,-6.288835526,-21.9933548,-0.703408086,-5.293634892,-4.778575897,-8.448339462,-10.4276185,-3.734259605,17.79220249,15.68837978,-3.52495903,-0.754660263,-21.11362061,-3.517040429,-11.64599676,0,0,-0.41710474,0
Nh,3,0.05,Li122NhP19S100Cl17F3,-7.521534347,-1.213150701,-0.15,0.15,0.05,-1,-6.2,0.85,0.15,0.95,5,2.25,-6.94E-18,6.94E-18,0.05,0,-17.8791155,-2.546814899,-4.005635262,-6.288835526,-21.9933548,-0.703408086,-5.293634892,-4.778575897,-8.448339462,-10.4276185,-3.734259605,17.8791155,15.79025237,-3.404789972,-0.943325329,-20.89368706,-3.517040429,-11.91067851,3.32E-17,-5.86E-17,-0.521380925,0
Nh,3,0.06,Li306Nh3P47S250Cl41F9,-7.548924744,-1.209763581,-0.18,0.18,0.06,-1,-6.24,0.82,0.18,0.94,5,2.3,0,0,0.06,0,-17.96737289,-2.546814899,-4.005635262,-6.288835526,-21.9933548,-0.703408086,-5.293634892,-4.778575897,-8.448339462,-10.4276185,-3.734259605,17.96737289,15.89212497,-3.284620914,-1.131990395,-20.67375351,-3.517040429,-12.17536025,0,0,-0.62565711,0
Nh,3,0.07,Li614Nh7P93S500Cl79F21,-7.575006169,-1.206211173,-0.21,0.21,0.07,-1,-6.28,0.79,0.21,0.93,5,2.35,-1.39E-17,1.39E-17,0.07,0,-18.05693926,-2.546814899,-4.005635262,-6.288835526,-21.9933548,-0.703408086,-5.293634892,-4.778575897,-8.448339462,-10.4276185,-3.734259605,18.05693926,15.99399757,-3.164451857,-1.32065546,-20.45381996,-3.517040429,-12.440042,6.63E-17,-1.17E-16,-0.729933295,0
Nh,3,0.08,Li154Nh2P23S125Cl19F6,-7.59911303,-1.202391302,-0.24,0.24,0.08,-1,-6.32,0.76,0.24,0.92,5,2.4,0,0,0.08,0,-18.1484802,-2.546814899,-4.005635262,-6.288835526,-21.9933548,-0.703408086,-5.293634892,-4.778575897,-8.448339462,-10.4276185,-3.734259605,18.1484802,16.09587016,-3.044282799,-1.509320526,-20.23388641,-3.517040429,-12.70472374,0,0,-0.83420948,0
Nh,3,0.09,Li618Nh9P91S500Cl73F27,-7.620448456,-1.198183719,-0.27,0.27,0.09,-1,-6.36,0.73,0.27,0.91,5,2.45,1.39E-17,-1.39E-17,0.09,0,-18.24279256,-2.546814899,-4.005635262,-6.288835526,-21.9933548,-0.703408086,-5.293634892,-4.778575897,-8.448339462,-10.4276185,-3.734259605,18.24279256,16.19774276,-2.924113741,-1.697985592,-20.01395287,-3.517040429,-12.96940548,-6.63E-17,1.17E-16,-0.938485665,0
Nh,3,0.1,Li62NhP9S50Cl7F3,-7.638215509,-1.193471173,-0.3,0.3,0.1,-1,-6.4,0.7,0.3,0.9,5,2.5,-1.39E-17,1.39E-17,0.1,0,-18.3406733,-2.546814899,-4.005635262,-6.288835526,-21.9933548,-0.703408086,-5.293634892,-4.778575897,-8.448339462,-10.4276185,-3.734259605,18.3406733,16.29961535,-2.803944683,-1.886650658,-19.79401932,-3.517040429,-13.23408723,6.63E-17,-1.17E-16,-1.04276185,0
Ni,2,0.01,Li603NiP99S500Cl98F2,-7.751937283,-1.283433325,-0.02,0.02,0.01,-1,-6.04,0.98,0.02,0.99,5,2.06,0,0,0.01,0,-17.17478366,-2.546814899,-4.005635262,-6.288835526,-21.9933548,-0.703408086,-5.293634892,-2.932944953,-6.622355461,-6.283410788,-2.417629242,17.17478366,15.38276199,-3.925522556,-0.125776711,-21.77342125,-3.517040429,-10.90488788,0,0,-0.062834108,0
Ni,3,0.01,Li602NiP99S500Cl97F3,-7.752208734,-1.283478267,-0.03,0.03,0.01,-1,-6.04,0.97,0.03,0.99,5,2.05,0,0,0.01,0,-17.17086256,-2.546814899,-4.005635262,-6.288835526,-21.9933548,-0.703408086,-5.293634892,-3.694811821,-7.575088501,-8.92888093,-2.723376751,17.17086256,15.38276199,-3.885466204,-0.188665066,-21.77342125,-3.517040429,-10.85195153,0,0,-0.089288809,0
Ni,4,0.01,Li601NiP99S500Cl96F4,-7.742934004,-1.281942716,-0.04,0.04,0.01,-1,-6.04,0.96,0.04,0.99,5,2.04,0,0,0.01,0,-17.16741112,-2.546814899,-4.005635262,-6.288835526,-21.9933548,-0.703408086,-5.293634892,-3.426079154,-8.890475035,-10.66669893,-2.791610062,17.16741112,15.38276199,-3.845409851,-0.251553421,-21.77342125,-3.517040429,-10.79901518,0,0,-0.106666989,0
Ni,2,0.02,Li303NiP49S250Cl48F2,-7.775033211,-1.278788357,-0.04,0.04,0.02,-1,-6.08,0.96,0.04,0.98,5,2.12,0,0,0.02,0,-17.25599779,-2.546814899,-4.005635262,-6.288835526,-21.9933548,-0.703408086,-5.293634892,-2.932944953,-6.622355461,-6.283410788,-2.417629242,17.25599779,15.48463459,-3.845409851,-0.251553421,-21.5534877,-3.517040429,-11.22250597,0,0,-0.125668216,0
Ni,3,0.02,Li302NiP49S250Cl47F3,-7.771734585,-1.27824582,-0.06,0.06,0.02,-1,-6.08,0.94,0.06,0.98,5,2.1,0,0,0.02,0,-17.25199713,-2.546814899,-4.005635262,-6.288835526,-21.9933548,-0.703408086,-5.293634892,-3.694811821,-7.575088501,-8.92888093,-2.723376751,17.25199713,15.48463459,-3.765297146,-0.377330132,-21.5534877,-3.517040429,-11.11663327,0,0,-0.178577619,0
Ni,4,0.02,Li301NiP49S250Cl46F4,-7.748638181,-1.274447069,-0.08,0.08,0.02,-1,-6.08,0.92,0.08,0.98,5,2.08,0,0,0.02,0,-17.2496412,-2.546814899,-4.005635262,-6.288835526,-21.9933548,-0.703408086,-5.293634892,-3.426079154,-8.890475035,-10.66669893,-2.791610062,17.2496412,15.48463459,-3.685184441,-0.503106842,-21.5534877,-3.517040429,-11.01076057,0,0,-0.213333979,0
Ni,2,0.03,Li609Ni3P97S500Cl94F6,-7.796346035,-1.273912751,-0.06,0.06,0.03,-1,-6.12,0.94,0.06,0.97,5,2.18,0,0,0.03,0,-17.33899503,-2.546814899,-4.005635262,-6.288835526,-21.9933548,-0.703408086,-5.293634892,-2.932944953,-6.622355461,-6.283410788,-2.417629242,17.33899503,15.58650718,-3.765297146,-0.377330132,-21.33355415,-3.517040429,-11.54012406,0,0,-0.188502324,0
Ni,3,0.03,Li606Ni3P97S500Cl91F9,-7.786429629,-1.272292423,-0.09,0.09,0.03,-1,-6.12,0.91,0.09,0.97,5,2.15,0,0,0.03,0,-17.3379625,-2.546814899,-4.005635262,-6.288835526,-21.9933548,-0.703408086,-5.293634892,-3.694811821,-7.575088501,-8.92888093,-2.723376751,17.3379625,15.58650718,-3.645128088,-0.565995197,-21.33355415,-3.517040429,-11.38131502,0,0,-0.267866428,0
Ni,4,0.03,Li603Ni3P97S500Cl88F12,-7.746452743,-1.265760252,-0.12,0.12,0.03,-1,-6.12,0.88,0.12,0.97,5,2.12,0,0,0.03,0,-17.33976089,-2.546814899,-4.005635262,-6.288835526,-21.9933548,-0.703408086,-5.293634892,-3.426079154,-8.890475035,-10.66669893,-2.791610062,17.33976089,15.58650718,-3.52495903,-0.754660263,-21.33355415,-3.517040429,-11.22250597,0,0,-0.320000968,0
Ni,2,0.04,Li153NiP24S125Cl23F2,-7.81561144,-1.268768091,-0.08,0.08,0.04,-1,-6.16,0.92,0.08,0.96,5,2.24,0,0,0.04,0,-17.42403969,-2.546814899,-4.005635262,-6.288835526,-21.9933548,-0.703408086,-5.293634892,-2.932944953,-6.622355461,-6.283410788,-2.417629242,17.42403969,15.68837978,-3.685184441,-0.503106842,-21.11362061,-3.517040429,-11.85774216,0,0,-0.251336432,0
Ni,3,0.04,Li152NiP24S125Cl22F3,-7.797092615,-1.265761788,-0.12,0.12,0.04,-1,-6.16,0.88,0.12,0.96,5,2.2,0,0,0.04,0,-17.42795993,-2.546814899,-4.005635262,-6.288835526,-21.9933548,-0.703408086,-5.293634892,-3.694811821,-7.575088501,-8.92888093,-2.723376751,17.42795993,15.68837978,-3.52495903,-0.754660263,-21.11362061,-3.517040429,-11.64599676,0,0,-0.357155237,0
Ni,4,0.04,Li151NiP24S125Cl21F4,-7.739557353,-1.256421648,-0.16,0.16,0.04,-1,-6.16,0.84,0.16,0.96,5,2.16,0,0,0.04,0,-17.43459053,-2.546814899,-4.005635262,-6.288835526,-21.9933548,-0.703408086,-5.293634892,-3.426079154,-8.890475035,-10.66669893,-2.791610062,17.43459053,15.68837978,-3.36473362,-1.006213684,-21.11362061,-3.517040429,-11.43425137,0,0,-0.426667957,0
Ni,2,0.05,Li123NiP19S100Cl18F2,-7.832685064,-1.263336301,-0.1,0.1,0.05,-1,-6.2,0.9,0.1,0.95,5,2.3,0,0,0.05,0,-17.51127613,-2.546814899,-4.005635262,-6.288835526,-21.9933548,-0.703408086,-5.293634892,-2.932944953,-6.622355461,-6.283410788,-2.417629242,17.51127613,15.79025237,-3.605071735,-0.628883553,-20.89368706,-3.517040429,-12.17536025,0,0,-0.314170539,0
Ni,3,0.05,Li122NiP19S100Cl17F3,-7.805142593,-1.258893967,-0.15,0.15,0.05,-1,-6.2,0.85,0.15,0.95,5,2.25,-6.94E-18,6.94E-18,0.05,0,-17.52057037,-2.546814899,-4.005635262,-6.288835526,-21.9933548,-0.703408086,-5.293634892,-3.694811821,-7.575088501,-8.92888093,-2.723376751,17.52057037,15.79025237,-3.404789972,-0.943325329,-20.89368706,-3.517040429,-11.91067851,2.56E-17,-5.26E-17,-0.446444046,0
Ni,4,0.05,Li121NiP19S100Cl16F4,-7.731961327,-1.247090537,-0.2,0.2,0.05,-1,-6.2,0.8,0.2,0.95,5,2.2,0,0,0.05,0,-17.53012081,-2.546814899,-4.005635262,-6.288835526,-21.9933548,-0.703408086,-5.293634892,-3.426079154,-8.890475035,-10.66669893,-2.791610062,17.53012081,15.79025237,-3.204508209,-1.257767105,-20.89368706,-3.517040429,-11.64599676,0,0,-0.533334947,0
Ni,2,0.06,Li309Ni3P47S250Cl44F6,-7.847712016,-1.257646156,-0.12,0.12,0.06,-1,-6.24,0.88,0.12,0.94,5,2.36,0,0,0.06,0,-17.60055924,-2.546814899,-4.005635262,-6.288835526,-21.9933548,-0.703408086,-5.293634892,-2.932944953,-6.622355461,-6.283410788,-2.417629242,17.60055924,15.89212497,-3.52495903,-0.754660263,-20.67375351,-3.517040429,-12.49297834,0,0,-0.377004647,0
Ni,3,0.06,Li306Ni3P47S250Cl41F9,-7.812514131,-1.25200547,-0.18,0.18,0.06,-1,-6.24,0.82,0.18,0.94,5,2.3,0,0,0.06,0,-17.61385925,-2.546814899,-4.005635262,-6.288835526,-21.9933548,-0.703408086,-5.293634892,-3.694811821,-7.575088501,-8.92888093,-2.723376751,17.61385925,15.89212497,-3.284620914,-1.131990395,-20.67375351,-3.517040429,-12.17536025,0,0,-0.535732856,0
Ni,4,0.06,Li303Ni3P47S250Cl38F12,-7.726747508,-1.238260819,-0.24,0.24,0.06,-1,-6.24,0.76,0.24,0.94,5,2.24,0,0,0.06,0,-17.62326888,-2.546814899,-4.005635262,-6.288835526,-21.9933548,-0.703408086,-5.293634892,-3.426079154,-8.890475035,-10.66669893,-2.791610062,17.62326888,15.89212497,-3.044282799,-1.509320526,-20.67375351,-3.517040429,-11.85774216,0,0,-0.640001936,0
Ni,2,0.07,Li621Ni7P93S500Cl86F14,-7.861204189,-1.251784106,-0.14,0.14,0.07,-1,-6.28,0.86,0.14,0.93,5,2.42,0,0,0.07,0,-17.69137713,-2.546814899,-4.005635262,-6.288835526,-21.9933548,-0.703408086,-5.293634892,-2.932944953,-6.622355461,-6.283410788,-2.417629242,17.69137713,15.99399757,-3.444846325,-0.880436974,-20.45381996,-3.517040429,-12.81059644,0,0,-0.439838755,0
Ni,3,0.07,Li614Ni7P93S500Cl79F21,-7.821045581,-1.245389424,-0.21,0.21,0.07,-1,-6.28,0.79,0.21,0.93,5,2.35,-1.39E-17,1.39E-17,0.07,0,-17.70598822,-2.546814899,-4.005635262,-6.288835526,-21.9933548,-0.703408086,-5.293634892,-3.694811821,-7.575088501,-8.92888093,-2.723376751,17.70598822,15.99399757,-3.164451857,-1.32065546,-20.45381996,-3.517040429,-12.440042,5.13E-17,-1.05E-16,-0.625021665,0
Ni,4,0.07,Li607Ni7P93S500Cl72F28,-7.724918819,-1.230082615,-0.28,0.28,0.07,-1,-6.28,0.72,0.28,0.93,5,2.28,0,0,0.07,0,-17.71303182,-2.546814899,-4.005635262,-6.288835526,-21.9933548,-0.703408086,-5.293634892,-3.426079154,-8.890475035,-10.66669893,-2.791610062,17.71303182,15.99399757,-2.884057388,-1.760873947,-20.45381996,-3.517040429,-12.06948755,0,0,-0.746668925,0
Ni,2,0.08,Li156Ni2P23S125Cl21F4,-7.874053883,-1.245894602,-0.16,0.16,0.08,-1,-6.32,0.84,0.16,0.92,5,2.48,0,0,0.08,0,-17.7828375,-2.546814899,-4.005635262,-6.288835526,-21.9933548,-0.703408086,-5.293634892,-2.932944953,-6.622355461,-6.283410788,-2.417629242,17.7828375,16.09587016,-3.36473362,-1.006213684,-20.23388641,-3.517040429,-13.12821453,0,0,-0.502672863,0
Ni,3,0.08,Li154Ni2P23S125Cl19F6,-7.831772293,-1.239204477,-0.24,0.24,0.08,-1,-6.32,0.76,0.24,0.92,5,2.4,0,0,0.08,0,-17.79592193,-2.546814899,-4.005635262,-6.288835526,-21.9933548,-0.703408086,-5.293634892,-3.694811821,-7.575088501,-8.92888093,-2.723376751,17.79592193,16.09587016,-3.044282799,-1.509320526,-20.23388641,-3.517040429,-12.70472374,0,0,-0.714310474,0
Ni,4,0.08,Li152Ni2P23S125Cl17F8,-7.725472912,-1.222384954,-0.32,0.32,0.08,-1,-6.32,0.68,0.32,0.92,5,2.32,0,0,0.08,0,-17.80041198,-2.546814899,-4.005635262,-6.288835526,-21.9933548,-0.703408086,-5.293634892,-3.426079154,-8.890475035,-10.66669893,-2.791610062,17.80041198,16.09587016,-2.723831978,-2.012427368,-20.23388641,-3.517040429,-12.28123295,0,0,-0.853335915,0
Ni,2,0.09,Li627Ni9P91S500Cl82F18,-7.887300775,-1.240141631,-0.18,0.18,0.09,-1,-6.36,0.82,0.18,0.91,5,2.54,0,0,0.09,0,-17.87390067,-2.546814899,-4.005635262,-6.288835526,-21.9933548,-0.703408086,-5.293634892,-2.932944953,-6.622355461,-6.283410788,-2.417629242,17.87390067,16.19774276,-3.284620914,-1.131990395,-20.01395287,-3.517040429,-13.44583262,0,0,-0.565506971,0
Ni,3,0.09,Li618Ni9P91S500Cl73F27,-7.844604628,-1.233428401,-0.27,0.27,0.09,-1,-6.36,0.73,0.27,0.91,5,2.45,1.39E-17,-1.39E-17,0.09,0,-17.88375001,-2.546814899,-4.005635262,-6.288835526,-21.9933548,-0.703408086,-5.293634892,-3.694811821,-7.575088501,-8.92888093,-2.723376751,17.88375001,16.19774276,-2.924113741,-1.697985592,-20.01395287,-3.517040429,-12.96940548,-5.13E-17,1.05E-16,-0.803599284,0
Ni,4,0.09,Li609Ni9P91S500Cl64F36,-7.727068851,-1.214947933,-0.36,0.36,0.09,-1,-6.36,0.64,0.36,0.91,5,2.36,0,0,0.09,0,-17.88675029,-2.546814899,-4.005635262,-6.288835526,-21.9933548,-0.703408086,-5.293634892,-3.426079154,-8.890475035,-10.66669893,-2.791610062,17.88675029,16.19774276,-2.563606567,-2.263980789,-20.01395287,-3.517040429,-12.49297834,0,0,-0.960002904,0
Ni,2,0.1,Li63NiP9S50Cl8F2,-7.901830664,-1.234661041,-0.2,0.2,0.1,-1,-6.4,0.8,0.2,0.9,5,2.6,0,0,0.1,0,-17.96368084,-2.546814899,-4.005635262,-6.288835526,-21.9933548,-0.703408086,-5.293634892,-2.932944953,-6.622355461,-6.283410788,-2.417629242,17.96368084,16.29961535,-3.204508209,-1.257767105,-19.79401932,-3.517040429,-13.76345072,0,0,-0.628341079,0
Ni,3,0.1,Li62NiP9S50Cl7F3,-7.858599463,-1.227906166,-0.3,0.3,0.1,-1,-6.4,0.7,0.3,0.9,5,2.5,-1.39E-17,1.39E-17,0.1,0,-17.97041559,-2.546814899,-4.005635262,-6.288835526,-21.9933548,-0.703408086,-5.293634892,-3.694811821,-7.575088501,-8.92888093,-2.723376751,17.97041559,16.29961535,-2.803944683,-1.886650658,-19.79401932,-3.517040429,-13.23408723,5.13E-17,-1.05E-16,-0.892888093,0
Ni,4,0.1,Li61NiP9S50Cl6F4,-7.729962269,-1.207806604,-0.4,0.4,0.1,-1,-6.4,0.6,0.4,0.9,5,2.4,0,0,0.1,0,-17.97179112,-2.546814899,-4.005635262,-6.288835526,-21.9933548,-0.703408086,-5.293634892,-3.426079154,-8.890475035,-10.66669893,-2.791610062,17.97179112,16.29961535,-2.403381157,-2.51553421,-19.79401932,-3.517040429,-12.70472374,0,0,-1.066669893,0
No,2,0.01,Li603NoP99S500Cl98F2,-7.653851438,-1.269295429,-0.02,0.02,0,-1,-6.03,0.98,0.02,0.99,5,2.06,0,0,0,0.01,-17.26920858,-2.546814899,-4.005635262,-6.288835526,-21.9933548,-0.703408086,-5.293634892,-2.917362571,-7.566568851,-7.036356926,-3.370504141,17.26920858,15.35729384,-3.925522556,-0.125776711,-21.77342125,-3.517040429,-10.90488788,0,0,0,-0.033705041
No,3,0.01,Li602NoP99S500Cl97F3,-7.646798407,-1.269178159,-0.03,0.03,0,-1,-6.025,0.97,0.03,0.99,5,2.05,0,0,0,0.01,-17.26704806,-2.546814899,-4.005635262,-6.288835526,-21.9933548,-0.703408086,-5.293634892,-3.470193386,-10.36188126,-9.739607096,-4.186175466,17.26704806,15.34455977,-3.885466204,-0.188665066,-21.77342125,-3.517040429,-10.85195153,0,0,0,-0.041861755
No,2,0.02,Li303NoP49S250Cl48F2,-7.674375263,-1.266398558,-0.04,0.04,0,-1,-6.06,0.96,0.04,0.98,5,2.12,0,0,0,0.02,-17.3493339,-2.546814899,-4.005635262,-6.288835526,-21.9933548,-0.703408086,-5.293634892,-2.917362571,-7.566568851,-7.036356926,-3.370504141,17.3493339,15.43369829,-3.845409851,-0.251553421,-21.5534877,-3.517040429,-11.22250597,0,0,0,-0.067410083
No,3,0.02,Li302NoP49S250Cl47F3,-7.658210813,-1.265819969,-0.06,0.06,0,-1,-6.05,0.94,0.06,0.98,5,2.1,0,0,0,0.02,-17.34707124,-2.546814899,-4.005635262,-6.288835526,-21.9933548,-0.703408086,-5.293634892,-3.470193386,-10.36188126,-9.739607096,-4.186175466,17.34707124,15.40823014,-3.765297146,-0.377330132,-21.5534877,-3.517040429,-11.11663327,0,0,0,-0.083723509
No,2,0.03,Li609No3P97S500Cl94F6,-7.693958387,-1.263375761,-0.06,0.06,0,-1,-6.09,0.94,0.06,0.97,5,2.18,0,0,0,0.03,-17.43039993,-2.546814899,-4.005635262,-6.288835526,-21.9933548,-0.703408086,-5.293634892,-2.917362571,-7.566568851,-7.036356926,-3.370504141,17.43039993,15.51010274,-3.765297146,-0.377330132,-21.33355415,-3.517040429,-11.54012406,0,0,0,-0.101115124
No,3,0.03,Li606No3P97S500Cl91F9,-7.666851347,-1.262033144,-0.09,0.09,0,-1,-6.075,0.91,0.09,0.97,5,2.15,0,0,0,0.03,-17.42986629,-2.546814899,-4.005635262,-6.288835526,-21.9933548,-0.703408086,-5.293634892,-3.470193386,-10.36188126,-9.739607096,-4.186175466,17.42986629,15.47190051,-3.645128088,-0.565995197,-21.33355415,-3.517040429,-11.38131502,0,0,0,-0.125585264
No,2,0.04,Li153NoP24S125Cl23F2,-7.712603436,-1.26022932,-0.08,0.08,0,-1,-6.12,0.92,0.08,0.96,5,2.24,0,0,0,0.04,-17.51240402,-2.546814899,-4.005635262,-6.288835526,-21.9933548,-0.703408086,-5.293634892,-2.917362571,-7.566568851,-7.036356926,-3.370504141,17.51240402,15.58650718,-3.685184441,-0.503106842,-21.11362061,-3.517040429,-11.85774216,0,0,0,-0.134820166
No,3,0.04,Li152NoP24S125Cl22F3,-7.673066659,-1.25787978,-0.12,0.12,0,-1,-6.1,0.88,0.12,0.96,5,2.2,0,0,0,0.04,-17.51508657,-2.546814899,-4.005635262,-6.288835526,-21.9933548,-0.703408086,-5.293634892,-3.470193386,-10.36188126,-9.739607096,-4.186175466,17.51508657,15.53557088,-3.52495903,-0.754660263,-21.11362061,-3.517040429,-11.64599676,0,0,0,-0.167447019
No,2,0.05,Li123NoP19S100Cl18F2,-7.730178295,-1.25693956,-0.1,0.1,0,-1,-6.15,0.9,0.1,0.95,5,2.3,0,0,0,0.05,-17.59547831,-2.546814899,-4.005635262,-6.288835526,-21.9933548,-0.703408086,-5.293634892,-2.917362571,-7.566568851,-7.036356926,-3.370504141,17.59547831,15.66291163,-3.605071735,-0.628883553,-20.89368706,-3.517040429,-12.17536025,0,0,0,-0.168525207
No,3,0.05,Li122NoP19S100Cl17F3,-7.677266494,-1.253431264,-0.15,0.15,0,-1,-6.125,0.85,0.15,0.95,5,2.25,-6.94E-18,6.94E-18,0,0.05,-17.60232232,-2.546814899,-4.005635262,-6.288835526,-21.9933548,-0.703408086,-5.293634892,-3.470193386,-10.36188126,-9.739607096,-4.186175466,17.60232232,15.59924126,-3.404789972,-0.943325329,-20.89368706,-3.517040429,-11.91067851,2.41E-17,-7.19E-17,0,-0.209308773
No,2,0.06,Li309No3P47S250Cl44F6,-7.746596826,-1.253494632,-0.12,0.12,0,-1,-6.18,0.88,0.12,0.94,5,2.36,0,0,0,0.06,-17.67970892,-2.546814899,-4.005635262,-6.288835526,-21.9933548,-0.703408086,-5.293634892,-2.917362571,-7.566568851,-7.036356926,-3.370504141,17.67970892,15.73931608,-3.52495903,-0.754660263,-20.67375351,-3.517040429,-12.49297834,0,0,0,-0.202230248
No,3,0.06,Li306No3P47S250Cl41F9,-7.680118101,-1.248799691,-0.18,0.18,0,-1,-6.15,0.82,0.18,0.94,5,2.3,0,0,0,0.06,-17.6909063,-2.546814899,-4.005635262,-6.288835526,-21.9933548,-0.703408086,-5.293634892,-3.470193386,-10.36188126,-9.739607096,-4.186175466,17.6909063,15.66291163,-3.284620914,-1.131990395,-20.67375351,-3.517040429,-12.17536025,0,0,0,-0.251170528
No,2,0.07,Li621No7P93S500Cl86F14,-7.761923339,-1.24990714,-0.14,0.14,0,-1,-6.21,0.86,0.14,0.93,5,2.42,0,0,0,0.07,-17.76503155,-2.546814899,-4.005635262,-6.288835526,-21.9933548,-0.703408086,-5.293634892,-2.917362571,-7.566568851,-7.036356926,-3.370504141,17.76503155,15.81572052,-3.444846325,-0.880436974,-20.45381996,-3.517040429,-12.81059644,0,0,0,-0.23593529
No,3,0.07,Li614No7P93S500Cl79F21,-7.682465153,-1.244123911,-0.21,0.21,0,-1,-6.175,0.79,0.21,0.93,5,2.35,-1.39E-17,1.39E-17,0,0.07,-17.77999483,-2.546814899,-4.005635262,-6.288835526,-21.9933548,-0.703408086,-5.293634892,-3.470193386,-10.36188126,-9.739607096,-4.186175466,17.77999483,15.726582,-3.164451857,-1.32065546,-20.45381996,-3.517040429,-12.440042,4.82E-17,-1.44E-16,0,-0.293032283
No,2,0.08,Li156No2P23S125Cl21F4,-7.776404293,-1.246218637,-0.16,0.16,0,-1,-6.24,0.84,0.16,0.92,5,2.48,0,0,0,0.08,-17.85119975,-2.546814899,-4.005635262,-6.288835526,-21.9933548,-0.703408086,-5.293634892,-2.917362571,-7.566568851,-7.036356926,-3.370504141,17.85119975,15.89212497,-3.36473362,-1.006213684,-20.23388641,-3.517040429,-13.12821453,0,0,0,-0.269640331
No,3,0.08,Li154No2P23S125Cl19F6,-7.685137664,-1.239538333,-0.24,0.24,0,-1,-6.2,0.76,0.24,0.92,5,2.4,0,0,0,0.08,-17.86875791,-2.546814899,-4.005635262,-6.288835526,-21.9933548,-0.703408086,-5.293634892,-3.470193386,-10.36188126,-9.739607096,-4.186175466,17.86875791,15.79025237,-3.044282799,-1.509320526,-20.23388641,-3.517040429,-12.70472374,0,0,0,-0.334894037
No,2,0.09,Li627No9P91S500Cl82F18,-7.790422899,-1.24249169,-0.18,0.18,0,-1,-6.27,0.82,0.18,0.91,5,2.54,0,0,0,0.09,-17.93783028,-2.546814899,-4.005635262,-6.288835526,-21.9933548,-0.703408086,-5.293634892,-2.917362571,-7.566568851,-7.036356926,-3.370504141,17.93783028,15.96852942,-3.284620914,-1.131990395,-20.01395287,-3.517040429,-13.44583262,0,0,0,-0.303345373
No,3,0.09,Li618No9P91S500Cl73F27,-7.688771168,-1.235143963,-0.27,0.27,0,-1,-6.225,0.73,0.27,0.91,5,2.45,1.39E-17,-1.39E-17,0,0.09,-17.95655999,-2.546814899,-4.005635262,-6.288835526,-21.9933548,-0.703408086,-5.293634892,-3.470193386,-10.36188126,-9.739607096,-4.186175466,17.95655999,15.85392275,-2.924113741,-1.697985592,-20.01395287,-3.517040429,-12.96940548,-4.82E-17,1.44E-16,0,-0.376755792
No,2,0.1,Li63NoP9S50Cl8F2,-7.804513324,-1.238811639,-0.2,0.2,0,-1,-6.3,0.8,0.2,0.9,5,2.6,0,0,0,0.1,-18.024389,-2.546814899,-4.005635262,-6.288835526,-21.9933548,-0.703408086,-5.293634892,-2.917362571,-7.566568851,-7.036356926,-3.370504141,18.024389,16.04493386,-3.204508209,-1.257767105,-19.79401932,-3.517040429,-13.76345072,0,0,0,-0.337050414
No,3,0.1,Li62NoP9S50Cl7F3,-7.693717075,-1.230994732,-0.3,0.3,0,-1,-6.25,0.7,0.3,0.9,5,2.5,-1.39E-17,1.39E-17,0,0.1,-18.04304967,-2.546814899,-4.005635262,-6.288835526,-21.9933548,-0.703408086,-5.293634892,-3.470193386,-10.36188126,-9.739607096,-4.186175466,18.04304967,15.91759312,-2.803944683,-1.886650658,-19.79401932,-3.517040429,-13.23408723,4.82E-17,-1.44E-16,0,-0.418617547
Np,3,0.01,Li602NpP99S500Cl97F3,-7.277642112,-1.207907405,-0.03,0.03,0,-1,-6.025,0.97,0.03,0.99,5,2.05,0,0,0,0.01,-17.67606651,-2.546814899,-4.005635262,-6.288835526,-21.9933548,-0.703408086,-5.293634892,-9.422908783,-16.30098152,-13.04509079,-8.172391653,17.67606651,15.34455977,-3.885466204,-0.188665066,-21.77342125,-3.517040429,-10.85195153,0,0,0,-0.081723917
Np,4,0.01,Li601NpP99S500Cl96F4,-7.288139202,-1.210654352,-0.04,0.04,0,-1,-6.02,0.96,0.04,0.99,5,2.04,0,0,0,0.01,-17.67463873,-2.546814899,-4.005635262,-6.288835526,-21.9933548,-0.703408086,-5.293634892,-10.13519168,-20.26232719,-16.92973745,-10.81634903,17.67463873,15.33182569,-3.845409851,-0.251553421,-21.77342125,-3.517040429,-10.79901518,0,0,0,-0.10816349
Np,5,0.01,Li600NpP99S500Cl95F5,-7.285197072,-1.211171583,-0.05,0.05,0,-1,-6.015,0.95,0.05,0.99,5,2.03,0,0,0,0.01,-17.67383695,-2.546814899,-4.005635262,-6.288835526,-21.9933548,-0.703408086,-5.293634892,-11.55116701,-21.27386856,-20.56803179,-12.17898536,17.67383695,15.31909162,-3.805353498,-0.314441776,-21.77342125,-3.517040429,-10.74607883,0,0,0,-0.121789854
Np,6,0.01,Li599NpP99S500Cl94F6,-7.278060768,-1.210991808,-0.06,0.06,0,-1,-6.01,0.94,0.06,0.99,5,2.02,0,0,0,0.01,-17.67360549,-2.546814899,-4.005635262,-6.288835526,-21.9933548,-0.703408086,-5.293634892,-11.8554641,-23.07436991,-24.31302357,-13.17923641,17.67360549,15.30635754,-3.765297146,-0.377330132,-21.77342125,-3.517040429,-10.69314248,0,0,0,-0.131792364
Np,7,0.01,Li598NpP99S500Cl93F7,-7.317222666,-1.211460706,-0.07,0.07,0.01,-1,-6.04,0.93,0.07,0.99,5,2.01,0,0,0.01,0,-17.67388419,-2.546814899,-4.005635262,-6.288835526,-21.9933548,-0.703408086,-5.293634892,-14.01983452,-25.55666733,-27.774176,-13.54313207,17.67388419,15.38276199,-3.725240793,-0.440218487,-21.77342125,-3.517040429,-10.64020613,0,0,-0.27774176,0
Np,3,0.02,Li302NpP49S250Cl47F3,-7.323781923,-1.210542467,-0.06,0.06,0,-1,-6.05,0.94,0.06,0.98,5,2.1,0,0,0,0.02,-17.76122445,-2.546814899,-4.005635262,-6.288835526,-21.9933548,-0.703408086,-5.293634892,-9.422908783,-16.30098152,-13.04509079,-8.172391653,17.76122445,15.40823014,-3.765297146,-0.377330132,-21.5534877,-3.517040429,-11.11663327,0,0,0,-0.163447833
Np,4,0.02,Li301NpP49S250Cl46F4,-7.34174063,-1.215519972,-0.08,0.08,0,-1,-6.04,0.92,0.08,0.98,5,2.08,0,0,0,0.02,-17.76140435,-2.546814899,-4.005635262,-6.288835526,-21.9933548,-0.703408086,-5.293634892,-10.13519168,-20.26232719,-16.92973745,-10.81634903,17.76140435,15.38276199,-3.685184441,-0.503106842,-21.5534877,-3.517040429,-11.01076057,0,0,0,-0.216326981
Np,5,0.02,Li300NpP49S250Cl45F5,-7.332393578,-1.215985668,-0.1,0.1,0,-1,-6.03,0.9,0.1,0.98,5,2.06,0,0,0,0.02,-17.76326358,-2.546814899,-4.005635262,-6.288835526,-21.9933548,-0.703408086,-5.293634892,-11.55116701,-21.27386856,-20.56803179,-12.17898536,17.76326358,15.35729384,-3.605071735,-0.628883553,-21.5534877,-3.517040429,-10.90488788,0,0,0,-0.243579707
Np,6,0.02,Li299NpP49S250Cl44F6,-7.314526833,-1.21503768,-0.12,0.12,0,-1,-6.02,0.88,0.12,0.98,5,2.04,0,0,0,0.02,-17.76639481,-2.546814899,-4.005635262,-6.288835526,-21.9933548,-0.703408086,-5.293634892,-11.8554641,-23.07436991,-24.31302357,-13.17923641,17.76639481,15.33182569,-3.52495903,-0.754660263,-21.5534877,-3.517040429,-10.79901518,0,0,0,-0.263584728
Np,7,0.02,Li298NpP49S250Cl43F7,-7.389383456,-1.215359121,-0.14,0.14,0.02,-1,-6.08,0.86,0.14,0.98,5,2.02,0,0,0.02,0,-17.77041939,-2.546814899,-4.005635262,-6.288835526,-21.9933548,-0.703408086,-5.293634892,-14.01983452,-25.55666733,-27.774176,-13.54313207,17.77041939,15.48463459,-3.444846325,-0.880436974,-21.5534877,-3.517040429,-10.69314248,0,0,-0.55548352,0
Np,3,0.03,Li606Np3P97S500Cl91F9,-7.36807639,-1.212852081,-0.09,0.09,0,-1,-6.075,0.91,0.09,0.97,5,2.15,0,0,0,0.03,-17.84822773,-2.546814899,-4.005635262,-6.288835526,-21.9933548,-0.703408086,-5.293634892,-9.422908783,-16.30098152,-13.04509079,-8.172391653,17.84822773,15.47190051,-3.645128088,-0.565995197,-21.33355415,-3.517040429,-11.38131502,0,0,0,-0.24517175
Np,4,0.03,Li603Np3P97S500Cl88F12,-7.392020535,-1.219805369,-0.12,0.12,0,-1,-6.06,0.88,0.12,0.97,5,2.12,0,0,0,0.03,-17.85149149,-2.546814899,-4.005635262,-6.288835526,-21.9933548,-0.703408086,-5.293634892,-10.13519168,-20.26232719,-16.92973745,-10.81634903,17.85149149,15.43369829,-3.52495903,-0.754660263,-21.33355415,-3.517040429,-11.22250597,0,0,0,-0.324490471
Np,5,0.03,Li600Np3P97S500Cl85F15,-7.375294257,-1.22006522,-0.15,0.15,0,-1,-6.045,0.85,0.15,0.97,5,2.09,0,0,0,0.03,-17.85698605,-2.546814899,-4.005635262,-6.288835526,-21.9933548,-0.703408086,-5.293634892,-11.55116701,-21.27386856,-20.56803179,-12.17898536,17.85698605,15.39549606,-3.404789972,-0.943325329,-21.33355415,-3.517040429,-11.06369692,0,0,0,-0.365369561
Np,6,0.03,Li597Np3P97S500Cl82F18,-7.346546231,-1.218332708,-0.18,0.18,0,-1,-6.03,0.82,0.18,0.97,5,2.06,0,0,0,0.03,-17.86363079,-2.546814899,-4.005635262,-6.288835526,-21.9933548,-0.703408086,-5.293634892,-11.8554641,-23.07436991,-24.31302357,-13.17923641,17.86363079,15.35729384,-3.284620914,-1.131990395,-21.33355415,-3.517040429,-10.90488788,0,0,0,-0.395377092
Np,7,0.03,Li594Np3P97S500Cl79F21,-7.457991153,-1.218626005,-0.21,0.21,0.03,-1,-6.12,0.79,0.21,0.97,5,2.03,0,0,0.03,0,-17.87050767,-2.546814899,-4.005635262,-6.288835526,-21.9933548,-0.703408086,-5.293634892,-14.01983452,-25.55666733,-27.774176,-13.54313207,17.87050767,15.58650718,-3.164451857,-1.32065546,-21.33355415,-3.517040429,-10.74607883,0,0,-0.83322528,0
Np,3,0.04,Li152NpP24S125Cl22F3,-7.411188335,-1.214948907,-0.12,0.12,0,-1,-6.1,0.88,0.12,0.96,5,2.2,0,0,0,0.04,-17.93641354,-2.546814899,-4.005635262,-6.288835526,-21.9933548,-0.703408086,-5.293634892,-9.422908783,-16.30098152,-13.04509079,-8.172391653,17.93641354,15.53557088,-3.52495903,-0.754660263,-21.11362061,-3.517040429,-11.64599676,0,0,0,-0.326895666
Np,4,0.04,Li151NpP24S125Cl21F4,-7.440808934,-1.223817259,-0.16,0.16,0,-1,-6.08,0.84,0.16,0.96,5,2.16,0,0,0,0.04,-17.94307014,-2.546814899,-4.005635262,-6.288835526,-21.9933548,-0.703408086,-5.293634892,-10.13519168,-20.26232719,-16.92973745,-10.81634903,17.94307014,15.48463459,-3.36473362,-1.006213684,-21.11362061,-3.517040429,-11.43425137,0,0,0,-0.432653961
Np,5,0.04,Li150NpP24S125Cl20F5,-7.417280601,-1.223973697,-0.2,0.2,0,-1,-6.06,0.8,0.2,0.96,5,2.12,0,0,0,0.04,-17.95162284,-2.546814899,-4.005635262,-6.288835526,-21.9933548,-0.703408086,-5.293634892,-11.55116701,-21.27386856,-20.56803179,-12.17898536,17.95162284,15.43369829,-3.204508209,-1.257767105,-21.11362061,-3.517040429,-11.22250597,0,0,0,-0.487159414
Np,6,0.04,Li149NpP24S125Cl19F6,-7.379037941,-1.221695023,-0.24,0.24,0,-1,-6.04,0.76,0.24,0.96,5,2.08,0,0,0,0.04,-17.96039446,-2.546814899,-4.005635262,-6.288835526,-21.9933548,-0.703408086,-5.293634892,-11.8554641,-23.07436991,-24.31302357,-13.17923641,17.96039446,15.38276199,-3.044282799,-1.509320526,-21.11362061,-3.517040429,-11.01076057,0,0,0,-0.527169456
Np,7,0.04,Li148NpP24S125Cl18F7,-7.530113426,-1.222421011,-0.28,0.28,0.04,-1,-6.16,0.72,0.28,0.96,5,2.04,0,0,0.04,0,-17.96708138,-2.546814899,-4.005635262,-6.288835526,-21.9933548,-0.703408086,-5.293634892,-14.01983452,-25.55666733,-27.774176,-13.54313207,17.96708138,15.68837978,-2.884057388,-1.760873947,-21.11362061,-3.517040429,-10.79901518,0,0,-1.11096704,0
Np,3,0.05,Li122NpP19S100Cl17F3,-7.453452048,-1.21689013,-0.15,0.15,0,-1,-6.125,0.85,0.15,0.95,5,2.25,-6.94E-18,6.94E-18,0,0.05,-18.02544757,-2.546814899,-4.005635262,-6.288835526,-21.9933548,-0.703408086,-5.293634892,-9.422908783,-16.30098152,-13.04509079,-8.172391653,18.02544757,15.59924126,-3.404789972,-0.943325329,-20.89368706,-3.517040429,-11.91067851,6.54E-17,-1.13E-16,0,-0.408619583
Np,4,0.05,Li121NpP19S100Cl16F4,-7.489221201,-1.22774118,-0.2,0.2,0,-1,-6.1,0.8,0.2,0.95,5,2.2,0,0,0,0.05,-18.03502493,-2.546814899,-4.005635262,-6.288835526,-21.9933548,-0.703408086,-5.293634892,-10.13519168,-20.26232719,-16.92973745,-10.81634903,18.03502493,15.53557088,-3.204508209,-1.257767105,-20.89368706,-3.517040429,-11.64599676,0,0,0,-0.540817451
Np,5,0.05,Li120NpP19S100Cl15F5,-7.459676072,-1.227930218,-0.25,0.25,0,-1,-6.075,0.75,0.25,0.95,5,2.15,0,0,0,0.05,-18.04585052,-2.546814899,-4.005635262,-6.288835526,-21.9933548,-0.703408086,-5.293634892,-11.55116701,-21.27386856,-20.56803179,-12.17898536,18.04585052,15.47190051,-3.004226446,-1.572208881,-20.89368706,-3.517040429,-11.38131502,0,0,0,-0.608949268
Np,6,0.05,Li119NpP19S100Cl14F6,-7.41392016,-1.225441349,-0.3,0.3,0,-1,-6.05,0.7,0.3,0.95,5,2.1,-6.94E-18,6.94E-18,0,0.05,-18.05476762,-2.546814899,-4.005635262,-6.288835526,-21.9933548,-0.703408086,-5.293634892,-11.8554641,-23.07436991,-24.31302357,-13.17923641,18.05476762,15.40823014,-2.803944683,-1.886650658,-20.89368706,-3.517040429,-11.11663327,8.23E-17,-1.60E-16,0,-0.658961821
Np,7,0.05,Li118NpP19S100Cl13F7,-7.60970177,-1.227371253,-0.35,0.35,0.05,-1,-6.2,0.65,0.35,0.95,5,2.05,-6.94E-18,6.94E-18,0.05,0,-18.05618902,-2.546814899,-4.005635262,-6.288835526,-21.9933548,-0.703408086,-5.293634892,-14.01983452,-25.55666733,-27.774176,-13.54313207,18.05618902,15.79025237,-2.60366292,-2.201092434,-20.89368706,-3.517040429,-10.85195153,9.73E-17,-1.77E-16,-1.3887088,0
Np,3,0.06,Li306Np3P47S250Cl41F9,-7.495089717,-1.218713775,-0.18,0.18,0,-1,-6.15,0.82,0.18,0.94,5,2.3,0,0,0,0.06,-18.11510765,-2.546814899,-4.005635262,-6.288835526,-21.9933548,-0.703408086,-5.293634892,-9.422908783,-16.30098152,-13.04509079,-8.172391653,18.11510765,15.66291163,-3.284620914,-1.131990395,-20.67375351,-3.517040429,-12.17536025,0,0,0,-0.490343499
Np,4,0.06,Li303Np3P47S250Cl38F12,-7.537406204,-1.231602321,-0.24,0.24,0,-1,-6.12,0.76,0.24,0.94,5,2.24,0,0,0,0.06,-18.12720698,-2.546814899,-4.005635262,-6.288835526,-21.9933548,-0.703408086,-5.293634892,-10.13519168,-20.26232719,-16.92973745,-10.81634903,18.12720698,15.58650718,-3.044282799,-1.509320526,-20.67375351,-3.517040429,-11.85774216,0,0,0,-0.648980942
Np,5,0.06,Li300Np3P47S250Cl35F15,-7.502291602,-1.231903383,-0.3,0.3,0,-1,-6.09,0.7,0.3,0.94,5,2.18,0,0,0,0.06,-18.13985813,-2.546814899,-4.005635262,-6.288835526,-21.9933548,-0.703408086,-5.293634892,-11.55116701,-21.27386856,-20.56803179,-12.17898536,18.13985813,15.51010274,-2.803944683,-1.886650658,-20.67375351,-3.517040429,-11.54012406,0,0,0,-0.730739121
Np,6,0.06,Li297Np3P47S250Cl32F18,-7.45207935,-1.229716064,-0.36,0.36,0,-1,-6.06,0.64,0.36,0.94,5,2.12,0,0,0,0.06,-18.14586381,-2.546814899,-4.005635262,-6.288835526,-21.9933548,-0.703408086,-5.293634892,-11.8554641,-23.07436991,-24.31302357,-13.17923641,18.14586381,15.43369829,-2.563606567,-2.263980789,-20.67375351,-3.517040429,-11.22250597,0,0,0,-0.790754185
Np,7,0.06,Li294Np3P47S250Cl29F21,-7.699815574,-1.233944803,-0.42,0.42,0.06,-1,-6.24,0.58,0.42,0.94,5,2.06,0,0,0.06,0,-18.1347712,-2.546814899,-4.005635262,-6.288835526,-21.9933548,-0.703408086,-5.293634892,-14.01983452,-25.55666733,-27.774176,-13.54313207,18.1347712,15.89212497,-2.323268452,-2.641310921,-20.67375351,-3.517040429,-10.90488788,0,0,-1.66645056,0
Np,3,0.07,Li614Np7P93S500Cl79F21,-7.536074277,-1.220416887,-0.21,0.21,0,-1,-6.175,0.79,0.21,0.93,5,2.35,-1.39E-17,1.39E-17,0,0.07,-18.20542084,-2.546814899,-4.005635262,-6.288835526,-21.9933548,-0.703408086,-5.293634892,-9.422908783,-16.30098152,-13.04509079,-8.172391653,18.20542084,15.726582,-3.164451857,-1.32065546,-20.45381996,-3.517040429,-12.440042,1.31E-16,-2.26E-16,0,-0.572067416
Np,4,0.07,Li607Np7P93S500Cl72F28,-7.584519226,-1.235263718,-0.28,0.28,0,-1,-6.14,0.72,0.28,0.93,5,2.28,0,0,0,0.07,-18.220461,-2.546814899,-4.005635262,-6.288835526,-21.9933548,-0.703408086,-5.293634892,-10.13519168,-20.26232719,-16.92973745,-10.81634903,18.220461,15.63744348,-2.884057388,-1.760873947,-20.45381996,-3.517040429,-12.06948755,0,0,0,-0.757144432
Np,5,0.07,Li600Np7P93S500Cl65F35,-7.544392626,-1.235772748,-0.35,0.35,0,-1,-6.105,0.65,0.35,0.93,5,2.21,-1.39E-17,1.39E-17,0,0.07,-18.23438025,-2.546814899,-4.005635262,-6.288835526,-21.9933548,-0.703408086,-5.293634892,-11.55116701,-21.27386856,-20.56803179,-12.17898536,18.23438025,15.54830496,-2.60366292,-2.201092434,-20.45381996,-3.517040429,-11.69893311,1.60E-16,-2.95E-16,0,-0.852528975
Np,6,0.07,Li593Np7P93S500Cl58F42,-7.49542423,-1.23483101,-0.42,0.42,0,-1,-6.07,0.58,0.42,0.93,5,2.14,-1.39E-17,1.39E-17,0,0.07,-18.23177431,-2.546814899,-4.005635262,-6.288835526,-21.9933548,-0.703408086,-5.293634892,-11.8554641,-23.07436991,-24.31302357,-13.17923641,18.23177431,15.45916644,-2.323268452,-2.641310921,-20.45381996,-3.517040429,-11.32837867,1.65E-16,-3.20E-16,0,-0.922546549
Np,7,0.07,Li586Np7P93S500Cl51F49,-7.79674355,-1.241519674,-0.49,0.49,0.07,-1,-6.28,0.51,0.49,0.93,5,2.07,-1.39E-17,1.39E-17,0.07,0,-18.20653921,-2.546814899,-4.005635262,-6.288835526,-21.9933548,-0.703408086,-5.293634892,-14.01983452,-25.55666733,-27.774176,-13.54313207,18.20653921,15.99399757,-2.042873983,-3.081529408,-20.45381996,-3.517040429,-10.95782423,1.95E-16,-3.55E-16,-1.94419232,0
Np,3,0.08,Li154Np2P23S125Cl19F6,-7.575895321,-1.2219186,-0.24,0.24,0,-1,-6.2,0.76,0.24,0.92,5,2.4,0,0,0,0.08,-18.29689754,-2.546814899,-4.005635262,-6.288835526,-21.9933548,-0.703408086,-5.293634892,-9.422908783,-16.30098152,-13.04509079,-8.172391653,18.29689754,15.79025237,-3.044282799,-1.509320526,-20.23388641,-3.517040429,-12.70472374,0,0,0,-0.653791332
Np,4,0.08,Li152Np2P23S125Cl17F8,-7.629126683,-1.238494591,-0.32,0.32,0,-1,-6.16,0.68,0.32,0.92,5,2.32,0,0,0,0.08,-18.3162206,-2.546814899,-4.005635262,-6.288835526,-21.9933548,-0.703408086,-5.293634892,-10.13519168,-20.26232719,-16.92973745,-10.81634903,18.3162206,15.68837978,-2.723831978,-2.012427368,-20.23388641,-3.517040429,-12.28123295,0,0,0,-0.865307922
Np,5,0.08,Li150Np2P23S125Cl15F10,-7.586504498,-1.239624918,-0.4,0.4,0,-1,-6.12,0.6,0.4,0.92,5,2.24,0,0,0,0.08,-18.32889152,-2.546814899,-4.005635262,-6.288835526,-21.9933548,-0.703408086,-5.293634892,-11.55116701,-21.27386856,-20.56803179,-12.17898536,18.32889152,15.58650718,-2.403381157,-2.51553421,-20.23388641,-3.517040429,-11.85774216,0,0,0,-0.974318829
Np,6,0.08,Li148Np2P23S125Cl13F12,-7.543433346,-1.240696274,-0.48,0.48,0,-1,-6.08,0.52,0.48,0.92,5,2.16,0,0,0,0.08,-18.31302058,-2.546814899,-4.005635262,-6.288835526,-21.9933548,-0.703408086,-5.293634892,-11.8554641,-23.07436991,-24.31302357,-13.17923641,18.31302058,15.48463459,-2.082930336,-3.018641052,-20.23388641,-3.517040429,-11.43425137,0,0,0,-1.054338913
Np,7,0.08,Li146Np2P23S125Cl11F14,-7.880896839,-1.246977348,-0.56,0.56,0.08,-1,-6.32,0.44,0.56,0.92,5,2.08,0,0,0.08,0,-18.29108191,-2.546814899,-4.005635262,-6.288835526,-21.9933548,-0.703408086,-5.293634892,-14.01983452,-25.55666733,-27.774176,-13.54313207,18.29108191,16.09587016,-1.762479515,-3.521747894,-20.23388641,-3.517040429,-11.01076057,0,0,-2.22193408,0
Np,3,0.09,Li618Np9P91S500Cl73F27,-7.613473727,-1.223047988,-0.27,0.27,0,-1,-6.225,0.73,0.27,0.91,5,2.45,1.39E-17,-1.39E-17,0,0.09,-18.39061689,-2.546814899,-4.005635262,-6.288835526,-21.9933548,-0.703408086,-5.293634892,-9.422908783,-16.30098152,-13.04509079,-8.172391653,18.39061689,15.85392275,-2.924113741,-1.697985592,-20.01395287,-3.517040429,-12.96940548,-1.31E-16,2.26E-16,0,-0.735515249
Np,4,0.09,Li609Np9P91S500Cl64F36,-7.670101144,-1.24111669,-0.36,0.36,0,-1,-6.18,0.64,0.36,0.91,5,2.36,0,0,0,0.09,-18.41561319,-2.546814899,-4.005635262,-6.288835526,-21.9933548,-0.703408086,-5.293634892,-10.13519168,-20.26232719,-16.92973745,-10.81634903,18.41561319,15.73931608,-2.563606567,-2.263980789,-20.01395287,-3.517040429,-12.49297834,0,0,0,-0.973471413
Np,5,0.09,Li600Np9P91S500Cl55F45,-7.6309425,-1.243837408,-0.45,0.45,0,-1,-6.135,0.55,0.45,0.91,5,2.27,0,0,0,0.09,-18.42107666,-2.546814899,-4.005635262,-6.288835526,-21.9933548,-0.703408086,-5.293634892,-11.55116701,-21.27386856,-20.56803179,-12.17898536,18.42107666,15.62470941,-2.203099394,-2.829975986,-20.01395287,-3.517040429,-12.0165512,0,0,0,-1.096108682
Np,6,0.09,Li591Np9P91S500Cl46F54,-7.584082854,-1.245333802,-0.54,0.54,0,-1,-6.09,0.46,0.54,0.91,5,2.18,1.39E-17,-1.39E-17,0,0.09,-18.40162645,-2.546814899,-4.005635262,-6.288835526,-21.9933548,-0.703408086,-5.293634892,-11.8554641,-23.07436991,-24.31302357,-13.17923641,18.40162645,15.51010274,-1.84259222,-3.395971184,-20.01395287,-3.517040429,-11.54012406,-1.65E-16,3.20E-16,0,-1.186131277
Np,7,0.09,Li582Np9P91S500Cl37F63,-7.957949899,-1.251249984,-0.63,0.63,0.09,-1,-6.36,0.37,0.63,0.91,5,2.09,0,0,0.09,0,-18.38272483,-2.546814899,-4.005635262,-6.288835526,-21.9933548,-0.703408086,-5.293634892,-14.01983452,-25.55666733,-27.774176,-13.54313207,18.38272483,16.19774276,-1.482085047,-3.961966381,-20.01395287,-3.517040429,-11.06369692,0,0,-2.49967584,0
Np,3,0.1,Li62NpP9S50Cl7F3,-7.647420156,-1.223587225,-0.3,0.3,0,-1,-6.25,0.7,0.3,0.9,5,2.5,-1.39E-17,1.39E-17,0,0.1,-18.48796821,-2.546814899,-4.005635262,-6.288835526,-21.9933548,-0.703408086,-5.293634892,-9.422908783,-16.30098152,-13.04509079,-8.172391653,18.48796821,15.91759312,-2.803944683,-1.886650658,-19.79401932,-3.517040429,-13.23408723,1.31E-16,-2.26E-16,0,-0.817239165
Np,4,0.1,Li61NpP9S50Cl6F4,-7.708037364,-1.243231833,-0.4,0.4,0,-1,-6.2,0.6,0.4,0.9,5,2.4,0,0,0,0.1,-18.51804402,-2.546814899,-4.005635262,-6.288835526,-21.9933548,-0.703408086,-5.293634892,-10.13519168,-20.26232719,-16.92973745,-10.81634903,18.51804402,15.79025237,-2.403381157,-2.51553421,-19.79401932,-3.517040429,-12.70472374,0,0,0,-1.081634903
Np,5,0.1,Li60NpP9S50Cl5F5,-7.675771032,-1.248092851,-0.5,0.5,0,-1,-6.15,0.5,0.5,0.9,5,2.3,0,0,0,0.1,-18.51287127,-2.546814899,-4.005635262,-6.288835526,-21.9933548,-0.703408086,-5.293634892,-11.55116701,-21.27386856,-20.56803179,-12.17898536,18.51287127,15.66291163,-2.002817631,-3.144417763,-19.79401932,-3.517040429,-12.17536025,0,0,0,-1.217898536
Np,6,0.1,Li59NpP9S50Cl4F6,-7.615318784,-1.248412915,-0.6,0.6,0,-1,-6.1,0.4,0.6,0.9,5,2.2,-1.39E-17,1.39E-17,0,0.1,-18.4996459,-2.546814899,-4.005635262,-6.288835526,-21.9933548,-0.703408086,-5.293634892,-11.8554641,-23.07436991,-24.31302357,-13.17923641,18.4996459,15.53557088,-1.602254105,-3.773301315,-19.79401932,-3.517040429,-11.64599676,1.65E-16,-3.20E-16,0,-1.317923641
Np,7,0.1,Li58NpP9S50Cl3F7,-8.045173934,-1.257058427,-0.7,0.7,0.1,-1,-6.4,0.3,0.7,0.9,5,2.1,-1.39E-17,1.39E-17,0.1,0,-18.46419678,-2.546814899,-4.005635262,-6.288835526,-21.9933548,-0.703408086,-5.293634892,-14.01983452,-25.55666733,-27.774176,-13.54313207,18.46419678,16.29961535,-1.201690578,-4.402184868,-19.79401932,-3.517040429,-11.11663327,1.95E-16,-3.55E-16,-2.7774176,0
Os,2,0.01,Li603OsP99S500Cl98F2,-7.852276387,-1.302201722,-0.02,0.02,0,-1,-6.03,0.98,0.02,0.99,5,2.06,0,0,0,0.01,-17.06055885,-2.546814899,-4.005635262,-6.288835526,-21.9933548,-0.703408086,-5.293634892,-1.898017108,-5.329257488,-6.192814112,-2.348025799,17.06055885,15.35729384,-3.925522556,-0.125776711,-21.77342125,-3.517040429,-10.90488788,0,0,0,-0.023480258
Os,3,0.01,Li602OsP99S500Cl97F3,-7.845270786,-1.302119632,-0.03,0.03,0,-1,-6.025,0.97,0.03,0.99,5,2.05,0,0,0,0.01,-17.0581518,-2.546814899,-4.005635262,-6.288835526,-21.9933548,-0.703408086,-5.293634892,-2.426940203,-7.27400589,-8.903156877,-3.14378798,17.0581518,15.34455977,-3.885466204,-0.188665066,-21.77342125,-3.517040429,-10.85195153,0,0,0,-0.03143788
Os,4,0.01,Li601OsP99S500Cl96F4,-7.838319849,-1.302046487,-0.04,0.04,0,-1,-6.02,0.96,0.04,0.99,5,2.04,0,0,0,0.01,-17.05629597,-2.546814899,-4.005635262,-6.288835526,-21.9933548,-0.703408086,-5.293634892,-2.514320612,-9.123945236,-11.48503125,-4.000138521,17.05629597,15.33182569,-3.845409851,-0.251553421,-21.77342125,-3.517040429,-10.79901518,0,0,0,-0.040001385
Os,5,0.01,Li600OsP99S500Cl95F5,-7.828888578,-1.301560861,-0.05,0.05,0,-1,-6.015,0.95,0.05,0.99,5,2.03,0,0,0,0.01,-17.05494666,-2.546814899,-4.005635262,-6.288835526,-21.9933548,-0.703408086,-5.293634892,-3.265496492,-10.91836882,-14.17244911,-4.659107387,17.05494666,15.31909162,-3.805353498,-0.314441776,-21.77342125,-3.517040429,-10.74607883,0,0,0,-0.046591074
Os,6,0.01,Li599OsP99S500Cl94F6,-7.820205177,-1.301198865,-0.06,0.06,0,-1,-6.01,0.94,0.06,0.99,5,2.02,0,0,0,0.01,-17.0540593,-2.546814899,-4.005635262,-6.288835526,-21.9933548,-0.703408086,-5.293634892,-3.803344727,-12.38248384,-16.78665745,-5.439058304,17.0540593,15.30635754,-3.765297146,-0.377330132,-21.77342125,-3.517040429,-10.69314248,0,0,0,-0.054390583
Os,7,0.01,Li598OsP99S500Cl93F7,-7.813862286,-1.301226026,-0.07,0.07,0,-1,-6.005,0.93,0.07,0.99,5,2.01,0,0,0,0.01,-17.05358326,-2.546814899,-4.005635262,-6.288835526,-21.9933548,-0.703408086,-5.293634892,-4.06662941,-14.20285225,-19.36811686,-6.494192898,17.05358326,15.29362347,-3.725240793,-0.440218487,-21.77342125,-3.517040429,-10.64020613,0,0,0,-0.064941929
Os,8,0.01,Li597OsP99S500Cl92F8,-7.807445309,-1.301240885,-0.08,0.08,0,-1,-6,0.92,0.08,0.99,5,2,0,0,0,0.01,-17.05347272,-2.546814899,-4.005635262,-6.288835526,-21.9933548,-0.703408086,-5.293634892,-4.185793698,-16.18772578,-21.98658693,-7.578468323,17.05347272,15.28088939,-3.685184441,-0.503106842,-21.77342125,-3.517040429,-10.58726978,0,0,0,-0.075784683
Os,2,0.02,Li303OsP49S250Cl48F2,-7.885434479,-1.29694646,-0.04,0.04,0.02,-1,-6.08,0.96,0.04,0.98,5,2.12,0,0,0.02,0,-17.14378459,-2.546814899,-4.005635262,-6.288835526,-21.9933548,-0.703408086,-5.293634892,-1.898017108,-5.329257488,-6.192814112,-2.348025799,17.14378459,15.48463459,-3.845409851,-0.251553421,-21.5534877,-3.517040429,-11.22250597,0,0,-0.123856282,0
Os,3,0.02,Li302OsP49S250Cl47F3,-7.843250485,-1.296405039,-0.06,0.06,0,-1,-6.05,0.94,0.06,0.98,5,2.1,0,0,0,0.02,-17.14118382,-2.546814899,-4.005635262,-6.288835526,-21.9933548,-0.703408086,-5.293634892,-2.426940203,-7.27400589,-8.903156877,-3.14378798,17.14118382,15.40823014,-3.765297146,-0.377330132,-21.5534877,-3.517040429,-11.11663327,0,0,0,-0.06287576
Os,4,0.02,Li301OsP49S250Cl46F4,-7.826432236,-1.295766926,-0.08,0.08,0,-1,-6.04,0.92,0.08,0.98,5,2.08,0,0,0,0.02,-17.14038853,-2.546814899,-4.005635262,-6.288835526,-21.9933548,-0.703408086,-5.293634892,-2.514320612,-9.123945236,-11.48503125,-4.000138521,17.14038853,15.38276199,-3.685184441,-0.503106842,-21.5534877,-3.517040429,-11.01076057,0,0,0,-0.08000277
Os,5,0.02,Li300OsP49S250Cl45F5,-7.804163963,-1.294222879,-0.1,0.1,0,-1,-6.03,0.9,0.1,0.98,5,2.06,0,0,0,0.02,-17.14109564,-2.546814899,-4.005635262,-6.288835526,-21.9933548,-0.703408086,-5.293634892,-3.265496492,-10.91836882,-14.17244911,-4.659107387,17.14109564,15.35729384,-3.605071735,-0.628883553,-21.5534877,-3.517040429,-10.90488788,0,0,0,-0.093182148
Os,6,0.02,Li299OsP49S250Cl44F6,-7.783117326,-1.292876632,-0.12,0.12,0,-1,-6.02,0.88,0.12,0.98,5,2.04,0,0,0,0.02,-17.14300075,-2.546814899,-4.005635262,-6.288835526,-21.9933548,-0.703408086,-5.293634892,-3.803344727,-12.38248384,-16.78665745,-5.439058304,17.14300075,15.33182569,-3.52495903,-0.754660263,-21.5534877,-3.517040429,-10.79901518,0,0,0,-0.108781166
Os,7,0.02,Li298OsP49S250Cl43F7,-7.766691269,-1.29229472,-0.14,0.14,0,-1,-6.01,0.86,0.14,0.98,5,2.02,0,0,0,0.02,-17.14578896,-2.546814899,-4.005635262,-6.288835526,-21.9933548,-0.703408086,-5.293634892,-4.06662941,-14.20285225,-19.36811686,-6.494192898,17.14578896,15.30635754,-3.444846325,-0.880436974,-21.5534877,-3.517040429,-10.69314248,0,0,0,-0.129883858
Os,8,0.02,Li297OsP49S250Cl42F8,-7.750297995,-1.291716332,-0.16,0.16,0,-1,-6,0.84,0.16,0.98,5,2,0,0,0,0.02,-17.14912719,-2.546814899,-4.005635262,-6.288835526,-21.9933548,-0.703408086,-5.293634892,-4.185793698,-16.18772578,-21.98658693,-7.578468323,17.14912719,15.28088939,-3.36473362,-1.006213684,-21.5534877,-3.517040429,-10.58726978,0,0,0,-0.151569366
Os,2,0.03,Li609Os3P97S500Cl94F6,-7.903449457,-1.29141331,-0.06,0.06,0.03,-1,-6.12,0.94,0.06,0.97,5,2.18,0,0,0.03,0,-17.22917371,-2.546814899,-4.005635262,-6.288835526,-21.9933548,-0.703408086,-5.293634892,-1.898017108,-5.329257488,-6.192814112,-2.348025799,17.22917371,15.58650718,-3.765297146,-0.377330132,-21.33355415,-3.517040429,-11.54012406,0,0,-0.185784423,0
Os,3,0.03,Li606Os3P97S500Cl91F9,-7.895542027,-1.290121246,-0.09,0.09,0.03,-1,-6.12,0.91,0.09,0.97,5,2.15,0,0,0.03,0,-17.22807838,-2.546814899,-4.005635262,-6.288835526,-21.9933548,-0.703408086,-5.293634892,-2.426940203,-7.27400589,-8.903156877,-3.14378798,17.22807838,15.58650718,-3.645128088,-0.565995197,-21.33355415,-3.517040429,-11.38131502,0,0,-0.267094706,0
Os,4,0.03,Li603Os3P97S500Cl88F12,-7.808675962,-1.28856039,-0.12,0.12,0,-1,-6.06,0.88,0.12,0.97,5,2.12,0,0,0,0.03,-17.23034975,-2.546814899,-4.005635262,-6.288835526,-21.9933548,-0.703408086,-5.293634892,-2.514320612,-9.123945236,-11.48503125,-4.000138521,17.23034975,15.43369829,-3.52495903,-0.754660263,-21.33355415,-3.517040429,-11.22250597,0,0,0,-0.120004156
Os,5,0.03,Li600Os3P97S500Cl85F15,-7.771684546,-1.285638469,-0.15,0.15,0,-1,-6.045,0.85,0.15,0.97,5,2.09,0,0,0,0.03,-17.23499942,-2.546814899,-4.005635262,-6.288835526,-21.9933548,-0.703408086,-5.293634892,-3.265496492,-10.91836882,-14.17244911,-4.659107387,17.23499942,15.39549606,-3.404789972,-0.943325329,-21.33355415,-3.517040429,-11.06369692,0,0,0,-0.139773222
Os,6,0.03,Li597Os3P97S500Cl82F18,-7.736920703,-1.283071427,-0.18,0.18,0,-1,-6.03,0.82,0.18,0.97,5,2.06,0,0,0,0.03,-17.24105097,-2.546814899,-4.005635262,-6.288835526,-21.9933548,-0.703408086,-5.293634892,-3.803344727,-12.38248384,-16.78665745,-5.439058304,17.24105097,15.35729384,-3.284620914,-1.131990395,-21.33355415,-3.517040429,-10.90488788,0,0,0,-0.163171749
Os,7,0.03,Li594Os3P97S500Cl79F21,-7.710087545,-1.281810066,-0.21,0.21,0,-1,-6.015,0.79,0.21,0.97,5,2.03,0,0,0,0.03,-17.24742735,-2.546814899,-4.005635262,-6.288835526,-21.9933548,-0.703408086,-5.293634892,-4.06662941,-14.20285225,-19.36811686,-6.494192898,17.24742735,15.31909162,-3.164451857,-1.32065546,-21.33355415,-3.517040429,-10.74607883,0,0,0,-0.194825787
Os,8,0.03,Li591Os3P97S500Cl76F24,-7.685251093,-1.280875182,-0.24,0.24,0,-1,-6,0.76,0.24,0.97,5,2,0,0,0,0.03,-17.25268125,-2.546814899,-4.005635262,-6.288835526,-21.9933548,-0.703408086,-5.293634892,-4.185793698,-16.18772578,-21.98658693,-7.578468323,17.25268125,15.28088939,-3.044282799,-1.509320526,-21.33355415,-3.517040429,-10.58726978,0,0,0,-0.22735405
Os,2,0.04,Li153OsP24S125Cl23F2,-7.919700471,-1.285665661,-0.08,0.08,0.04,-1,-6.16,0.92,0.08,0.96,5,2.24,0,0,0.04,0,-17.31632679,-2.546814899,-4.005635262,-6.288835526,-21.9933548,-0.703408086,-5.293634892,-1.898017108,-5.329257488,-6.192814112,-2.348025799,17.31632679,15.68837978,-3.685184441,-0.503106842,-21.11362061,-3.517040429,-11.85774216,0,0,-0.247712564,0
Os,3,0.04,Li152OsP24S125Cl22F3,-7.905782367,-1.283406228,-0.12,0.12,0.04,-1,-6.16,0.88,0.12,0.96,5,2.2,0,0,0.04,0,-17.31824122,-2.546814899,-4.005635262,-6.288835526,-21.9933548,-0.703408086,-5.293634892,-2.426940203,-7.27400589,-8.903156877,-3.14378798,17.31824122,15.68837978,-3.52495903,-0.754660263,-21.11362061,-3.517040429,-11.64599676,0,0,-0.356126275,0
Os,4,0.04,Li151OsP24S125Cl21F4,-7.786469449,-1.280669317,-0.16,0.16,0,-1,-6.08,0.84,0.16,0.96,5,2.16,0,0,0,0.04,-17.32476121,-2.546814899,-4.005635262,-6.288835526,-21.9933548,-0.703408086,-5.293634892,-2.514320612,-9.123945236,-11.48503125,-4.000138521,17.32476121,15.48463459,-3.36473362,-1.006213684,-21.11362061,-3.517040429,-11.43425137,0,0,0,-0.160005541
Os,5,0.04,Li150OsP24S125Cl20F5,-7.734354502,-1.276296122,-0.2,0.2,0,-1,-6.06,0.8,0.2,0.96,5,2.12,0,0,0,0.04,-17.33375382,-2.546814899,-4.005635262,-6.288835526,-21.9933548,-0.703408086,-5.293634892,-3.265496492,-10.91836882,-14.17244911,-4.659107387,17.33375382,15.43369829,-3.204508209,-1.257767105,-21.11362061,-3.517040429,-11.22250597,0,0,0,-0.186364295
Os,6,0.04,Li149OsP24S125Cl19F6,-7.686810788,-1.272650793,-0.24,0.24,0,-1,-6.04,0.76,0.24,0.96,5,2.08,0,0,0,0.04,-17.34301449,-2.546814899,-4.005635262,-6.288835526,-21.9933548,-0.703408086,-5.293634892,-3.803344727,-12.38248384,-16.78665745,-5.439058304,17.34301449,15.38276199,-3.044282799,-1.509320526,-21.11362061,-3.517040429,-11.01076057,0,0,0,-0.217562332
Os,7,0.04,Li148OsP24S125Cl18F7,-7.653810487,-1.271397091,-0.28,0.28,0,-1,-6.02,0.72,0.28,0.96,5,2.04,0,0,0,0.04,-17.34873909,-2.546814899,-4.005635262,-6.288835526,-21.9933548,-0.703408086,-5.293634892,-4.06662941,-14.20285225,-19.36811686,-6.494192898,17.34873909,15.33182569,-2.884057388,-1.760873947,-21.11362061,-3.517040429,-10.79901518,0,0,0,-0.259767716
Os,8,0.04,Li147OsP24S125Cl17F8,-7.629924591,-1.271654098,-0.32,0.32,0,-1,-6,0.68,0.32,0.96,5,2,0,0,0,0.04,-17.34651491,-2.546814899,-4.005635262,-6.288835526,-21.9933548,-0.703408086,-5.293634892,-4.185793698,-16.18772578,-21.98658693,-7.578468323,17.34651491,15.28088939,-2.723831978,-2.012427368,-21.11362061,-3.517040429,-10.58726978,0,0,0,-0.303138733
Os,2,0.05,Li123OsP19S100Cl18F2,-7.934310114,-1.279727438,-0.1,0.1,0.05,-1,-6.2,0.9,0.1,0.95,5,2.3,0,0,0.05,0,-17.40512124,-2.546814899,-4.005635262,-6.288835526,-21.9933548,-0.703408086,-5.293634892,-1.898017108,-5.329257488,-6.192814112,-2.348025799,17.40512124,15.79025237,-3.605071735,-0.628883553,-20.89368706,-3.517040429,-12.17536025,0,0,-0.309640706,0
Os,3,0.05,Li122OsP19S100Cl17F3,-7.913272815,-1.276334325,-0.15,0.15,0.05,-1,-6.2,0.85,0.15,0.95,5,2.25,-6.94E-18,6.94E-18,0.05,0,-17.41115395,-2.546814899,-4.005635262,-6.288835526,-21.9933548,-0.703408086,-5.293634892,-2.426940203,-7.27400589,-8.903156877,-3.14378798,17.41115395,15.79025237,-3.404789972,-0.943325329,-20.89368706,-3.517040429,-11.91067851,1.68E-17,-5.05E-17,-0.445157844,0
Os,4,0.05,Li121OsP19S100Cl16F4,-7.76137397,-1.272356389,-0.2,0.2,0,-1,-6.1,0.8,0.2,0.95,5,2.2,0,0,0,0.05,-17.42206163,-2.546814899,-4.005635262,-6.288835526,-21.9933548,-0.703408086,-5.293634892,-2.514320612,-9.123945236,-11.48503125,-4.000138521,17.42206163,15.53557088,-3.204508209,-1.257767105,-20.89368706,-3.517040429,-11.64599676,0,0,0,-0.200006926
Os,5,0.05,Li120OsP19S100Cl15F5,-7.695042365,-1.26667364,-0.25,0.25,0,-1,-6.075,0.75,0.25,0.95,5,2.15,0,0,0,0.05,-17.43449032,-2.546814899,-4.005635262,-6.288835526,-21.9933548,-0.703408086,-5.293634892,-3.265496492,-10.91836882,-14.17244911,-4.659107387,17.43449032,15.47190051,-3.004226446,-1.572208881,-20.89368706,-3.517040429,-11.38131502,0,0,0,-0.232955369
Os,6,0.05,Li119OsP19S100Cl14F6,-7.639325597,-1.262698446,-0.3,0.3,0,-1,-6.05,0.7,0.3,0.95,5,2.1,-6.94E-18,6.94E-18,0,0.05,-17.44235328,-2.546814899,-4.005635262,-6.288835526,-21.9933548,-0.703408086,-5.293634892,-3.803344727,-12.38248384,-16.78665745,-5.439058304,17.44235328,15.40823014,-2.803944683,-1.886650658,-20.89368706,-3.517040429,-11.11663327,2.64E-17,-8.59E-17,0,-0.271952915
Os,7,0.05,Li118OsP19S100Cl13F7,-7.610493444,-1.263152439,-0.35,0.35,0,-1,-6.025,0.65,0.35,0.95,5,2.05,-6.94E-18,6.94E-18,0,0.05,-17.4370908,-2.546814899,-4.005635262,-6.288835526,-21.9933548,-0.703408086,-5.293634892,-4.06662941,-14.20285225,-19.36811686,-6.494192898,17.4370908,15.34455977,-2.60366292,-2.201092434,-20.89368706,-3.517040429,-10.85195153,2.82E-17,-9.86E-17,0,-0.324709645
Os,8,0.05,Li117OsP19S100Cl12F8,-7.599057384,-1.266509564,-0.4,0.4,0,-1,-6,0.6,0.4,0.95,5,2,0,0,0,0.05,-17.41588928,-2.546814899,-4.005635262,-6.288835526,-21.9933548,-0.703408086,-5.293634892,-4.185793698,-16.18772578,-21.98658693,-7.578468323,17.41588928,15.28088939,-2.403381157,-2.51553421,-20.89368706,-3.517040429,-10.58726978,0,0,0,-0.378923416
Os,2,0.06,Li309Os3P47S250Cl44F6,-7.947389624,-1.273620132,-0.12,0.12,0.06,-1,-6.24,0.88,0.12,0.94,5,2.36,0,0,0.06,0,-17.49544583,-2.546814899,-4.005635262,-6.288835526,-21.9933548,-0.703408086,-5.293634892,-1.898017108,-5.329257488,-6.192814112,-2.348025799,17.49544583,15.89212497,-3.52495903,-0.754660263,-20.67375351,-3.517040429,-12.49297834,0,0,-0.371568847,0
Os,3,0.06,Li306Os3P47S250Cl41F9,-7.91879776,-1.269038103,-0.18,0.18,0.06,-1,-6.24,0.82,0.18,0.94,5,2.3,0,0,0.06,0,-17.50603218,-2.546814899,-4.005635262,-6.288835526,-21.9933548,-0.703408086,-5.293634892,-2.426940203,-7.27400589,-8.903156877,-3.14378798,17.50603218,15.89212497,-3.284620914,-1.131990395,-20.67375351,-3.517040429,-12.17536025,0,0,-0.534189413,0
Os,4,0.06,Li303Os3P47S250Cl38F12,-7.734888666,-1.263870697,-0.24,0.24,0,-1,-6.12,0.76,0.24,0.94,5,2.24,0,0,0,0.06,-17.52075188,-2.546814899,-4.005635262,-6.288835526,-21.9933548,-0.703408086,-5.293634892,-2.514320612,-9.123945236,-11.48503125,-4.000138521,17.52075188,15.58650718,-3.044282799,-1.509320526,-20.67375351,-3.517040429,-11.85774216,0,0,0,-0.240008311
Os,5,0.06,Li300Os3P47S250Cl35F15,-7.846076815,-1.257384105,-0.3,0.3,0.06,-1,-6.24,0.7,0.3,0.94,5,2.18,0,0,0.06,0,-17.5336585,-2.546814899,-4.005635262,-6.288835526,-21.9933548,-0.703408086,-5.293634892,-3.265496492,-10.91836882,-14.17244911,-4.659107387,17.5336585,15.89212497,-2.803944683,-1.886650658,-20.67375351,-3.517040429,-11.54012406,0,0,-0.850346947,0
Os,6,0.06,Li297Os3P47S250Cl32F18,-7.601954802,-1.254447987,-0.36,0.36,0,-1,-6.06,0.64,0.36,0.94,5,2.12,0,0,0,0.06,-17.53157767,-2.546814899,-4.005635262,-6.288835526,-21.9933548,-0.703408086,-5.293634892,-3.803344727,-12.38248384,-16.78665745,-5.439058304,17.53157767,15.43369829,-2.563606567,-2.263980789,-20.67375351,-3.517040429,-11.22250597,0,0,0,-0.326343498
Os,7,0.06,Li294Os3P47S250Cl29F21,-7.585115678,-1.257896464,-0.42,0.42,0,-1,-6.03,0.58,0.42,0.94,5,2.06,0,0,0,0.06,-17.50750324,-2.546814899,-4.005635262,-6.288835526,-21.9933548,-0.703408086,-5.293634892,-4.06662941,-14.20285225,-19.36811686,-6.494192898,17.50750324,15.35729384,-2.323268452,-2.641310921,-20.67375351,-3.517040429,-10.90488788,0,0,0,-0.389651574
Os,8,0.06,Li291Os3P47S250Cl26F24,-7.58221566,-1.26370261,-0.48,0.48,0,-1,-6,0.52,0.48,0.94,5,2,0,0,0,0.06,-17.47123816,-2.546814899,-4.005635262,-6.288835526,-21.9933548,-0.703408086,-5.293634892,-4.185793698,-16.18772578,-21.98658693,-7.578468323,17.47123816,15.28088939,-2.082930336,-3.018641052,-20.67375351,-3.517040429,-10.58726978,0,0,0,-0.454708099
Os,2,0.07,Li621Os7P93S500Cl86F14,-7.959158426,-1.267381915,-0.14,0.14,0.07,-1,-6.28,0.86,0.14,0.93,5,2.42,0,0,0.07,0,-17.58708112,-2.546814899,-4.005635262,-6.288835526,-21.9933548,-0.703408086,-5.293634892,-1.898017108,-5.329257488,-6.192814112,-2.348025799,17.58708112,15.99399757,-3.444846325,-0.880436974,-20.45381996,-3.517040429,-12.81059644,0,0,-0.433496988,0
Os,3,0.07,Li614Os7P93S500Cl79F21,-7.923238861,-1.261662239,-0.21,0.21,0.07,-1,-6.28,0.79,0.21,0.93,5,2.35,-1.39E-17,1.39E-17,0.07,0,-17.60199426,-2.546814899,-4.005635262,-6.288835526,-21.9933548,-0.703408086,-5.293634892,-2.426940203,-7.27400589,-8.903156877,-3.14378798,17.60199426,15.99399757,-3.164451857,-1.32065546,-20.45381996,-3.517040429,-12.440042,3.37E-17,-1.01E-16,-0.623220981,0
Os,4,0.07,Li607Os7P93S500Cl72F28,-7.708509498,-1.255457573,-0.28,0.28,0,-1,-6.14,0.72,0.28,0.93,5,2.28,0,0,0,0.07,-17.619336,-2.546814899,-4.005635262,-6.288835526,-21.9933548,-0.703408086,-5.293634892,-2.514320612,-9.123945236,-11.48503125,-4.000138521,17.619336,15.63744348,-2.884057388,-1.760873947,-20.45381996,-3.517040429,-12.06948755,0,0,0,-0.280009696
Os,5,0.07,Li600Os7P93S500Cl65F35,-7.845317696,-1.24925441,-0.35,0.35,0.07,-1,-6.28,0.65,0.35,0.93,5,2.21,-1.39E-17,1.39E-17,0.07,0,-17.62730503,-2.546814899,-4.005635262,-6.288835526,-21.9933548,-0.703408086,-5.293634892,-3.265496492,-10.91836882,-14.17244911,-4.659107387,17.62730503,15.99399757,-2.60366292,-2.201092434,-20.45381996,-3.517040429,-11.69893311,4.53E-17,-1.52E-16,-0.992071438,0
Os,6,0.07,Li593Os7P93S500Cl58F42,-7.577129228,-1.248291471,-0.42,0.42,0,-1,-6.07,0.58,0.42,0.93,5,2.14,-1.39E-17,1.39E-17,0,0.07,-17.60825685,-2.546814899,-4.005635262,-6.288835526,-21.9933548,-0.703408086,-5.293634892,-3.803344727,-12.38248384,-16.78665745,-5.439058304,17.60825685,15.45916644,-2.323268452,-2.641310921,-20.45381996,-3.517040429,-11.32837867,5.28E-17,-1.72E-16,0,-0.380734081
Os,7,0.07,Li586Os7P93S500Cl51F49,-7.565657568,-1.253630086,-0.49,0.49,0,-1,-6.035,0.51,0.49,0.93,5,2.07,-1.39E-17,1.39E-17,0,0.07,-17.57199603,-2.546814899,-4.005635262,-6.288835526,-21.9933548,-0.703408086,-5.293634892,-4.06662941,-14.20285225,-19.36811686,-6.494192898,17.57199603,15.37002792,-2.042873983,-3.081529408,-20.45381996,-3.517040429,-10.95782423,5.64E-17,-1.97E-16,0,-0.454593503
Os,8,0.07,Li579Os7P93S500Cl44F56,-7.548504356,-1.258084059,-0.56,0.56,0,-1,-6,0.44,0.56,0.93,5,2,0,0,0,0.07,-17.54345662,-2.546814899,-4.005635262,-6.288835526,-21.9933548,-0.703408086,-5.293634892,-4.185793698,-16.18772578,-21.98658693,-7.578468323,17.54345662,15.28088939,-1.762479515,-3.521747894,-20.45381996,-3.517040429,-10.58726978,0,0,0,-0.530492783
Os,2,0.08,Li156Os2P23S125Cl21F4,-7.970019526,-1.261079039,-0.16,0.16,0.08,-1,-6.32,0.84,0.16,0.92,5,2.48,0,0,0.08,0,-17.67962412,-2.546814899,-4.005635262,-6.288835526,-21.9933548,-0.703408086,-5.293634892,-1.898017108,-5.329257488,-6.192814112,-2.348025799,17.67962412,16.09587016,-3.36473362,-1.006213684,-20.23388641,-3.517040429,-13.12821453,0,0,-0.495425129,0
Os,3,0.08,Li154Os2P23S125Cl19F6,-7.92732161,-1.254323039,-0.24,0.24,0.08,-1,-6.32,0.76,0.24,0.92,5,2.4,0,0,0.08,0,-17.69831469,-2.546814899,-4.005635262,-6.288835526,-21.9933548,-0.703408086,-5.293634892,-2.426940203,-7.27400589,-8.903156877,-3.14378798,17.69831469,16.09587016,-3.044282799,-1.509320526,-20.23388641,-3.517040429,-12.70472374,0,0,-0.71225255,0
Os,4,0.08,Li152Os2P23S125Cl17F8,-7.683797828,-1.247369777,-0.32,0.32,0,-1,-6.16,0.68,0.32,0.92,5,2.32,0,0,0,0.08,-17.71625261,-2.546814899,-4.005635262,-6.288835526,-21.9933548,-0.703408086,-5.293634892,-2.514320612,-9.123945236,-11.48503125,-4.000138521,17.71625261,15.68837978,-2.723831978,-2.012427368,-20.23388641,-3.517040429,-12.28123295,0,0,0,-0.320011082
Os,5,0.08,Li150Os2P23S125Cl15F10,-7.852685312,-1.242513499,-0.4,0.4,0.08,-1,-6.32,0.6,0.4,0.92,5,2.24,0,0,0.08,0,-17.71282482,-2.546814899,-4.005635262,-6.288835526,-21.9933548,-0.703408086,-5.293634892,-3.265496492,-10.91836882,-14.17244911,-4.659107387,17.71282482,16.09587016,-2.403381157,-2.51553421,-20.23388641,-3.517040429,-11.85774216,0,0,-1.133795929,0
Os,6,0.08,Li148Os2P23S125Cl13F12,-7.556880488,-1.242907975,-0.48,0.48,0,-1,-6.08,0.52,0.48,0.92,5,2.16,0,0,0,0.08,-17.68035919,-2.546814899,-4.005635262,-6.288835526,-21.9933548,-0.703408086,-5.293634892,-3.803344727,-12.38248384,-16.78665745,-5.439058304,17.68035919,15.48463459,-2.082930336,-3.018641052,-20.23388641,-3.517040429,-11.43425137,0,0,0,-0.435124664
Os,7,0.08,Li146Os2P23S125Cl11F14,-7.529838827,-1.246662058,-0.56,0.56,0,-1,-6.04,0.44,0.56,0.92,5,2.08,0,0,0,0.08,-17.65284944,-2.546814899,-4.005635262,-6.288835526,-21.9933548,-0.703408086,-5.293634892,-4.06662941,-14.20285225,-19.36811686,-6.494192898,17.65284944,15.38276199,-1.762479515,-3.521747894,-20.23388641,-3.517040429,-11.01076057,0,0,0,-0.519535432
Os,8,0.08,Li144Os2P23S125Cl9F16,-7.509021676,-1.251503613,-0.64,0.64,0,-1,-6,0.36,0.64,0.92,5,2,0,0,0,0.08,-17.62144645,-2.546814899,-4.005635262,-6.288835526,-21.9933548,-0.703408086,-5.293634892,-4.185793698,-16.18772578,-21.98658693,-7.578468323,17.62144645,15.28088939,-1.442028694,-4.024854736,-20.23388641,-3.517040429,-10.58726978,0,0,0,-0.606277466
Os,2,0.09,Li627Os9P91S500Cl82F18,-7.980496709,-1.25479508,-0.18,0.18,0.09,-1,-6.36,0.82,0.18,0.91,5,2.54,0,0,0.09,0,-17.77255103,-2.546814899,-4.005635262,-6.288835526,-21.9933548,-0.703408086,-5.293634892,-1.898017108,-5.329257488,-6.192814112,-2.348025799,17.77255103,16.19774276,-3.284620914,-1.131990395,-20.01395287,-3.517040429,-13.44583262,0,0,-0.55735327,0
Os,3,0.09,Li618Os9P91S500Cl73F27,-7.93154811,-1.247098759,-0.27,0.27,0.09,-1,-6.36,0.73,0.27,0.91,5,2.45,1.39E-17,-1.39E-17,0.09,0,-17.79449136,-2.546814899,-4.005635262,-6.288835526,-21.9933548,-0.703408086,-5.293634892,-2.426940203,-7.27400589,-8.903156877,-3.14378798,17.79449136,16.19774276,-2.924113741,-1.697985592,-20.01395287,-3.517040429,-12.96940548,-3.37E-17,1.01E-16,-0.801284119,0
Os,4,0.09,Li609Os9P91S500Cl64F36,-7.662307304,-1.239855551,-0.36,0.36,0,-1,-6.18,0.64,0.36,0.91,5,2.36,0,0,0,0.09,-17.80994808,-2.546814899,-4.005635262,-6.288835526,-21.9933548,-0.703408086,-5.293634892,-2.514320612,-9.123945236,-11.48503125,-4.000138521,17.80994808,15.73931608,-2.563606567,-2.263980789,-20.01395287,-3.517040429,-12.49297834,0,0,0,-0.360012467
Os,5,0.09,Li600Os9P91S500Cl55F45,-7.865690813,-1.236743839,-0.45,0.45,0.09,-1,-6.36,0.55,0.45,0.91,5,2.27,0,0,0.09,0,-17.79270673,-2.546814899,-4.005635262,-6.288835526,-21.9933548,-0.703408086,-5.293634892,-3.265496492,-10.91836882,-14.17244911,-4.659107387,17.79270673,16.19774276,-2.203099394,-2.829975986,-20.01395287,-3.517040429,-12.0165512,0,0,-1.27552042,0
Os,6,0.09,Li591Os9P91S500Cl46F54,-7.527125735,-1.235981237,-0.54,0.54,0,-1,-6.09,0.46,0.54,0.91,5,2.18,1.39E-17,-1.39E-17,0,0.09,-17.76196754,-2.546814899,-4.005635262,-6.288835526,-21.9933548,-0.703408086,-5.293634892,-3.803344727,-12.38248384,-16.78665745,-5.439058304,17.76196754,15.51010274,-1.84259222,-3.395971184,-20.01395287,-3.517040429,-11.54012406,-5.28E-17,1.72E-16,0,-0.489515247
Os,7,0.09,Li582Os9P91S500Cl37F63,-7.4891931,-1.238907047,-0.63,0.63,0,-1,-6.045,0.37,0.63,0.91,5,2.09,0,0,0,0.09,-17.73852984,-2.546814899,-4.005635262,-6.288835526,-21.9933548,-0.703408086,-5.293634892,-4.06662941,-14.20285225,-19.36811686,-6.494192898,17.73852984,15.39549606,-1.482085047,-3.961966381,-20.01395287,-3.517040429,-11.06369692,0,0,0,-0.584477361
Os,8,0.09,Li573Os9P91S500Cl28F72,-7.514836122,-1.252472687,-0.72,0.72,0,-1,-6,0.28,0.72,0.91,5,2,0,0,0,0.09,-17.65413916,-2.546814899,-4.005635262,-6.288835526,-21.9933548,-0.703408086,-5.293634892,-4.185793698,-16.18772578,-21.98658693,-7.578468323,17.65413916,15.28088939,-1.121577873,-4.527961578,-20.01395287,-3.517040429,-10.58726978,0,0,0,-0.682062149
Os,2,0.1,Li63OsP9S50Cl8F2,-7.991110614,-1.248611033,-0.2,0.2,0.1,-1,-6.4,0.8,0.2,0.9,5,2.6,0,0,0.1,0,-17.86534122,-2.546814899,-4.005635262,-6.288835526,-21.9933548,-0.703408086,-5.293634892,-1.898017108,-5.329257488,-6.192814112,-2.348025799,17.86534122,16.29961535,-3.204508209,-1.257767105,-19.79401932,-3.517040429,-13.76345072,0,0,-0.619281411,0
Os,3,0.1,Li62OsP9S50Cl7F3,-7.936288193,-1.24004503,-0.3,0.3,0.1,-1,-6.4,0.7,0.3,0.9,5,2.5,-1.39E-17,1.39E-17,0.1,0,-17.89015446,-2.546814899,-4.005635262,-6.288835526,-21.9933548,-0.703408086,-5.293634892,-2.426940203,-7.27400589,-8.903156877,-3.14378798,17.89015446,16.29961535,-2.803944683,-1.886650658,-19.79401932,-3.517040429,-13.23408723,3.37E-17,-1.01E-16,-0.890315688,0
Os,4,0.1,Li61OsP9S50Cl6F4,-7.645095026,-1.233079843,-0.4,0.4,0,-1,-6.2,0.6,0.4,0.9,5,2.4,0,0,0,0.1,-17.89936531,-2.546814899,-4.005635262,-6.288835526,-21.9933548,-0.703408086,-5.293634892,-2.514320612,-9.123945236,-11.48503125,-4.000138521,17.89936531,15.79025237,-2.403381157,-2.51553421,-19.79401932,-3.517040429,-12.70472374,0,0,0,-0.400013852
Os,5,0.1,Li60OsP9S50Cl5F5,-7.877673498,-1.230886484,-0.5,0.5,0.1,-1,-6.4,0.5,0.5,0.9,5,2.3,0,0,0.1,0,-17.87361145,-2.546814899,-4.005635262,-6.288835526,-21.9933548,-0.703408086,-5.293634892,-3.265496492,-10.91836882,-14.17244911,-4.659107387,17.87361145,16.29961535,-2.002817631,-3.144417763,-19.79401932,-3.517040429,-12.17536025,0,0,-1.417244911,0
Os,6,0.1,Li59OsP9S50Cl4F6,-7.857892349,-1.22779568,-0.6,0.6,0.1,-1,-6.4,0.4,0.6,0.9,5,2.2,-1.39E-17,1.39E-17,0.1,0,-17.85376997,-2.546814899,-4.005635262,-6.288835526,-21.9933548,-0.703408086,-5.293634892,-3.803344727,-12.38248384,-16.78665745,-5.439058304,17.85376997,16.29961535,-1.602254105,-3.773301315,-19.79401932,-3.517040429,-11.64599676,5.28E-17,-1.72E-16,-1.678665745,0
Os,7,0.1,Li58OsP9S50Cl3F7,-7.482111254,-1.236712604,-0.7,0.7,0,-1,-6.05,0.3,0.7,0.9,5,2.1,-1.39E-17,1.39E-17,0,0.1,-17.79064636,-2.546814899,-4.005635262,-6.288835526,-21.9933548,-0.703408086,-5.293634892,-4.06662941,-14.20285225,-19.36811686,-6.494192898,17.79064636,15.40823014,-1.201690578,-4.402184868,-19.79401932,-3.517040429,-11.11663327,5.64E-17,-1.97E-16,0,-0.64941929
Os,8,0.1,Li57OsP9S50Cl2F8,-7.546838648,-1.257806441,-0.8,0.8,0,-1,-6,0.2,0.8,0.9,5,2,0,0,0,0.1,-17.66064379,-2.546814899,-4.005635262,-6.288835526,-21.9933548,-0.703408086,-5.293634892,-4.185793698,-16.18772578,-21.98658693,-7.578468323,17.66064379,15.28088939,-0.801127052,-5.03106842,-19.79401932,-3.517040429,-10.58726978,0,0,0,-0.757846832
Pa,3,0.01,Li602PaP99S500Cl97F3,-6.639407232,-1.101976304,-0.03,0.03,0,-1,-6.025,0.97,0.03,0.99,5,2.05,0,0,0,0.01,-18.32129361,-2.546814899,-4.005635262,-6.288835526,-21.9933548,-0.703408086,-5.293634892,-8.440505981,-16.74248314,-14.25408792,-8.871613741,18.32129361,15.34455977,-3.885466204,-0.188665066,-21.77342125,-3.517040429,-10.85195153,0,0,0,-0.088716137
Pa,4,0.01,Li601PaP99S500Cl96F4,-6.651290569,-1.104865543,-0.04,0.04,0,-1,-6.02,0.96,0.04,0.99,5,2.04,0,0,0,0.01,-18.32380432,-2.546814899,-4.005635262,-6.288835526,-21.9933548,-0.703408086,-5.293634892,-10.72004914,-21.05443001,-18.09266925,-12.04804516,18.32380432,15.33182569,-3.845409851,-0.251553421,-21.77342125,-3.517040429,-10.79901518,0,0,0,-0.120480452
Pa,5,0.01,Li600PaP99S500Cl95F5,-6.644735383,-1.104694162,-0.05,0.05,0,-1,-6.015,0.95,0.05,0.99,5,2.03,0,0,0,0.01,-18.32651424,-2.546814899,-4.005635262,-6.288835526,-21.9933548,-0.703408086,-5.293634892,-12.72823191,-24.28446007,-21.810467,-13.40054619,18.32651424,15.31909162,-3.805353498,-0.314441776,-21.77342125,-3.517040429,-10.74607883,0,0,0,-0.134005462
Pa,3,0.02,Li302PaP49S250Cl47F3,-6.687983688,-1.105451849,-0.06,0.06,0,-1,-6.05,0.94,0.06,0.98,5,2.1,0,0,0,0.02,-18.41100713,-2.546814899,-4.005635262,-6.288835526,-21.9933548,-0.703408086,-5.293634892,-8.440505981,-16.74248314,-14.25408792,-8.871613741,18.41100713,15.40823014,-3.765297146,-0.377330132,-21.5534877,-3.517040429,-11.11663327,0,0,0,-0.177432275
Pa,4,0.02,Li301PaP49S250Cl46F4,-6.709955223,-1.110919739,-0.08,0.08,0,-1,-6.04,0.92,0.08,0.98,5,2.08,0,0,0,0.02,-18.41782368,-2.546814899,-4.005635262,-6.288835526,-21.9933548,-0.703408086,-5.293634892,-10.72004914,-21.05443001,-18.09266925,-12.04804516,18.41782368,15.38276199,-3.685184441,-0.503106842,-21.5534877,-3.517040429,-11.01076057,0,0,0,-0.240960903
Pa,5,0.02,Li300PaP49S250Cl45F5,-6.695131221,-1.110303685,-0.1,0.1,0,-1,-6.03,0.9,0.1,0.98,5,2.06,0,0,0,0.02,-18.42495716,-2.546814899,-4.005635262,-6.288835526,-21.9933548,-0.703408086,-5.293634892,-12.72823191,-24.28446007,-21.810467,-13.40054619,18.42495716,15.35729384,-3.605071735,-0.628883553,-21.5534877,-3.517040429,-10.90488788,0,0,0,-0.268010924
Pa,3,0.03,Li606Pa3P97S500Cl91F9,-6.737168397,-1.108998913,-0.09,0.09,0,-1,-6.075,0.91,0.09,0.97,5,2.15,0,0,0,0.03,-18.50011239,-2.546814899,-4.005635262,-6.288835526,-21.9933548,-0.703408086,-5.293634892,-8.440505981,-16.74248314,-14.25408792,-8.871613741,18.50011239,15.47190051,-3.645128088,-0.565995197,-21.33355415,-3.517040429,-11.38131502,0,0,0,-0.266148412
Pa,4,0.03,Li603Pa3P97S500Cl88F12,-6.768099446,-1.116848093,-0.12,0.12,0,-1,-6.06,0.88,0.12,0.97,5,2.12,0,0,0,0.03,-18.51236347,-2.546814899,-4.005635262,-6.288835526,-21.9933548,-0.703408086,-5.293634892,-10.72004914,-21.05443001,-18.09266925,-12.04804516,18.51236347,15.43369829,-3.52495903,-0.754660263,-21.33355415,-3.517040429,-11.22250597,0,0,0,-0.361441355
Pa,5,0.03,Li600Pa3P97S500Cl85F15,-6.744324476,-1.115686431,-0.15,0.15,0,-1,-6.045,0.85,0.15,0.97,5,2.09,0,0,0,0.03,-18.52460265,-2.546814899,-4.005635262,-6.288835526,-21.9933548,-0.703408086,-5.293634892,-12.72823191,-24.28446007,-21.810467,-13.40054619,18.52460265,15.39549606,-3.404789972,-0.943325329,-21.33355415,-3.517040429,-11.06369692,0,0,0,-0.402016386
Pa,3,0.04,Li152PaP24S125Cl22F3,-6.786367826,-1.112519316,-0.12,0.12,0,-1,-6.1,0.88,0.12,0.96,5,2.2,0,0,0,0.04,-18.58920293,-2.546814899,-4.005635262,-6.288835526,-21.9933548,-0.703408086,-5.293634892,-8.440505981,-16.74248314,-14.25408792,-8.871613741,18.58920293,15.53557088,-3.52495903,-0.754660263,-21.11362061,-3.517040429,-11.64599676,0,0,0,-0.35486455
Pa,4,0.04,Li151PaP24S125Cl21F4,-6.825241985,-1.122572695,-0.16,0.16,0,-1,-6.08,0.84,0.16,0.96,5,2.16,0,0,0,0.04,-18.60790494,-2.546814899,-4.005635262,-6.288835526,-21.9933548,-0.703408086,-5.293634892,-10.72004914,-21.05443001,-18.09266925,-12.04804516,18.60790494,15.48463459,-3.36473362,-1.006213684,-21.11362061,-3.517040429,-11.43425137,0,0,0,-0.481921806
Pa,5,0.04,Li150PaP24S125Cl20F5,-6.791166805,-1.120654588,-0.2,0.2,0,-1,-6.06,0.8,0.2,0.96,5,2.12,0,0,0,0.04,-18.62659907,-2.546814899,-4.005635262,-6.288835526,-21.9933548,-0.703408086,-5.293634892,-12.72823191,-24.28446007,-21.810467,-13.40054619,18.62659907,15.43369829,-3.204508209,-1.257767105,-21.11362061,-3.517040429,-11.22250597,0,0,0,-0.536021848
Pa,3,0.05,Li122PaP19S100Cl17F3,-6.834649036,-1.115861067,-0.15,0.15,0,-1,-6.125,0.85,0.15,0.95,5,2.25,-6.94E-18,6.94E-18,0,0.05,-18.67921169,-2.546814899,-4.005635262,-6.288835526,-21.9933548,-0.703408086,-5.293634892,-8.440505981,-16.74248314,-14.25408792,-8.871613741,18.67921169,15.59924126,-3.404789972,-0.943325329,-20.89368706,-3.517040429,-11.91067851,5.86E-17,-1.16E-16,0,-0.443580687
Pa,4,0.05,Li121PaP19S100Cl16F4,-6.879808024,-1.127837381,-0.2,0.2,0,-1,-6.1,0.8,0.2,0.95,5,2.2,0,0,0,0.05,-18.70602291,-2.546814899,-4.005635262,-6.288835526,-21.9933548,-0.703408086,-5.293634892,-10.72004914,-21.05443001,-18.09266925,-12.04804516,18.70602291,15.53557088,-3.204508209,-1.257767105,-20.89368706,-3.517040429,-11.64599676,0,0,0,-0.602402258
Pa,5,0.05,Li120PaP19S100Cl15F5,-6.832566514,-1.124702307,-0.25,0.25,0,-1,-6.075,0.75,0.25,0.95,5,2.15,0,0,0,0.05,-18.73403811,-2.546814899,-4.005635262,-6.288835526,-21.9933548,-0.703408086,-5.293634892,-12.72823191,-24.28446007,-21.810467,-13.40054619,18.73403811,15.47190051,-3.004226446,-1.572208881,-20.89368706,-3.517040429,-11.38131502,0,0,0,-0.67002731
Pa,3,0.06,Li306Pa3P47S250Cl41F9,-6.880977979,-1.118858208,-0.18,0.18,0,-1,-6.15,0.82,0.18,0.94,5,2.3,0,0,0,0.06,-18.77117271,-2.546814899,-4.005635262,-6.288835526,-21.9933548,-0.703408086,-5.293634892,-8.440505981,-16.74248314,-14.25408792,-8.871613741,18.77117271,15.66291163,-3.284620914,-1.131990395,-20.67375351,-3.517040429,-12.17536025,0,0,0,-0.532296824
Pa,4,0.06,Li303Pa3P47S250Cl38F12,-6.929839609,-1.132326733,-0.24,0.24,0,-1,-6.12,0.76,0.24,0.94,5,2.24,0,0,0,0.06,-18.80867534,-2.546814899,-4.005635262,-6.288835526,-21.9933548,-0.703408086,-5.293634892,-10.72004914,-21.05443001,-18.09266925,-12.04804516,18.80867534,15.58650718,-3.044282799,-1.509320526,-20.67375351,-3.517040429,-11.85774216,0,0,0,-0.72288271
Pa,5,0.06,Li300Pa3P47S250Cl35F15,-6.868122227,-1.127770481,-0.3,0.3,0,-1,-6.09,0.7,0.3,0.94,5,2.18,0,0,0,0.06,-18.84732115,-2.546814899,-4.005635262,-6.288835526,-21.9933548,-0.703408086,-5.293634892,-12.72823191,-24.28446007,-21.810467,-13.40054619,18.84732115,15.51010274,-2.803944683,-1.886650658,-20.67375351,-3.517040429,-11.54012406,0,0,0,-0.804032772
Pa,3,0.07,Li614Pa7P93S500Cl79F21,-6.924430238,-1.121365221,-0.21,0.21,0,-1,-6.175,0.79,0.21,0.93,5,2.35,-1.39E-17,1.39E-17,0,0.07,-18.86601043,-2.546814899,-4.005635262,-6.288835526,-21.9933548,-0.703408086,-5.293634892,-8.440505981,-16.74248314,-14.25408792,-8.871613741,18.86601043,15.726582,-3.164451857,-1.32065546,-20.45381996,-3.517040429,-12.440042,1.17E-16,-2.32E-16,0,-0.621012962
Pa,4,0.07,Li607Pa7P93S500Cl72F28,-6.974524215,-1.135915996,-0.28,0.28,0,-1,-6.14,0.72,0.28,0.93,5,2.28,0,0,0,0.07,-18.91667475,-2.546814899,-4.005635262,-6.288835526,-21.9933548,-0.703408086,-5.293634892,-10.72004914,-21.05443001,-18.09266925,-12.04804516,18.91667475,15.63744348,-2.884057388,-1.760873947,-20.45381996,-3.517040429,-12.06948755,0,0,0,-0.843363161
Pa,5,0.07,Li600Pa7P93S500Cl65F35,-6.902800797,-1.130679901,-0.35,0.35,0,-1,-6.105,0.65,0.35,0.93,5,2.21,-1.39E-17,1.39E-17,0,0.07,-18.96148133,-2.546814899,-4.005635262,-6.288835526,-21.9933548,-0.703408086,-5.293634892,-12.72823191,-24.28446007,-21.810467,-13.40054619,18.96148133,15.54830496,-2.60366292,-2.201092434,-20.45381996,-3.517040429,-11.69893311,1.77E-16,-3.37E-16,0,-0.938038234
Pa,3,0.08,Li154Pa2P23S125Cl19F6,-6.964237401,-1.123264097,-0.24,0.24,0,-1,-6.2,0.76,0.24,0.92,5,2.4,0,0,0,0.08,-18.96449323,-2.546814899,-4.005635262,-6.288835526,-21.9933548,-0.703408086,-5.293634892,-8.440505981,-16.74248314,-14.25408792,-8.871613741,18.96449323,15.79025237,-3.044282799,-1.509320526,-20.23388641,-3.517040429,-12.70472374,0,0,0,-0.709729099
Pa,4,0.08,Li152Pa2P23S125Cl17F8,-7.015084811,-1.138812469,-0.32,0.32,0,-1,-6.16,0.68,0.32,0.92,5,2.32,0,0,0,0.08,-19.02879816,-2.546814899,-4.005635262,-6.288835526,-21.9933548,-0.703408086,-5.293634892,-10.72004914,-21.05443001,-18.09266925,-12.04804516,19.02879816,15.68837978,-2.723831978,-2.012427368,-20.23388641,-3.517040429,-12.28123295,0,0,0,-0.963843613
Pa,5,0.08,Li150Pa2P23S125Cl15F10,-6.944966068,-1.134798377,-0.4,0.4,0,-1,-6.12,0.6,0.4,0.92,5,2.24,0,0,0,0.08,-19.06815481,-2.546814899,-4.005635262,-6.288835526,-21.9933548,-0.703408086,-5.293634892,-12.72823191,-24.28446007,-21.810467,-13.40054619,19.06815481,15.58650718,-2.403381157,-2.51553421,-20.23388641,-3.517040429,-11.85774216,0,0,0,-1.072043695
Pa,3,0.09,Li618Pa9P91S500Cl73F27,-6.999884133,-1.124479379,-0.27,0.27,0,-1,-6.225,0.73,0.27,0.91,5,2.45,1.39E-17,-1.39E-17,0,0.09,-19.06713647,-2.546814899,-4.005635262,-6.288835526,-21.9933548,-0.703408086,-5.293634892,-8.440505981,-16.74248314,-14.25408792,-8.871613741,19.06713647,15.85392275,-2.924113741,-1.697985592,-20.01395287,-3.517040429,-12.96940548,-1.17E-16,2.32E-16,0,-0.798445237
Pa,4,0.09,Li609Pa9P91S500Cl64F36,-7.054356967,-1.14148171,-0.36,0.36,0,-1,-6.18,0.64,0.36,0.91,5,2.36,0,0,0,0.09,-19.14221002,-2.546814899,-4.005635262,-6.288835526,-21.9933548,-0.703408086,-5.293634892,-10.72004914,-21.05443001,-18.09266925,-12.04804516,19.14221002,15.73931608,-2.563606567,-2.263980789,-20.01395287,-3.517040429,-12.49297834,0,0,0,-1.084324064
Pa,5,0.09,Li600Pa9P91S500Cl55F45,-7.002733928,-1.141439923,-0.45,0.45,0,-1,-6.135,0.55,0.45,0.91,5,2.27,0,0,0,0.09,-19.1592257,-2.546814899,-4.005635262,-6.288835526,-21.9933548,-0.703408086,-5.293634892,-12.72823191,-24.28446007,-21.810467,-13.40054619,19.1592257,15.62470941,-2.203099394,-2.829975986,-20.01395287,-3.517040429,-12.0165512,0,0,0,-1.206049157
Pa,3,0.1,Li62PaP9S50Cl7F3,-7.031372917,-1.125019667,-0.3,0.3,0,-1,-6.25,0.7,0.3,0.9,5,2.5,-1.39E-17,1.39E-17,0,0.1,-19.17393765,-2.546814899,-4.005635262,-6.288835526,-21.9933548,-0.703408086,-5.293634892,-8.440505981,-16.74248314,-14.25408792,-8.871613741,19.17393765,15.91759312,-2.803944683,-1.886650658,-19.79401932,-3.517040429,-13.23408723,1.17E-16,-2.32E-16,0,-0.887161374
Pa,4,0.1,Li61PaP9S50Cl6F4,-7.096156286,-1.144541337,-0.4,0.4,0,-1,-6.2,0.6,0.4,0.9,5,2.4,0,0,0,0.1,-19.25309471,-2.546814899,-4.005635262,-6.288835526,-21.9933548,-0.703408086,-5.293634892,-10.72004914,-21.05443001,-18.09266925,-12.04804516,19.25309471,15.79025237,-2.403381157,-2.51553421,-19.79401932,-3.517040429,-12.70472374,0,0,0,-1.204804516
Pa,5,0.1,Li60PaP9S50Cl5F5,-7.073460553,-1.150156188,-0.5,0.5,0,-1,-6.15,0.5,0.5,0.9,5,2.3,0,0,0,0.1,-19.23733783,-2.546814899,-4.005635262,-6.288835526,-21.9933548,-0.703408086,-5.293634892,-12.72823191,-24.28446007,-21.810467,-13.40054619,19.23733783,15.66291163,-2.002817631,-3.144417763,-19.79401932,-3.517040429,-12.17536025,0,0,0,-1.340054619
Pb,2,0.01,Li603PbP99S500Cl98F2,-7.416808179,-1.229984773,-0.02,0.02,0,-1,-6.03,0.98,0.02,0.99,5,2.06,0,0,0,0.01,-17.50171851,-2.546814899,-4.005635262,-6.288835526,-21.9933548,-0.703408086,-5.293634892,-3.847124577,-7.601610661,-6.693618894,-2.917171001,17.50171851,15.35729384,-3.925522556,-0.125776711,-21.77342125,-3.517040429,-10.90488788,0,0,0,-0.02917171
Pb,4,0.01,Li601PbP99S500Cl96F4,-7.423989768,-1.229137379,-0.04,0.04,0.01,-1,-6.04,0.96,0.04,0.99,5,2.04,0,0,0.01,0,-17.49728409,-2.546814899,-4.005635262,-6.288835526,-21.9933548,-0.703408086,-5.293634892,-3.460525274,-9.868274331,-11.75957143,-3.811670065,17.49728409,15.38276199,-3.845409851,-0.251553421,-21.77342125,-3.517040429,-10.79901518,0,0,-0.117595714,0
Pb,2,0.02,Li303PbP49S250Cl48F2,-7.461497046,-1.227219909,-0.04,0.04,0.02,-1,-6.08,0.96,0.04,0.98,5,2.12,0,0,0.02,0,-17.57773812,-2.546814899,-4.005635262,-6.288835526,-21.9933548,-0.703408086,-5.293634892,-3.847124577,-7.601610661,-6.693618894,-2.917171001,17.57773812,15.48463459,-3.845409851,-0.251553421,-21.5534877,-3.517040429,-11.22250597,0,0,-0.133872378,0
Pb,4,0.02,Li301PbP49S250Cl46F4,-7.442773327,-1.22414035,-0.08,0.08,0.02,-1,-6.08,0.92,0.08,0.98,5,2.08,0,0,0.02,0,-17.5773635,-2.546814899,-4.005635262,-6.288835526,-21.9933548,-0.703408086,-5.293634892,-3.460525274,-9.868274331,-11.75957143,-3.811670065,17.5773635,15.48463459,-3.685184441,-0.503106842,-21.5534877,-3.517040429,-11.01076057,0,0,-0.235191429,0
Pb,2,0.03,Li609Pb3P97S500Cl94F6,-7.493600625,-1.224444547,-0.06,0.06,0.03,-1,-6.12,0.94,0.06,0.97,5,2.18,0,0,0.03,0,-17.65404668,-2.546814899,-4.005635262,-6.288835526,-21.9933548,-0.703408086,-5.293634892,-3.847124577,-7.601610661,-6.693618894,-2.917171001,17.65404668,15.58650718,-3.765297146,-0.377330132,-21.33355415,-3.517040429,-11.54012406,0,0,-0.200808567,0
Pb,4,0.03,Li603Pb3P97S500Cl88F12,-7.455039419,-1.218143696,-0.12,0.12,0.03,-1,-6.12,0.88,0.12,0.97,5,2.12,0,0,0.03,0,-17.66396039,-2.546814899,-4.005635262,-6.288835526,-21.9933548,-0.703408086,-5.293634892,-3.460525274,-9.868274331,-11.75957143,-3.811670065,17.66396039,15.58650718,-3.52495903,-0.754660263,-21.33355415,-3.517040429,-11.22250597,0,0,-0.352787143,0
Pb,2,0.04,Li153PbP24S125Cl23F2,-7.525193859,-1.22162238,-0.08,0.08,0.04,-1,-6.16,0.92,0.08,0.96,5,2.24,0,0,0.04,0,-17.73086559,-2.546814899,-4.005635262,-6.288835526,-21.9933548,-0.703408086,-5.293634892,-3.847124577,-7.601610661,-6.693618894,-2.917171001,17.73086559,15.68837978,-3.685184441,-0.503106842,-21.11362061,-3.517040429,-11.85774216,0,0,-0.267744756,0
Pb,4,0.04,Li151PbP24S125Cl21F4,-7.462901369,-1.211509962,-0.16,0.16,0.04,-1,-6.16,0.84,0.16,0.96,5,2.16,0,0,0.04,0,-17.75496141,-2.546814899,-4.005635262,-6.288835526,-21.9933548,-0.703408086,-5.293634892,-3.460525274,-9.868274331,-11.75957143,-3.811670065,17.75496141,15.68837978,-3.36473362,-1.006213684,-21.11362061,-3.517040429,-11.43425137,0,0,-0.470382857,0
Pb,2,0.05,Li123PbP19S100Cl18F2,-7.555789988,-1.218675805,-0.1,0.1,0.05,-1,-6.2,0.9,0.1,0.95,5,2.3,0,0,0.05,0,-17.80868161,-2.546814899,-4.005635262,-6.288835526,-21.9933548,-0.703408086,-5.293634892,-3.847124577,-7.601610661,-6.693618894,-2.917171001,17.80868161,15.79025237,-3.605071735,-0.628883553,-20.89368706,-3.517040429,-12.17536025,0,0,-0.334680945,0
Pb,4,0.05,Li121PbP19S100Cl16F4,-7.468213009,-1.204550485,-0.2,0.2,0.05,-1,-6.2,0.8,0.2,0.95,5,2.2,0,0,0.05,0,-17.84851275,-2.546814899,-4.005635262,-6.288835526,-21.9933548,-0.703408086,-5.293634892,-3.460525274,-9.868274331,-11.75957143,-3.811670065,17.84851275,15.79025237,-3.204508209,-1.257767105,-20.89368706,-3.517040429,-11.64599676,0,0,-0.587978572,0
Pb,2,0.06,Li309Pb3P47S250Cl44F6,-7.584833414,-1.215518175,-0.12,0.12,0.06,-1,-6.24,0.88,0.12,0.94,5,2.36,0,0,0.06,0,-17.88805032,-2.546814899,-4.005635262,-6.288835526,-21.9933548,-0.703408086,-5.293634892,-3.847124577,-7.601610661,-6.693618894,-2.917171001,17.88805032,15.89212497,-3.52495903,-0.754660263,-20.67375351,-3.517040429,-12.49297834,0,0,-0.401617134,0
Pb,4,0.06,Li303Pb3P47S250Cl38F12,-7.47222826,-1.197472478,-0.24,0.24,0.06,-1,-6.24,0.76,0.24,0.94,5,2.24,0,0,0.06,0,-17.94336048,-2.546814899,-4.005635262,-6.288835526,-21.9933548,-0.703408086,-5.293634892,-3.460525274,-9.868274331,-11.75957143,-3.811670065,17.94336048,15.89212497,-3.044282799,-1.509320526,-20.67375351,-3.517040429,-11.85774216,0,0,-0.705574286,0
Pb,2,0.07,Li621Pb7P93S500Cl86F14,-7.611831246,-1.212075039,-0.14,0.14,0.07,-1,-6.28,0.86,0.14,0.93,5,2.42,0,0,0.07,0,-17.96946464,-2.546814899,-4.005635262,-6.288835526,-21.9933548,-0.703408086,-5.293634892,-3.847124577,-7.601610661,-6.693618894,-2.917171001,17.96946464,15.99399757,-3.444846325,-0.880436974,-20.45381996,-3.517040429,-12.81059644,0,0,-0.468553323,0
Pb,4,0.07,Li607Pb7P93S500Cl72F28,-7.475553629,-1.190374782,-0.28,0.28,0.07,-1,-6.28,0.72,0.28,0.93,5,2.28,0,0,0.07,0,-18.03889808,-2.546814899,-4.005635262,-6.288835526,-21.9933548,-0.703408086,-5.293634892,-3.460525274,-9.868274331,-11.75957143,-3.811670065,18.03889808,15.99399757,-2.884057388,-1.760873947,-20.45381996,-3.517040429,-12.06948755,0,0,-0.82317,0
Pb,2,0.08,Li156Pb2P23S125Cl21F4,-7.636530842,-1.208311842,-0.16,0.16,0.08,-1,-6.32,0.84,0.16,0.92,5,2.48,0,0,0.08,0,-18.05317719,-2.546814899,-4.005635262,-6.288835526,-21.9933548,-0.703408086,-5.293634892,-3.847124577,-7.601610661,-6.693618894,-2.917171001,18.05317719,16.09587016,-3.36473362,-1.006213684,-20.23388641,-3.517040429,-13.12821453,0,0,-0.535489511,0
Pb,4,0.08,Li152Pb2P23S125Cl17F8,-7.477743429,-1.183187251,-0.32,0.32,0.08,-1,-6.32,0.68,0.32,0.92,5,2.32,0,0,0.08,0,-18.13557126,-2.546814899,-4.005635262,-6.288835526,-21.9933548,-0.703408086,-5.293634892,-3.460525274,-9.868274331,-11.75957143,-3.811670065,18.13557126,16.09587016,-2.723831978,-2.012427368,-20.23388641,-3.517040429,-12.28123295,0,0,-0.940765715,0
Pb,2,0.09,Li627Pb9P91S500Cl82F18,-7.658947892,-1.20423709,-0.18,0.18,0.09,-1,-6.36,0.82,0.18,0.91,5,2.54,0,0,0.09,0,-18.13917228,-2.546814899,-4.005635262,-6.288835526,-21.9933548,-0.703408086,-5.293634892,-3.847124577,-7.601610661,-6.693618894,-2.917171001,18.13917228,16.19774276,-3.284620914,-1.131990395,-20.01395287,-3.517040429,-13.44583262,0,0,-0.6024257,0
Pb,4,0.09,Li609Pb9P91S500Cl64F36,-7.476922804,-1.175616793,-0.36,0.36,0.09,-1,-6.36,0.64,0.36,0.91,5,2.36,0,0,0.09,0,-18.23525486,-2.546814899,-4.005635262,-6.288835526,-21.9933548,-0.703408086,-5.293634892,-3.460525274,-9.868274331,-11.75957143,-3.811670065,18.23525486,16.19774276,-2.563606567,-2.263980789,-20.01395287,-3.517040429,-12.49297834,0,0,-1.058361429,0
Pb,2,0.1,Li63PbP9S50Cl8F2,-7.679299715,-1.199890581,-0.2,0.2,0.1,-1,-6.4,0.8,0.2,0.9,5,2.6,0,0,0.1,0,-18.2272326,-2.546814899,-4.005635262,-6.288835526,-21.9933548,-0.703408086,-5.293634892,-3.847124577,-7.601610661,-6.693618894,-2.917171001,18.2272326,16.29961535,-3.204508209,-1.257767105,-19.79401932,-3.517040429,-13.76345072,0,0,-0.669361889,0
Pb,4,0.1,Li61PbP9S50Cl6F4,-7.471885803,-1.167482157,-0.4,0.4,0.1,-1,-6.4,0.6,0.4,0.9,5,2.4,0,0,0.1,0,-18.33915484,-2.546814899,-4.005635262,-6.288835526,-21.9933548,-0.703408086,-5.293634892,-3.460525274,-9.868274331,-11.75957143,-3.811670065,18.33915484,16.29961535,-2.403381157,-2.51553421,-19.79401932,-3.517040429,-12.70472374,0,0,-1.175957143,0
Pd,2,0.01,Li603PdP99S500Cl98F2,-7.558748245,-1.253523755,-0.02,0.02,0,-1,-6.03,0.98,0.02,0.99,5,2.06,0,0,0,0.01,-17.34405731,-2.546814899,-4.005635262,-6.288835526,-21.9933548,-0.703408086,-5.293634892,-1.689670622,-3.969371438,-4.795782268,-1.345057249,17.34405731,15.35729384,-3.925522556,-0.125776711,-21.77342125,-3.517040429,-10.90488788,0,0,0,-0.013450572
Pd,4,0.01,Li601PdP99S500Cl96F4,-7.538483422,-1.252239771,-0.04,0.04,0,-1,-6.02,0.96,0.04,0.99,5,2.04,0,0,0,0.01,-17.33771066,-2.546814899,-4.005635262,-6.288835526,-21.9933548,-0.703408086,-5.293634892,-2.487093806,-6.339082122,-9.524554253,-2.157964647,17.33771066,15.33182569,-3.845409851,-0.251553421,-21.77342125,-3.517040429,-10.79901518,0,0,0,-0.021579646
Pd,2,0.02,Li303PdP49S250Cl48F2,-7.56471157,-1.248302239,-0.04,0.04,0,-1,-6.06,0.96,0.04,0.98,5,2.12,0,0,0,0.02,-17.41848866,-2.546814899,-4.005635262,-6.288835526,-21.9933548,-0.703408086,-5.293634892,-1.689670622,-3.969371438,-4.795782268,-1.345057249,17.41848866,15.43369829,-3.845409851,-0.251553421,-21.5534877,-3.517040429,-11.22250597,0,0,0,-0.026901145
Pd,4,0.02,Li301PdP49S250Cl46F4,-7.51332339,-1.243927714,-0.08,0.08,0,-1,-6.04,0.92,0.08,0.98,5,2.08,0,0,0,0.02,-17.4166539,-2.546814899,-4.005635262,-6.288835526,-21.9933548,-0.703408086,-5.293634892,-2.487093806,-6.339082122,-9.524554253,-2.157964647,17.4166539,15.38276199,-3.685184441,-0.503106842,-21.5534877,-3.517040429,-11.01076057,0,0,0,-0.043159293
Pd,2,0.03,Li609Pd3P97S500Cl94F6,-7.566740113,-1.242486061,-0.06,0.06,0,-1,-6.09,0.94,0.06,0.97,5,2.18,0,0,0,0.03,-17.49685479,-2.546814899,-4.005635262,-6.288835526,-21.9933548,-0.703408086,-5.293634892,-1.689670622,-3.969371438,-4.795782268,-1.345057249,17.49685479,15.51010274,-3.765297146,-0.377330132,-21.33355415,-3.517040429,-11.54012406,0,0,0,-0.040351717
Pd,4,0.03,Li603Pd3P97S500Cl88F12,-7.475350382,-1.233556169,-0.12,0.12,0,-1,-6.06,0.88,0.12,0.97,5,2.12,0,0,0,0.03,-17.50841012,-2.546814899,-4.005635262,-6.288835526,-21.9933548,-0.703408086,-5.293634892,-2.487093806,-6.339082122,-9.524554253,-2.157964647,17.50841012,15.43369829,-3.52495903,-0.754660263,-21.33355415,-3.517040429,-11.22250597,0,0,0,-0.064738939
Pd,2,0.04,Li153PdP24S125Cl23F2,-7.564915829,-1.236097358,-0.08,0.08,0,-1,-6.12,0.92,0.08,0.96,5,2.24,0,0,0,0.04,-17.57907375,-2.546814899,-4.005635262,-6.288835526,-21.9933548,-0.703408086,-5.293634892,-1.689670622,-3.969371438,-4.795782268,-1.345057249,17.57907375,15.58650718,-3.685184441,-0.503106842,-21.11362061,-3.517040429,-11.85774216,0,0,0,-0.05380229
Pd,4,0.04,Li151PdP24S125Cl21F4,-7.428222377,-1.221747101,-0.16,0.16,0,-1,-6.08,0.84,0.16,0.96,5,2.16,0,0,0,0.04,-17.60932133,-2.546814899,-4.005635262,-6.288835526,-21.9933548,-0.703408086,-5.293634892,-2.487093806,-6.339082122,-9.524554253,-2.157964647,17.60932133,15.48463459,-3.36473362,-1.006213684,-21.11362061,-3.517040429,-11.43425137,0,0,0,-0.086318586
Pd,2,0.05,Li123PdP19S100Cl18F2,-7.559592853,-1.22920209,-0.1,0.1,0,-1,-6.15,0.9,0.1,0.95,5,2.3,0,0,0,0.05,-17.66479141,-2.546814899,-4.005635262,-6.288835526,-21.9933548,-0.703408086,-5.293634892,-1.689670622,-3.969371438,-4.795782268,-1.345057249,17.66479141,15.66291163,-3.605071735,-0.628883553,-20.89368706,-3.517040429,-12.17536025,0,0,0,-0.067252862
Pd,4,0.05,Li121PdP19S100Cl16F4,-7.377621716,-1.209446183,-0.2,0.2,0,-1,-6.1,0.8,0.2,0.95,5,2.2,0,0,0,0.05,-17.71370519,-2.546814899,-4.005635262,-6.288835526,-21.9933548,-0.703408086,-5.293634892,-2.487093806,-6.339082122,-9.524554253,-2.157964647,17.71370519,15.53557088,-3.204508209,-1.257767105,-20.89368706,-3.517040429,-11.64599676,0,0,0,-0.107898232
Pd,2,0.06,Li309Pd3P47S250Cl44F6,-7.551421024,-1.221912787,-0.12,0.12,0,-1,-6.18,0.88,0.12,0.94,5,2.36,0,0,0,0.06,-17.75335791,-2.546814899,-4.005635262,-6.288835526,-21.9933548,-0.703408086,-5.293634892,-1.689670622,-3.969371438,-4.795782268,-1.345057249,17.75335791,15.73931608,-3.52495903,-0.754660263,-20.67375351,-3.517040429,-12.49297834,0,0,0,-0.080703435
Pd,4,0.06,Li303Pd3P47S250Cl38F12,-7.329358762,-1.197607641,-0.24,0.24,0,-1,-6.12,0.76,0.24,0.94,5,2.24,0,0,0,0.06,-17.81575135,-2.546814899,-4.005635262,-6.288835526,-21.9933548,-0.703408086,-5.293634892,-2.487093806,-6.339082122,-9.524554253,-2.157964647,17.81575135,15.58650718,-3.044282799,-1.509320526,-20.67375351,-3.517040429,-11.85774216,0,0,0,-0.129477879
Pd,2,0.07,Li621Pd7P93S500Cl86F14,-7.541259443,-1.214373501,-0.14,0.14,0,-1,-6.21,0.86,0.14,0.93,5,2.42,0,0,0,0.07,-17.84391417,-2.546814899,-4.005635262,-6.288835526,-21.9933548,-0.703408086,-5.293634892,-1.689670622,-3.969371438,-4.795782268,-1.345057249,17.84391417,15.81572052,-3.444846325,-0.880436974,-20.45381996,-3.517040429,-12.81059644,0,0,0,-0.094154007
Pd,4,0.07,Li607Pd7P93S500Cl72F28,-7.287395133,-1.186872171,-0.28,0.28,0,-1,-6.14,0.72,0.28,0.93,5,2.28,0,0,0,0.07,-17.91149819,-2.546814899,-4.005635262,-6.288835526,-21.9933548,-0.703408086,-5.293634892,-2.487093806,-6.339082122,-9.524554253,-2.157964647,17.91149819,15.63744348,-2.884057388,-1.760873947,-20.45381996,-3.517040429,-12.06948755,0,0,0,-0.151057525
Pd,2,0.08,Li156Pd2P23S125Cl21F4,-7.530061991,-1.206740704,-0.16,0.16,0,-1,-6.24,0.84,0.16,0.92,5,2.48,0,0,0,0.08,-17.9355063,-2.546814899,-4.005635262,-6.288835526,-21.9933548,-0.703408086,-5.293634892,-1.689670622,-3.969371438,-4.795782268,-1.345057249,17.9355063,15.89212497,-3.36473362,-1.006213684,-20.23388641,-3.517040429,-13.12821453,0,0,0,-0.10760458
Pd,4,0.08,Li152Pd2P23S125Cl17F8,-7.253075643,-1.177447345,-0.32,0.32,0,-1,-6.16,0.68,0.32,0.92,5,2.32,0,0,0,0.08,-17.99960089,-2.546814899,-4.005635262,-6.288835526,-21.9933548,-0.703408086,-5.293634892,-2.487093806,-6.339082122,-9.524554253,-2.157964647,17.99960089,15.68837978,-2.723831978,-2.012427368,-20.23388641,-3.517040429,-12.28123295,0,0,0,-0.172637172
Pd,2,0.09,Li627Pd9P91S500Cl82F18,-7.518759664,-1.199164221,-0.18,0.18,0,-1,-6.27,0.82,0.18,0.91,5,2.54,0,0,0,0.09,-18.0272033,-2.546814899,-4.005635262,-6.288835526,-21.9933548,-0.703408086,-5.293634892,-1.689670622,-3.969371438,-4.795782268,-1.345057249,18.0272033,15.96852942,-3.284620914,-1.131990395,-20.01395287,-3.517040429,-13.44583262,0,0,0,-0.121055152
Pd,4,0.09,Li609Pd9P91S500Cl64F36,-7.225651935,-1.169199342,-0.36,0.36,0,-1,-6.18,0.64,0.36,0.91,5,2.36,0,0,0,0.09,-18.0808078,-2.546814899,-4.005635262,-6.288835526,-21.9933548,-0.703408086,-5.293634892,-2.487093806,-6.339082122,-9.524554253,-2.157964647,18.0808078,15.73931608,-2.563606567,-2.263980789,-20.01395287,-3.517040429,-12.49297834,0,0,0,-0.194216818
Pd,2,0.1,Li63PdP9S50Cl8F2,-7.508169843,-1.191772991,-0.2,0.2,0,-1,-6.3,0.8,0.2,0.9,5,2.6,0,0,0,0.1,-18.1181878,-2.546814899,-4.005635262,-6.288835526,-21.9933548,-0.703408086,-5.293634892,-1.689670622,-3.969371438,-4.795782268,-1.345057249,18.1181878,16.04493386,-3.204508209,-1.257767105,-19.79401932,-3.517040429,-13.76345072,0,0,0,-0.134505725
Pd,4,0.1,Li61PdP9S50Cl6F4,-7.203676813,-1.161883357,-0.4,0.4,0,-1,-6.2,0.6,0.4,0.9,5,2.4,0,0,0,0.1,-18.15656613,-2.546814899,-4.005635262,-6.288835526,-21.9933548,-0.703408086,-5.293634892,-2.487093806,-6.339082122,-9.524554253,-2.157964647,18.15656613,15.79025237,-2.403381157,-2.51553421,-19.79401932,-3.517040429,-12.70472374,0,0,0,-0.215796465
Pm,3,0.01,Li602PmP99S500Cl97F3,-7.054870763,-1.170932907,-0.03,0.03,0,-1,-6.025,0.97,0.03,0.99,5,2.05,0,0,0,0.01,-17.91349356,-2.546814899,-4.005635262,-6.288835526,-21.9933548,-0.703408086,-5.293634892,-9.705836296,-17.23898697,-14.45579648,-9.637961388,17.91349356,15.34455977,-3.885466204,-0.188665066,-21.77342125,-3.517040429,-10.85195153,0,0,0,-0.096379614
Pm,3,0.02,Li302PmP49S250Cl47F3,-7.100725115,-1.173673573,-0.06,0.06,0,-1,-6.05,0.94,0.06,0.98,5,2.1,0,0,0,0.02,-18.01359265,-2.546814899,-4.005635262,-6.288835526,-21.9933548,-0.703408086,-5.293634892,-9.705836296,-17.23898697,-14.45579648,-9.637961388,18.01359265,15.40823014,-3.765297146,-0.377330132,-21.5534877,-3.517040429,-11.11663327,0,0,0,-0.192759228
Pm,3,0.03,Li606Pm3P97S500Cl91F9,-7.14382379,-1.175938072,-0.09,0.09,0,-1,-6.075,0.91,0.09,0.97,5,2.15,0,0,0,0.03,-18.11644742,-2.546814899,-4.005635262,-6.288835526,-21.9933548,-0.703408086,-5.293634892,-9.705836296,-17.23898697,-14.45579648,-9.637961388,18.11644742,15.47190051,-3.645128088,-0.565995197,-21.33355415,-3.517040429,-11.38131502,0,0,0,-0.289138842
Pm,3,0.04,Li152PmP24S125Cl22F3,-7.184947252,-1.177860205,-0.12,0.12,0,-1,-6.1,0.88,0.12,0.96,5,2.2,0,0,0,0.04,-18.22127741,-2.546814899,-4.005635262,-6.288835526,-21.9933548,-0.703408086,-5.293634892,-9.705836296,-17.23898697,-14.45579648,-9.637961388,18.22127741,15.53557088,-3.52495903,-0.754660263,-21.11362061,-3.517040429,-11.64599676,0,0,0,-0.385518456
Pm,3,0.05,Li122PmP19S100Cl17F3,-7.224062512,-1.179438777,-0.15,0.15,0,-1,-6.125,0.85,0.15,0.95,5,2.25,-6.94E-18,6.94E-18,0,0.05,-18.32811559,-2.546814899,-4.005635262,-6.288835526,-21.9933548,-0.703408086,-5.293634892,-9.705836296,-17.23898697,-14.45579648,-9.637961388,18.32811559,15.59924126,-3.404789972,-0.943325329,-20.89368706,-3.517040429,-11.91067851,6.73E-17,-1.20E-16,0,-0.481898069
Pm,3,0.06,Li306Pm3P47S250Cl41F9,-7.260889311,-1.180632408,-0.18,0.18,0,-1,-6.15,0.82,0.18,0.94,5,2.3,0,0,0,0.06,-18.43724224,-2.546814899,-4.005635262,-6.288835526,-21.9933548,-0.703408086,-5.293634892,-9.705836296,-17.23898697,-14.45579648,-9.637961388,18.43724224,15.66291163,-3.284620914,-1.131990395,-20.67375351,-3.517040429,-12.17536025,0,0,0,-0.578277683
Pm,3,0.07,Li614Pm7P93S500Cl79F21,-7.295180193,-1.181405699,-0.21,0.21,0,-1,-6.175,0.79,0.21,0.93,5,2.35,-1.39E-17,1.39E-17,0,0.07,-18.54890481,-2.546814899,-4.005635262,-6.288835526,-21.9933548,-0.703408086,-5.293634892,-9.705836296,-17.23898697,-14.45579648,-9.637961388,18.54890481,15.726582,-3.164451857,-1.32065546,-20.45381996,-3.517040429,-12.440042,1.35E-16,-2.39E-16,0,-0.674657297
Pm,3,0.08,Li154Pm2P23S125Cl19F6,-7.326687819,-1.181723842,-0.24,0.24,0,-1,-6.2,0.76,0.24,0.92,5,2.4,0,0,0,0.08,-18.66335063,-2.546814899,-4.005635262,-6.288835526,-21.9933548,-0.703408086,-5.293634892,-9.705836296,-17.23898697,-14.45579648,-9.637961388,18.66335063,15.79025237,-3.044282799,-1.509320526,-20.23388641,-3.517040429,-12.70472374,0,0,0,-0.771036911
Pm,3,0.09,Li618Pm9P91S500Cl73F27,-7.355102136,-1.181542512,-0.27,0.27,0,-1,-6.225,0.73,0.27,0.91,5,2.45,1.39E-17,-1.39E-17,0,0.09,-18.78088975,-2.546814899,-4.005635262,-6.288835526,-21.9933548,-0.703408086,-5.293634892,-9.705836296,-17.23898697,-14.45579648,-9.637961388,18.78088975,15.85392275,-2.924113741,-1.697985592,-20.01395287,-3.517040429,-12.96940548,-1.35E-16,2.39E-16,0,-0.867416525
Pm,3,0.1,Li62PmP9S50Cl7F3,-7.380235589,-1.180837694,-0.3,0.3,0,-1,-6.25,0.7,0.3,0.9,5,2.5,-1.39E-17,1.39E-17,0,0.1,-18.90170975,-2.546814899,-4.005635262,-6.288835526,-21.9933548,-0.703408086,-5.293634892,-9.705836296,-17.23898697,-14.45579648,-9.637961388,18.90170975,15.91759312,-2.803944683,-1.886650658,-19.79401932,-3.517040429,-13.23408723,1.35E-16,-2.39E-16,0,-0.963796139
Po,2,0.01,Li603PoP99S500Cl98F2,-7.504168988,-1.244472469,-0.02,0.02,0,-1,-6.03,0.98,0.02,0.99,5,2.06,0,0,0,0.01,-17.42008965,-2.546814899,-4.005635262,-6.288835526,-21.9933548,-0.703408086,-5.293634892,-2.997694373,-7.709707975,-7.216887474,-3.490365267,17.42008965,15.35729384,-3.925522556,-0.125776711,-21.77342125,-3.517040429,-10.90488788,0,0,0,-0.034903653
Po,4,0.01,Li601PoP99S500Cl96F4,-7.496142102,-1.245206329,-0.04,0.04,0,-1,-6.02,0.96,0.04,0.99,5,2.04,0,0,0,0.01,-17.41679016,-2.546814899,-4.005635262,-6.288835526,-21.9933548,-0.703408086,-5.293634892,-4.571346045,-12.69263506,-13.40968359,-5.831782222,17.41679016,15.33182569,-3.845409851,-0.251553421,-21.77342125,-3.517040429,-10.79901518,0,0,0,-0.058317822
Po,2,0.02,Li303PoP49S250Cl48F2,-7.525950383,-1.241906004,-0.04,0.04,0,-1,-6.06,0.96,0.04,0.98,5,2.12,0,0,0,0.02,-17.50015601,-2.546814899,-4.005635262,-6.288835526,-21.9933548,-0.703408086,-5.293634892,-2.997694373,-7.709707975,-7.216887474,-3.490365267,17.50015601,15.43369829,-3.845409851,-0.251553421,-21.5534877,-3.517040429,-11.22250597,0,0,0,-0.069807305
Po,4,0.02,Li301PoP49S250Cl46F4,-7.503898712,-1.242367336,-0.08,0.08,0,-1,-6.04,0.92,0.08,0.98,5,2.08,0,0,0,0.02,-17.49955493,-2.546814899,-4.005635262,-6.288835526,-21.9933548,-0.703408086,-5.293634892,-4.571346045,-12.69263506,-13.40968359,-5.831782222,17.49955493,15.38276199,-3.685184441,-0.503106842,-21.5534877,-3.517040429,-11.01076057,0,0,0,-0.116635644
Po,2,0.03,Li609Po3P97S500Cl94F6,-7.547105033,-1.23926191,-0.06,0.06,0,-1,-6.09,0.94,0.06,0.97,5,2.18,0,0,0,0.03,-17.58084911,-2.546814899,-4.005635262,-6.288835526,-21.9933548,-0.703408086,-5.293634892,-2.997694373,-7.709707975,-7.216887474,-3.490365267,17.58084911,15.51010274,-3.765297146,-0.377330132,-21.33355415,-3.517040429,-11.54012406,0,0,0,-0.104710958
Po,4,0.03,Li603Po3P97S500Cl88F12,-7.581359535,-1.238784238,-0.12,0.12,0.03,-1,-6.12,0.88,0.12,0.97,5,2.12,0,0,0.03,0,-17.58714364,-2.546814899,-4.005635262,-6.288835526,-21.9933548,-0.703408086,-5.293634892,-4.571346045,-12.69263506,-13.40968359,-5.831782222,17.58714364,15.58650718,-3.52495903,-0.754660263,-21.33355415,-3.517040429,-11.22250597,0,0,-0.402290508,0
Po,2,0.04,Li153PoP24S125Cl23F2,-7.567457848,-1.23651272,-0.08,0.08,0,-1,-6.12,0.92,0.08,0.96,5,2.24,0,0,0,0.04,-17.66234406,-2.546814899,-4.005635262,-6.288835526,-21.9933548,-0.703408086,-5.293634892,-2.997694373,-7.709707975,-7.216887474,-3.490365267,17.66234406,15.58650718,-3.685184441,-0.503106842,-21.11362061,-3.517040429,-11.85774216,0,0,0,-0.139614611
Po,4,0.04,Li151PoP24S125Cl21F4,-7.60611733,-1.234759307,-0.16,0.16,0.04,-1,-6.16,0.84,0.16,0.96,5,2.16,0,0,0.04,0,-17.67774994,-2.546814899,-4.005635262,-6.288835526,-21.9933548,-0.703408086,-5.293634892,-4.571346045,-12.69263506,-13.40968359,-5.831782222,17.67774994,15.68837978,-3.36473362,-1.006213684,-21.11362061,-3.517040429,-11.43425137,0,0,-0.536387343,0
Po,2,0.05,Li123PoP19S100Cl18F2,-7.586957572,-1.233651638,-0.1,0.1,0,-1,-6.15,0.9,0.1,0.95,5,2.3,0,0,0,0.05,-17.74469209,-2.546814899,-4.005635262,-6.288835526,-21.9933548,-0.703408086,-5.293634892,-2.997694373,-7.709707975,-7.216887474,-3.490365267,17.74469209,15.66291163,-3.605071735,-0.628883553,-20.89368706,-3.517040429,-12.17536025,0,0,0,-0.174518263
Po,4,0.05,Li121PoP19S100Cl16F4,-7.629613434,-1.230582812,-0.2,0.2,0.05,-1,-6.2,0.8,0.2,0.95,5,2.2,0,0,0.05,0,-17.76961793,-2.546814899,-4.005635262,-6.288835526,-21.9933548,-0.703408086,-5.293634892,-4.571346045,-12.69263506,-13.40968359,-5.831782222,17.76961793,15.79025237,-3.204508209,-1.257767105,-20.89368706,-3.517040429,-11.64599676,0,0,-0.670484179,0
Po,2,0.06,Li309Po3P47S250Cl44F6,-7.60565622,-1.230688709,-0.12,0.12,0,-1,-6.18,0.88,0.12,0.94,5,2.36,0,0,0,0.06,-17.8278412,-2.546814899,-4.005635262,-6.288835526,-21.9933548,-0.703408086,-5.293634892,-2.997694373,-7.709707975,-7.216887474,-3.490365267,17.8278412,15.73931608,-3.52495903,-0.754660263,-20.67375351,-3.517040429,-12.49297834,0,0,0,-0.209421916
Po,4,0.06,Li303Po3P47S250Cl38F12,-7.65333359,-1.226495768,-0.24,0.24,0.06,-1,-6.24,0.76,0.24,0.94,5,2.24,0,0,0.06,0,-17.86126188,-2.546814899,-4.005635262,-6.288835526,-21.9933548,-0.703408086,-5.293634892,-4.571346045,-12.69263506,-13.40968359,-5.831782222,17.86126188,15.89212497,-3.044282799,-1.509320526,-20.67375351,-3.517040429,-11.85774216,0,0,-0.804581015,0
Po,2,0.07,Li621Po7P93S500Cl86F14,-7.623631515,-1.227637925,-0.14,0.14,0,-1,-6.21,0.86,0.14,0.93,5,2.42,0,0,0,0.07,-17.91171366,-2.546814899,-4.005635262,-6.288835526,-21.9933548,-0.703408086,-5.293634892,-2.997694373,-7.709707975,-7.216887474,-3.490365267,17.91171366,15.81572052,-3.444846325,-0.880436974,-20.45381996,-3.517040429,-12.81059644,0,0,0,-0.244325569
Po,4,0.07,Li607Po7P93S500Cl72F28,-7.678696427,-1.222722361,-0.28,0.28,0.07,-1,-6.28,0.72,0.28,0.93,5,2.28,0,0,0.07,0,-17.95126314,-2.546814899,-4.005635262,-6.288835526,-21.9933548,-0.703408086,-5.293634892,-4.571346045,-12.69263506,-13.40968359,-5.831782222,17.95126314,15.99399757,-2.884057388,-1.760873947,-20.45381996,-3.517040429,-12.06948755,0,0,-0.938677851,0
Po,2,0.08,Li156Po2P23S125Cl21F4,-7.640972974,-1.2245149,-0.16,0.16,0,-1,-6.24,0.84,0.16,0.92,5,2.48,0,0,0,0.08,-17.99621995,-2.546814899,-4.005635262,-6.288835526,-21.9933548,-0.703408086,-5.293634892,-2.997694373,-7.709707975,-7.216887474,-3.490365267,17.99621995,15.89212497,-3.36473362,-1.006213684,-20.23388641,-3.517040429,-13.12821453,0,0,0,-0.279229221
Po,4,0.08,Li152Po2P23S125Cl17F8,-7.706577615,-1.219395192,-0.32,0.32,0.08,-1,-6.32,0.68,0.32,0.92,5,2.32,0,0,0.08,0,-18.03874605,-2.546814899,-4.005635262,-6.288835526,-21.9933548,-0.703408086,-5.293634892,-4.571346045,-12.69263506,-13.40968359,-5.831782222,18.03874605,16.09587016,-2.723831978,-2.012427368,-20.23388641,-3.517040429,-12.28123295,0,0,-1.072774687,0
Po,2,0.09,Li627Po9P91S500Cl82F18,-7.657900675,-1.22135577,-0.18,0.18,0,-1,-6.27,0.82,0.18,0.91,5,2.54,0,0,0,0.09,-18.08114001,-2.546814899,-4.005635262,-6.288835526,-21.9933548,-0.703408086,-5.293634892,-2.997694373,-7.709707975,-7.216887474,-3.490365267,18.08114001,15.96852942,-3.284620914,-1.131990395,-20.01395287,-3.517040429,-13.44583262,0,0,0,-0.314132874
Po,4,0.09,Li609Po9P91S500Cl64F36,-7.736724163,-1.216466063,-0.36,0.36,0.09,-1,-6.36,0.64,0.36,0.91,5,2.36,0,0,0.09,0,-18.1239636,-2.546814899,-4.005635262,-6.288835526,-21.9933548,-0.703408086,-5.293634892,-4.571346045,-12.69263506,-13.40968359,-5.831782222,18.1239636,16.19774276,-2.563606567,-2.263980789,-20.01395287,-3.517040429,-12.49297834,0,0,-1.206871523,0
Po,2,0.1,Li63PoP9S50Cl8F2,-7.674817456,-1.218224993,-0.2,0.2,0,-1,-6.3,0.8,0.2,0.9,5,2.6,0,0,0,0.1,-18.16607099,-2.546814899,-4.005635262,-6.288835526,-21.9933548,-0.703408086,-5.293634892,-2.997694373,-7.709707975,-7.216887474,-3.490365267,18.16607099,16.04493386,-3.204508209,-1.257767105,-19.79401932,-3.517040429,-13.76345072,0,0,0,-0.349036527
Po,4,0.1,Li61PoP9S50Cl6F4,-7.768818262,-1.213877853,-0.4,0.4,0.1,-1,-6.4,0.6,0.4,0.9,5,2.4,0,0,0.1,0,-18.2072336,-2.546814899,-4.005635262,-6.288835526,-21.9933548,-0.703408086,-5.293634892,-4.571346045,-12.69263506,-13.40968359,-5.831782222,18.2072336,16.29961535,-2.403381157,-2.51553421,-19.79401932,-3.517040429,-12.70472374,0,0,-1.340968359,0
Pr,3,0.01,Li602PrP99S500Cl97F3,-6.776581424,-1.121950567,-0.03,0,0,-1,-6.04,0.97,0,0.99,5,2.08,0,0.01,0,0,-18.20661634,-2.546814899,-4.005635262,-6.288835526,-21.9933548,-0.703408086,-5.293634892,-10.39075851,-17.92712975,-14.41075706,-9.332354069,18.20661634,15.38276199,-3.885466204,0,-21.77342125,-3.517040429,-11.01076057,0,-0.179271297,0,0
Pr,4,0.01,Li601PrP99S500Cl96F4,-6.777533739,-1.122108235,-0.04,0.04,0.01,-1,-6.04,0.96,0.04,0.99,5,2.04,0,0,0.01,0,-18.20658478,-2.546814899,-4.005635262,-6.288835526,-21.9933548,-0.703408086,-5.293634892,-12.3811543,-20.95852375,-18.04403758,-9.089574337,18.20658478,15.38276199,-3.845409851,-0.251553421,-21.77342125,-3.517040429,-10.79901518,0,0,-0.180440376,0
Pr,3,0.02,Li302PrP49S250Cl47F3,-6.839878186,-1.124979965,-0.06,0,0,-1,-6.08,0.94,0,0.98,5,2.16,0,0.02,0,0,-18.30410646,-2.546814899,-4.005635262,-6.288835526,-21.9933548,-0.703408086,-5.293634892,-10.39075851,-17.92712975,-14.41075706,-9.332354069,18.30410646,15.48463459,-3.765297146,0,-21.5534877,-3.517040429,-11.43425137,0,-0.358542595,0,0
Pr,4,0.02,Li301PrP49S250Cl46F4,-6.839352037,-1.124893427,-0.08,0.08,0.02,-1,-6.08,0.92,0.08,0.98,5,2.08,0,0,0.02,0,-18.30647412,-2.546814899,-4.005635262,-6.288835526,-21.9933548,-0.703408086,-5.293634892,-12.3811543,-20.95852375,-18.04403758,-9.089574337,18.30647412,15.48463459,-3.685184441,-0.503106842,-21.5534877,-3.517040429,-11.01076057,0,0,-0.360880752,0
Pr,3,0.03,Li606Pr3P97S500Cl91F9,-6.901523137,-1.127699859,-0.09,0,0,-1,-6.12,0.91,0,0.97,5,2.24,0,0.03,0,0,-18.4032484,-2.546814899,-4.005635262,-6.288835526,-21.9933548,-0.703408086,-5.293634892,-10.39075851,-17.92712975,-14.41075706,-9.332354069,18.4032484,15.58650718,-3.645128088,0,-21.33355415,-3.517040429,-11.85774216,0,-0.537813892,0,0
Pr,4,0.03,Li603Pr3P97S500Cl88F12,-6.899311125,-1.127338419,-0.12,0.12,0.03,-1,-6.12,0.88,0.12,0.97,5,2.12,0,0,0.03,0,-18.40822267,-2.546814899,-4.005635262,-6.288835526,-21.9933548,-0.703408086,-5.293634892,-12.3811543,-20.95852375,-18.04403758,-9.089574337,18.40822267,15.58650718,-3.52495903,-0.754660263,-21.33355415,-3.517040429,-11.22250597,0,0,-0.541321127,0
Pr,3,0.04,Li152PrP24S125Cl22F3,-6.962290855,-1.130242022,-0.12,0,0,-1,-6.16,0.88,0,0.96,5,2.32,0,0.04,0,0,-18.50326757,-2.546814899,-4.005635262,-6.288835526,-21.9933548,-0.703408086,-5.293634892,-10.39075851,-17.92712975,-14.41075706,-9.332354069,18.50326757,15.68837978,-3.52495903,0,-21.11362061,-3.517040429,-12.28123295,0,-0.71708519,0,0
Pr,4,0.04,Li151PrP24S125Cl21F4,-6.958422108,-1.129613979,-0.16,0.16,0.04,-1,-6.16,0.84,0.16,0.96,5,2.16,0,0,0.04,0,-18.51081932,-2.546814899,-4.005635262,-6.288835526,-21.9933548,-0.703408086,-5.293634892,-12.3811543,-20.95852375,-18.04403758,-9.089574337,18.51081932,15.68837978,-3.36473362,-1.006213684,-21.11362061,-3.517040429,-11.43425137,0,0,-0.721761503,0
Pr,3,0.05,Li122PrP19S100Cl17F3,-7.022236096,-1.132618725,-0.15,0,0,-1,-6.2,0.85,0,0.95,5,2.4,-6.94E-18,0.05,0,6.94E-18,-18.60410922,-2.546814899,-4.005635262,-6.288835526,-21.9933548,-0.703408086,-5.293634892,-10.39075851,-17.92712975,-14.41075706,-9.332354069,18.60410922,15.79025237,-3.404789972,0,-20.89368706,-3.517040429,-12.70472374,7.21E-17,-0.896356487,0,-6.48E-17
Pr,4,0.05,Li121PrP19S100Cl16F4,-7.016079741,-1.131625765,-0.2,0.2,0.05,-1,-6.2,0.8,0.2,0.95,5,2.2,0,0,0.05,0,-18.61486933,-2.546814899,-4.005635262,-6.288835526,-21.9933548,-0.703408086,-5.293634892,-12.3811543,-20.95852375,-18.04403758,-9.089574337,18.61486933,15.79025237,-3.204508209,-1.257767105,-20.89368706,-3.517040429,-11.64599676,0,0,-0.902201879,0
Pr,3,0.06,Li306Pr3P47S250Cl41F9,-7.081207516,-1.134808897,-0.18,0,0,-1,-6.24,0.82,0,0.94,5,2.48,0,0.06,0,0,-18.70592468,-2.546814899,-4.005635262,-6.288835526,-21.9933548,-0.703408086,-5.293634892,-10.39075851,-17.92712975,-14.41075706,-9.332354069,18.70592468,15.89212497,-3.284620914,0,-20.67375351,-3.517040429,-13.12821453,0,-1.075627785,0,0
Pr,4,0.06,Li303Pr3P47S250Cl38F12,-7.071423156,-1.13324089,-0.24,0.24,0.06,-1,-6.24,0.76,0.24,0.94,5,2.24,0,0,0.06,0,-18.72123355,-2.546814899,-4.005635262,-6.288835526,-21.9933548,-0.703408086,-5.293634892,-12.3811543,-20.95852375,-18.04403758,-9.089574337,18.72123355,15.89212497,-3.044282799,-1.509320526,-20.67375351,-3.517040429,-11.85774216,0,0,-1.082642255,0
Pr,3,0.07,Li614Pr7P93S500Cl79F21,-7.139096726,-1.136798842,-0.21,0,0,-1,-6.28,0.79,0,0.93,5,2.56,-1.39E-17,0.07,0,1.39E-17,-18.80882236,-2.546814899,-4.005635262,-6.288835526,-21.9933548,-0.703408086,-5.293634892,-10.39075851,-17.92712975,-14.41075706,-9.332354069,18.80882236,15.99399757,-3.164451857,0,-20.45381996,-3.517040429,-13.55170532,1.44E-16,-1.254899082,0,-1.30E-16
Pr,4,0.07,Li607Pr7P93S500Cl72F28,-7.12381478,-1.134365411,-0.28,0.28,0.07,-1,-6.28,0.72,0.28,0.93,5,2.28,0,0,0.07,0,-18.83054956,-2.546814899,-4.005635262,-6.288835526,-21.9933548,-0.703408086,-5.293634892,-12.3811543,-20.95852375,-18.04403758,-9.089574337,18.83054956,15.99399757,-2.884057388,-1.760873947,-20.45381996,-3.517040429,-12.06948755,0,0,-1.263082631,0
Pr,3,0.08,Li154Pr2P23S125Cl19F6,-7.195681743,-1.138557238,-0.24,0,0,-1,-6.32,0.76,0,0.92,5,2.64,0,0.08,0,0,-18.91302423,-2.546814899,-4.005635262,-6.288835526,-21.9933548,-0.703408086,-5.293634892,-10.39075851,-17.92712975,-14.41075706,-9.332354069,18.91302423,16.09587016,-3.044282799,0,-20.23388641,-3.517040429,-13.97519611,0,-1.43417038,0,0
Pr,4,0.08,Li152Pr2P23S125Cl17F8,-7.173287143,-1.135013788,-0.32,0.32,0.08,-1,-6.32,0.68,0.32,0.92,5,2.32,0,0,0.08,0,-18.94278484,-2.546814899,-4.005635262,-6.288835526,-21.9933548,-0.703408086,-5.293634892,-12.3811543,-20.95852375,-18.04403758,-9.089574337,18.94278484,16.09587016,-2.723831978,-2.012427368,-20.23388641,-3.517040429,-12.28123295,0,0,-1.443523006,0
Pr,3,0.09,Li618Pr9P91S500Cl73F27,-7.250425024,-1.140003935,-0.27,0,0,-1,-6.36,0.73,0,0.91,5,2.72,1.39E-17,0.09,0,-1.39E-17,-19.01906784,-2.546814899,-4.005635262,-6.288835526,-21.9933548,-0.703408086,-5.293634892,-10.39075851,-17.92712975,-14.41075706,-9.332354069,19.01906784,16.19774276,-2.924113741,0,-20.01395287,-3.517040429,-14.3986869,-1.44E-16,-1.613441677,0,1.30E-16
Pr,4,0.09,Li609Pr9P91S500Cl64F36,-7.221191473,-1.135407464,-0.36,0.36,0.09,-1,-6.36,0.64,0.36,0.91,5,2.36,0,0,0.09,0,-19.05658815,-2.546814899,-4.005635262,-6.288835526,-21.9933548,-0.703408086,-5.293634892,-12.3811543,-20.95852375,-18.04403758,-9.089574337,19.05658815,16.19774276,-2.563606567,-2.263980789,-20.01395287,-3.517040429,-12.49297834,0,0,-1.623963382,0
Pr,3,0.1,Li62PrP9S50Cl7F3,-7.302702394,-1.141047249,-0.3,0,0,-1,-6.4,0.7,0,0.9,5,2.8,-1.39E-17,0.1,0,1.39E-17,-19.12757735,-2.546814899,-4.005635262,-6.288835526,-21.9933548,-0.703408086,-5.293634892,-10.39075851,-17.92712975,-14.41075706,-9.332354069,19.12757735,16.29961535,-2.803944683,0,-19.79401932,-3.517040429,-14.8221777,1.44E-16,-1.792712975,0,-1.30E-16
Pr,4,0.1,Li61PrP9S50Cl6F4,-7.269578078,-1.135871575,-0.4,0.4,0.1,-1,-6.4,0.6,0.4,0.9,5,2.4,0,0,0.1,0,-19.16990918,-2.546814899,-4.005635262,-6.288835526,-21.9933548,-0.703408086,-5.293634892,-12.3811543,-20.95852375,-18.04403758,-9.089574337,19.16990918,16.29961535,-2.403381157,-2.51553421,-19.79401932,-3.517040429,-12.70472374,0,0,-1.804403758,0
Pristine,none,none,Li6PS5Cl,-7.440761383,-1.240126897,0,0,0,-1,-6,1,0,1,5,2,0,0,0,0,-17.38164949,-2.546814899,-4.005635262,-6.288835526,-21.9933548,-0.703408086,-5.293634892,-10.68239021,-18.01965904,-14.63361597,-9.534380436,17.38164949,15.28088939,-4.005635262,0,-21.9933548,-3.517040429,-10.58726978,0,0,0,0
Pt,2,0.01,Li603PtP99S500Cl98F2,-7.35292306,-1.219390226,-0.02,0.02,0,-1,-6.03,0.98,0.02,0.99,5,2.06,0,0,0,0.01,-17.55054485,-2.546814899,-4.005635262,-6.288835526,-21.9933548,-0.703408086,-5.293634892,-1.238414347,-3.99284327,-5.081143379,-1.41129303,17.55054485,15.35729384,-3.925522556,-0.125776711,-21.77342125,-3.517040429,-10.90488788,0,0,0,-0.01411293
Pt,4,0.01,Li601PtP99S500Cl96F4,-7.340255242,-1.219311502,-0.04,0.04,0,-1,-6.02,0.96,0.04,0.99,5,2.04,0,0,0,0.01,-17.54056386,-2.546814899,-4.005635262,-6.288835526,-21.9933548,-0.703408086,-5.293634892,-2.32953757,-6.657091379,-10.04434168,-2.62046653,17.54056386,15.33182569,-3.845409851,-0.251553421,-21.77342125,-3.517040429,-10.79901518,0,0,0,-0.026204665
Pt,2,0.02,Li303PtP49S250Cl48F2,-7.362953058,-1.215008756,-0.04,0.04,0,-1,-6.06,0.96,0.04,0.98,5,2.12,0,0,0,0.02,-17.62157189,-2.546814899,-4.005635262,-6.288835526,-21.9933548,-0.703408086,-5.293634892,-1.238414347,-3.99284327,-5.081143379,-1.41129303,17.62157189,15.43369829,-3.845409851,-0.251553421,-21.5534877,-3.517040429,-11.22250597,0,0,0,-0.028225861
Pt,4,0.02,Li301PtP49S250Cl46F4,-7.331586914,-1.213838893,-0.08,0.08,0,-1,-6.04,0.92,0.08,0.98,5,2.08,0,0,0,0.02,-17.60764041,-2.546814899,-4.005635262,-6.288835526,-21.9933548,-0.703408086,-5.293634892,-2.32953757,-6.657091379,-10.04434168,-2.62046653,17.60764041,15.38276199,-3.685184441,-0.503106842,-21.5534877,-3.517040429,-11.01076057,0,0,0,-0.052409331
Pt,2,0.03,Li609Pt3P97S500Cl94F6,-7.371163344,-1.210371649,-0.06,0.06,0,-1,-6.09,0.94,0.06,0.97,5,2.18,0,0,0,0.03,-17.69441864,-2.546814899,-4.005635262,-6.288835526,-21.9933548,-0.703408086,-5.293634892,-1.238414347,-3.99284327,-5.081143379,-1.41129303,17.69441864,15.51010274,-3.765297146,-0.377330132,-21.33355415,-3.517040429,-11.54012406,0,0,0,-0.042338791
Pt,4,0.03,Li603Pt3P97S500Cl88F12,-7.315941173,-1.207251019,-0.12,0.12,0,-1,-6.06,0.88,0.12,0.97,5,2.12,0,0,0,0.03,-17.68169438,-2.546814899,-4.005635262,-6.288835526,-21.9933548,-0.703408086,-5.293634892,-2.32953757,-6.657091379,-10.04434168,-2.62046653,17.68169438,15.43369829,-3.52495903,-0.754660263,-21.33355415,-3.517040429,-11.22250597,0,0,0,-0.078613996
Pt,2,0.04,Li153PtP24S125Cl23F2,-7.377260847,-1.205434779,-0.08,0.08,0,-1,-6.12,0.92,0.08,0.96,5,2.24,0,0,0,0.04,-17.76937817,-2.546814899,-4.005635262,-6.288835526,-21.9933548,-0.703408086,-5.293634892,-1.238414347,-3.99284327,-5.081143379,-1.41129303,17.76937817,15.58650718,-3.685184441,-0.503106842,-21.11362061,-3.517040429,-11.85774216,0,0,0,-0.056451721
Pt,4,0.04,Li151PtP24S125Cl21F4,-7.293745176,-1.199629141,-0.16,0.16,0,-1,-6.08,0.84,0.16,0.96,5,2.16,0,0,0,0.04,-17.7622986,-2.546814899,-4.005635262,-6.288835526,-21.9933548,-0.703408086,-5.293634892,-2.32953757,-6.657091379,-10.04434168,-2.62046653,17.7622986,15.48463459,-3.36473362,-1.006213684,-21.11362061,-3.517040429,-11.43425137,0,0,0,-0.104818661
Pt,2,0.05,Li123PtP19S100Cl18F2,-7.380849598,-1.200138146,-0.1,0.1,0,-1,-6.15,0.9,0.1,0.95,5,2.3,0,0,0,0.05,-17.84684645,-2.546814899,-4.005635262,-6.288835526,-21.9933548,-0.703408086,-5.293634892,-1.238414347,-3.99284327,-5.081143379,-1.41129303,17.84684645,15.66291163,-3.605071735,-0.628883553,-20.89368706,-3.517040429,-12.17536025,0,0,0,-0.070564651
Pt,4,0.05,Li121PtP19S100Cl16F4,-7.26658175,-1.19124291,-0.2,0.2,0,-1,-6.1,0.8,0.2,0.95,5,2.2,0,0,0,0.05,-17.84787025,-2.546814899,-4.005635262,-6.288835526,-21.9933548,-0.703408086,-5.293634892,-2.32953757,-6.657091379,-10.04434168,-2.62046653,17.84787025,15.53557088,-3.204508209,-1.257767105,-20.89368706,-3.517040429,-11.64599676,0,0,0,-0.131023327
Pt,2,0.06,Li309Pt3P47S250Cl44F6,-7.381710821,-1.194451589,-0.12,0.12,0,-1,-6.18,0.88,0.12,0.94,5,2.36,0,0,0,0.06,-17.92704226,-2.546814899,-4.005635262,-6.288835526,-21.9933548,-0.703408086,-5.293634892,-1.238414347,-3.99284327,-5.081143379,-1.41129303,17.92704226,15.73931608,-3.52495903,-0.754660263,-20.67375351,-3.517040429,-12.49297834,0,0,0,-0.084677582
Pt,4,0.06,Li303Pt3P47S250Cl38F12,-7.237352623,-1.182573958,-0.24,0.24,0,-1,-6.12,0.76,0.24,0.94,5,2.24,0,0,0,0.06,-17.93550761,-2.546814899,-4.005635262,-6.288835526,-21.9933548,-0.703408086,-5.293634892,-2.32953757,-6.657091379,-10.04434168,-2.62046653,17.93550761,15.58650718,-3.044282799,-1.509320526,-20.67375351,-3.517040429,-11.85774216,0,0,0,-0.157227992
Pt,2,0.07,Li621Pt7P93S500Cl86F14,-7.380030183,-1.188410658,-0.14,0.14,0,-1,-6.21,0.86,0.14,0.93,5,2.42,0,0,0,0.07,-18.00977993,-2.546814899,-4.005635262,-6.288835526,-21.9933548,-0.703408086,-5.293634892,-1.238414347,-3.99284327,-5.081143379,-1.41129303,18.00977993,15.81572052,-3.444846325,-0.880436974,-20.45381996,-3.517040429,-12.81059644,0,0,0,-0.098790512
Pt,4,0.07,Li607Pt7P93S500Cl72F28,-7.208739407,-1.174061793,-0.28,0.28,0,-1,-6.14,0.72,0.28,0.93,5,2.28,0,0,0,0.07,-18.02252905,-2.546814899,-4.005635262,-6.288835526,-21.9933548,-0.703408086,-5.293634892,-2.32953757,-6.657091379,-10.04434168,-2.62046653,18.02252905,15.63744348,-2.884057388,-1.760873947,-20.45381996,-3.517040429,-12.06948755,0,0,0,-0.183432657
Pt,2,0.08,Li156Pt2P23S125Cl21F4,-7.376400826,-1.182115517,-0.16,0.16,0,-1,-6.24,0.84,0.16,0.92,5,2.48,0,0,0,0.08,-18.09446632,-2.546814899,-4.005635262,-6.288835526,-21.9933548,-0.703408086,-5.293634892,-1.238414347,-3.99284327,-5.081143379,-1.41129303,18.09446632,15.89212497,-3.36473362,-1.006213684,-20.23388641,-3.517040429,-13.12821453,0,0,0,-0.112903442
Pt,4,0.08,Li152Pt2P23S125Cl17F8,-7.182090975,-1.16592386,-0.32,0.32,0,-1,-6.16,0.68,0.32,0.92,5,2.32,0,0,0,0.08,-18.10758571,-2.546814899,-4.005635262,-6.288835526,-21.9933548,-0.703408086,-5.293634892,-2.32953757,-6.657091379,-10.04434168,-2.62046653,18.10758571,15.68837978,-2.723831978,-2.012427368,-20.23388641,-3.517040429,-12.28123295,0,0,0,-0.209637322
Pt,2,0.09,Li627Pt9P91S500Cl82F18,-7.371612825,-1.175695825,-0.18,0.18,0,-1,-6.27,0.82,0.18,0.91,5,2.54,0,0,0,0.09,-18.18031136,-2.546814899,-4.005635262,-6.288835526,-21.9933548,-0.703408086,-5.293634892,-1.238414347,-3.99284327,-5.081143379,-1.41129303,18.18031136,15.96852942,-3.284620914,-1.131990395,-20.01395287,-3.517040429,-13.44583262,0,0,0,-0.127016373
Pt,4,0.09,Li609Pt9P91S500Cl64F36,-7.367711538,-1.15844521,-0.36,0.36,0.09,-1,-6.36,0.64,0.36,0.91,5,2.36,0,0,0.09,0,-18.19009545,-2.546814899,-4.005635262,-6.288835526,-21.9933548,-0.703408086,-5.293634892,-2.32953757,-6.657091379,-10.04434168,-2.62046653,18.19009545,16.19774276,-2.563606567,-2.263980789,-20.01395287,-3.517040429,-12.49297834,0,0,-0.903990752,0
Pt,2,0.1,Li63PtP9S50Cl8F2,-7.366419114,-1.169272875,-0.2,0.2,0,-1,-6.3,0.8,0.2,0.9,5,2.6,0,0,0,0.1,-18.2665621,-2.546814899,-4.005635262,-6.288835526,-21.9933548,-0.703408086,-5.293634892,-1.238414347,-3.99284327,-5.081143379,-1.41129303,18.2665621,16.04493386,-3.204508209,-1.257767105,-19.79401932,-3.517040429,-13.76345072,0,0,0,-0.141129303
Pt,4,0.1,Li61PtP9S50Cl6F4,-7.369629446,-1.151504601,-0.4,0.4,0.1,-1,-6.4,0.6,0.4,0.9,5,2.4,0,0,0.1,0,-18.26988822,-2.546814899,-4.005635262,-6.288835526,-21.9933548,-0.703408086,-5.293634892,-2.32953757,-6.657091379,-10.04434168,-2.62046653,18.26988822,16.29961535,-2.403381157,-2.51553421,-19.79401932,-3.517040429,-12.70472374,0,0,-1.004434168,0
Pu,3,0.01,Li602PuP99S500Cl97F3,-7.296147993,-1.207971522,-0.03,0,0,-1,-6.04,0.97,0,0.99,5,2.08,0,0.01,0,0,-17.67615343,-2.546814899,-4.005635262,-6.288835526,-21.9933548,-0.703408086,-5.293634892,-9.366373062,-16.8374958,-12.93260074,-8.105701208,17.67615343,15.38276199,-3.885466204,0,-21.77342125,-3.517040429,-11.01076057,0,-0.168374958,0,0
Pu,4,0.01,Li601PuP99S500Cl96F4,-7.285727524,-1.210253742,-0.04,0.04,0,-1,-6.02,0.96,0.04,0.99,5,2.04,0,0,0,0.01,-17.67422928,-2.546814899,-4.005635262,-6.288835526,-21.9933548,-0.703408086,-5.293634892,-10.17104626,-19.80007887,-16.86858308,-10.53423715,17.67422928,15.33182569,-3.845409851,-0.251553421,-21.77342125,-3.517040429,-10.79901518,0,0,0,-0.105342371
Pu,5,0.01,Li600PuP99S500Cl95F5,-7.300734688,-1.208730909,-0.05,0.05,0.01,-1,-6.04,0.95,0.05,0.99,5,2.03,0,0,0.01,0,-17.67288232,-2.546814899,-4.005635262,-6.288835526,-21.9933548,-0.703408086,-5.293634892,-11.85593605,-21.25347233,-20.00432134,-10.55696559,17.67288232,15.38276199,-3.805353498,-0.314441776,-21.77342125,-3.517040429,-10.74607883,0,0,-0.200043213,0
Pu,6,0.01,Li599PuP99S500Cl94F6,-7.303978455,-1.209267956,-0.06,0.06,0.01,-1,-6.04,0.94,0.06,0.99,5,2.02,0,0,0.01,0,-17.67204922,-2.546814899,-4.005635262,-6.288835526,-21.9933548,-0.703408086,-5.293634892,-11.96005595,-21.73147535,-23.25582266,-9.833696365,17.67204922,15.38276199,-3.765297146,-0.377330132,-21.77342125,-3.517040429,-10.69314248,0,0,-0.232558227,0
Pu,7,0.01,Li598PuP99S500Cl93F7,-7.306685742,-1.209716182,-0.07,0.07,0.01,-1,-6.04,0.93,0.07,0.99,5,2.01,0,0,0.01,0,-17.67165758,-2.546814899,-4.005635262,-6.288835526,-21.9933548,-0.703408086,-5.293634892,-14.39069748,-18.95665359,-26.49782181,-11.27525783,17.67165758,15.38276199,-3.725240793,-0.440218487,-21.77342125,-3.517040429,-10.64020613,0,0,-0.264978218,0
Pu,3,0.02,Li302PuP49S250Cl47F3,-7.356930513,-1.210021466,-0.06,0,0,-1,-6.08,0.94,0,0.98,5,2.16,0,0.02,0,0,-17.76526146,-2.546814899,-4.005635262,-6.288835526,-21.9933548,-0.703408086,-5.293634892,-9.366373062,-16.8374958,-12.93260074,-8.105701208,17.76526146,15.48463459,-3.765297146,0,-21.5534877,-3.517040429,-11.43425137,0,-0.336749916,0,0
Pu,4,0.02,Li301PuP49S250Cl46F4,-7.332570458,-1.214001732,-0.08,0.08,0,-1,-6.04,0.92,0.08,0.98,5,2.08,0,0,0,0.02,-17.76493228,-2.546814899,-4.005635262,-6.288835526,-21.9933548,-0.703408086,-5.293634892,-10.17104626,-19.80007887,-16.86858308,-10.53423715,17.76493228,15.38276199,-3.685184441,-0.503106842,-21.5534877,-3.517040429,-11.01076057,0,0,0,-0.210684743
Pu,5,0.02,Li300PuP49S250Cl45F5,-7.358805699,-1.210329885,-0.1,0.1,0.02,-1,-6.08,0.9,0.1,0.98,5,2.06,0,0,0.02,0,-17.76601744,-2.546814899,-4.005635262,-6.288835526,-21.9933548,-0.703408086,-5.293634892,-11.85593605,-21.25347233,-20.00432134,-10.55696559,17.76601744,15.48463459,-3.605071735,-0.628883553,-21.5534877,-3.517040429,-10.90488788,0,0,-0.400086427,0
Pu,6,0.02,Li299PuP49S250Cl44F6,-7.361595561,-1.210788744,-0.12,0.12,0.02,-1,-6.08,0.88,0.12,0.98,5,2.04,0,0,0.02,0,-17.76804891,-2.546814899,-4.005635262,-6.288835526,-21.9933548,-0.703408086,-5.293634892,-11.96005595,-21.73147535,-23.25582266,-9.833696365,17.76804891,15.48463459,-3.52495903,-0.754660263,-21.5534877,-3.517040429,-10.79901518,0,0,-0.465116453,0
Pu,7,0.02,Li298PuP49S250Cl43F7,-7.363647803,-1.211126283,-0.14,0.14,0.02,-1,-6.08,0.86,0.14,0.98,5,2.02,0,0,0.02,0,-17.77062796,-2.546814899,-4.005635262,-6.288835526,-21.9933548,-0.703408086,-5.293634892,-14.39069748,-18.95665359,-26.49782181,-11.27525783,17.77062796,15.48463459,-3.444846325,-0.880436974,-21.5534877,-3.517040429,-10.69314248,0,0,-0.529956436,0
Pu,3,0.03,Li606Pu3P97S500Cl91F9,-7.415025759,-1.211605516,-0.09,0,0,-1,-6.12,0.91,0,0.97,5,2.24,0,0.03,0,0,-17.85705676,-2.546814899,-4.005635262,-6.288835526,-21.9933548,-0.703408086,-5.293634892,-9.366373062,-16.8374958,-12.93260074,-8.105701208,17.85705676,15.58650718,-3.645128088,0,-21.33355415,-3.517040429,-11.85774216,0,-0.505124874,0,0
Pu,4,0.03,Li603Pu3P97S500Cl88F12,-7.374824543,-1.216967746,-0.12,0.12,0,-1,-6.06,0.88,0.12,0.97,5,2.12,0,0,0,0.03,-17.86022413,-2.546814899,-4.005635262,-6.288835526,-21.9933548,-0.703408086,-5.293634892,-10.17104626,-19.80007887,-16.86858308,-10.53423715,17.86022413,15.43369829,-3.52495903,-0.754660263,-21.33355415,-3.517040429,-11.22250597,0,0,0,-0.316027114
Pu,5,0.03,Li600Pu3P97S500Cl85F15,-7.411142743,-1.210971036,-0.15,0.15,0.03,-1,-6.12,0.85,0.15,0.97,5,2.09,0,0,0.03,0,-17.86488652,-2.546814899,-4.005635262,-6.288835526,-21.9933548,-0.703408086,-5.293634892,-11.85593605,-21.25347233,-20.00432134,-10.55696559,17.86488652,15.58650718,-3.404789972,-0.943325329,-21.33355415,-3.517040429,-11.06369692,0,0,-0.60012964,0
Pu,6,0.03,Li597Pu3P97S500Cl82F18,-7.413382508,-1.211337011,-0.18,0.18,0.03,-1,-6.12,0.82,0.18,0.97,5,2.06,0,0,0.03,0,-17.86987876,-2.546814899,-4.005635262,-6.288835526,-21.9933548,-0.703408086,-5.293634892,-11.96005595,-21.73147535,-23.25582266,-9.833696365,17.86987876,15.58650718,-3.284620914,-1.131990395,-21.33355415,-3.517040429,-10.90488788,0,0,-0.69767468,0
Pu,7,0.03,Li594Pu3P97S500Cl79F21,-7.415847192,-1.211739737,-0.21,0.21,0.03,-1,-6.12,0.79,0.21,0.97,5,2.03,0,0,0.03,0,-17.87436101,-2.546814899,-4.005635262,-6.288835526,-21.9933548,-0.703408086,-5.293634892,-14.39069748,-18.95665359,-26.49782181,-11.27525783,17.87436101,15.58650718,-3.164451857,-1.32065546,-21.33355415,-3.517040429,-10.74607883,0,0,-0.794934654,0
Pu,3,0.04,Li152PuP24S125Cl22F3,-7.470991388,-1.212823277,-0.12,0,0,-1,-6.16,0.88,0,0.96,5,2.32,0,0.04,0,0,-17.95098168,-2.546814899,-4.005635262,-6.288835526,-21.9933548,-0.703408086,-5.293634892,-9.366373062,-16.8374958,-12.93260074,-8.105701208,17.95098168,15.68837978,-3.52495903,0,-21.11362061,-3.517040429,-12.28123295,0,-0.673499832,0,0
Pu,4,0.04,Li151PuP24S125Cl21F4,-7.414402389,-1.219474077,-0.16,0.16,0,-1,-6.08,0.84,0.16,0.96,5,2.16,0,0,0,0.04,-17.95819221,-2.546814899,-4.005635262,-6.288835526,-21.9933548,-0.703408086,-5.293634892,-10.17104626,-19.80007887,-16.86858308,-10.53423715,17.95819221,15.48463459,-3.36473362,-1.006213684,-21.11362061,-3.517040429,-11.43425137,0,0,0,-0.421369486
Pu,5,0.04,Li150PuP24S125Cl20F5,-7.461370617,-1.211261464,-0.2,0.2,0.04,-1,-6.16,0.8,0.2,0.96,5,2.12,0,0,0.04,0,-17.96586478,-2.546814899,-4.005635262,-6.288835526,-21.9933548,-0.703408086,-5.293634892,-11.85593605,-21.25347233,-20.00432134,-10.55696559,17.96586478,15.68837978,-3.204508209,-1.257767105,-21.11362061,-3.517040429,-11.22250597,0,0,-0.800172853,0
Pu,6,0.04,Li149PuP24S125Cl19F6,-7.464738875,-1.211808259,-0.24,0.24,0.04,-1,-6.16,0.76,0.24,0.96,5,2.08,0,0,0.04,0,-17.97213919,-2.546814899,-4.005635262,-6.288835526,-21.9933548,-0.703408086,-5.293634892,-11.96005595,-21.73147535,-23.25582266,-9.833696365,17.97213919,15.68837978,-3.044282799,-1.509320526,-21.11362061,-3.517040429,-11.01076057,0,0,-0.930232906,0
Pu,7,0.04,Li148PuP24S125Cl18F7,-7.471061083,-1.212834591,-0.28,0.28,0.04,-1,-6.16,0.72,0.28,0.96,5,2.04,0,0,0.04,0,-17.97507956,-2.546814899,-4.005635262,-6.288835526,-21.9933548,-0.703408086,-5.293634892,-14.39069748,-18.95665359,-26.49782181,-11.27525783,17.97507956,15.68837978,-2.884057388,-1.760873947,-21.11362061,-3.517040429,-10.79901518,0,0,-1.059912872,0
Pu,3,0.05,Li122PuP19S100Cl17F3,-7.525313579,-1.213760255,-0.15,0,0,-1,-6.2,0.85,0,0.95,5,2.4,-6.94E-18,0.05,0,6.94E-18,-18.04655004,-2.546814899,-4.005635262,-6.288835526,-21.9933548,-0.703408086,-5.293634892,-9.366373062,-16.8374958,-12.93260074,-8.105701208,18.04655004,15.79025237,-3.404789972,0,-20.89368706,-3.517040429,-12.70472374,6.50E-17,-0.84187479,0,-5.62E-17
Pu,4,0.05,Li121PuP19S100Cl16F4,-7.452779135,-1.221767071,-0.2,0.2,0,-1,-6.1,0.8,0.2,0.95,5,2.2,0,0,0,0.05,-18.0573614,-2.546814899,-4.005635262,-6.288835526,-21.9933548,-0.703408086,-5.293634892,-10.17104626,-19.80007887,-16.86858308,-10.53423715,18.0573614,15.53557088,-3.204508209,-1.257767105,-20.89368706,-3.517040429,-11.64599676,0,0,0,-0.526711857
Pu,5,0.05,Li120PuP19S100Cl15F5,-7.511575245,-1.211544394,-0.25,0.25,0.05,-1,-6.2,0.75,0.25,0.95,5,2.15,0,0,0.05,0,-18.06686628,-2.546814899,-4.005635262,-6.288835526,-21.9933548,-0.703408086,-5.293634892,-11.85593605,-21.25347233,-20.00432134,-10.55696559,18.06686628,15.79025237,-3.004226446,-1.572208881,-20.89368706,-3.517040429,-11.38131502,0,0,-1.000216067,0
Pu,6,0.05,Li119PuP19S100Cl14F6,-7.518398528,-1.212644924,-0.3,0.3,0.05,-1,-6.2,0.7,0.3,0.95,5,2.1,-6.94E-18,6.94E-18,0.05,0,-18.07209633,-2.546814899,-4.005635262,-6.288835526,-21.9933548,-0.703408086,-5.293634892,-11.96005595,-21.73147535,-23.25582266,-9.833696365,18.07209633,15.79025237,-2.803944683,-1.886650658,-20.89368706,-3.517040429,-11.11663327,8.30E-17,-1.51E-16,-1.162791133,0
Pu,7,0.05,Li118PuP19S100Cl13F7,-7.532257616,-1.214880261,-0.35,0.35,0.05,-1,-6.2,0.65,0.35,0.95,5,2.05,-6.94E-18,6.94E-18,0.05,0,-18.06981547,-2.546814899,-4.005635262,-6.288835526,-21.9933548,-0.703408086,-5.293634892,-14.39069748,-18.95665359,-26.49782181,-11.27525783,18.06981547,15.79025237,-2.60366292,-2.201092434,-20.89368706,-3.517040429,-10.85195153,9.99E-17,-1.32E-16,-1.32489109,0
Pu,3,0.06,Li306Pu3P47S250Cl41F9,-7.578506558,-1.214504256,-0.18,0,0,-1,-6.24,0.82,0,0.94,5,2.48,0,0.06,0,0,-18.1432476,-2.546814899,-4.005635262,-6.288835526,-21.9933548,-0.703408086,-5.293634892,-9.366373062,-16.8374958,-12.93260074,-8.105701208,18.1432476,15.89212497,-3.284620914,0,-20.67375351,-3.517040429,-13.12821453,0,-1.010249748,0,0
Pu,4,0.06,Li303Pu3P47S250Cl38F12,-7.490777462,-1.223983245,-0.24,0.24,0,-1,-6.12,0.76,0.24,0.94,5,2.24,0,0,0,0.06,-18.15690901,-2.546814899,-4.005635262,-6.288835526,-21.9933548,-0.703408086,-5.293634892,-10.17104626,-19.80007887,-16.86858308,-10.53423715,18.15690901,15.58650718,-3.044282799,-1.509320526,-20.67375351,-3.517040429,-11.85774216,0,0,0,-0.632054229
Pu,5,0.06,Li300Pu3P47S250Cl35F15,-7.562176602,-1.211887276,-0.3,0.3,0.06,-1,-6.24,0.7,0.3,0.94,5,2.18,0,0,0.06,0,-18.16747105,-2.546814899,-4.005635262,-6.288835526,-21.9933548,-0.703408086,-5.293634892,-11.85593605,-21.25347233,-20.00432134,-10.55696559,18.16747105,15.89212497,-2.803944683,-1.886650658,-20.67375351,-3.517040429,-11.54012406,0,0,-1.20025928,0
Pu,6,0.06,Li297Pu3P47S250Cl32F18,-7.573903031,-1.213766511,-0.36,0.36,0.06,-1,-6.24,0.64,0.36,0.94,5,2.12,0,0,0.06,0,-18.17020862,-2.546814899,-4.005635262,-6.288835526,-21.9933548,-0.703408086,-5.293634892,-11.96005595,-21.73147535,-23.25582266,-9.833696365,18.17020862,15.89212497,-2.563606567,-2.263980789,-20.67375351,-3.517040429,-11.22250597,0,0,-1.39534936,0
Pu,7,0.06,Li294Pu3P47S250Cl29F21,-7.598445036,-1.217699525,-0.42,0.42,0.06,-1,-6.24,0.58,0.42,0.94,5,2.06,0,0,0.06,0,-18.15956049,-2.546814899,-4.005635262,-6.288835526,-21.9933548,-0.703408086,-5.293634892,-14.39069748,-18.95665359,-26.49782181,-11.27525783,18.15956049,15.89212497,-2.323268452,-2.641310921,-20.67375351,-3.517040429,-10.90488788,0,0,-1.589869308,0
Pu,3,0.07,Li614Pu7P93S500Cl79F21,-7.630935784,-1.215117163,-0.21,0,0,-1,-6.28,0.79,0,0.93,5,2.56,-1.39E-17,0.07,0,1.39E-17,-18.24070893,-2.546814899,-4.005635262,-6.288835526,-21.9933548,-0.703408086,-5.293634892,-9.366373062,-16.8374958,-12.93260074,-8.105701208,18.24070893,15.99399757,-3.164451857,0,-20.45381996,-3.517040429,-13.55170532,1.30E-16,-1.178624706,0,-1.12E-16
Pu,4,0.07,Li607Pu7P93S500Cl72F28,-7.528189576,-1.226089507,-0.28,0.28,0,-1,-6.14,0.72,0.28,0.93,5,2.28,0,0,0,0.07,-18.25704282,-2.546814899,-4.005635262,-6.288835526,-21.9933548,-0.703408086,-5.293634892,-10.17104626,-19.80007887,-16.86858308,-10.53423715,18.25704282,15.63744348,-2.884057388,-1.760873947,-20.45381996,-3.517040429,-12.06948755,0,0,0,-0.7373966
Pu,5,0.07,Li600Pu7P93S500Cl65F35,-7.611739646,-1.212060453,-0.35,0.35,0.07,-1,-6.28,0.65,0.35,0.93,5,2.21,-1.39E-17,1.39E-17,0.07,0,-18.26911414,-2.546814899,-4.005635262,-6.288835526,-21.9933548,-0.703408086,-5.293634892,-11.85593605,-21.25347233,-20.00432134,-10.55696559,18.26911414,15.99399757,-2.60366292,-2.201092434,-20.45381996,-3.517040429,-11.69893311,1.65E-16,-2.95E-16,-1.400302494,0
Pu,6,0.07,Li593Pu7P93S500Cl58F42,-7.631051218,-1.215135544,-0.42,0.42,0.07,-1,-6.28,0.58,0.42,0.93,5,2.14,-1.39E-17,1.39E-17,0.07,0,-18.26667723,-2.546814899,-4.005635262,-6.288835526,-21.9933548,-0.703408086,-5.293634892,-11.96005595,-21.73147535,-23.25582266,-9.833696365,18.26667723,15.99399757,-2.323268452,-2.641310921,-20.45381996,-3.517040429,-11.32837867,1.66E-16,-3.02E-16,-1.627907586,0
Pu,7,0.07,Li586Pu7P93S500Cl51F49,-7.670648926,-1.221440912,-0.49,0.49,0.07,-1,-6.28,0.51,0.49,0.93,5,2.07,-1.39E-17,1.39E-17,0.07,0,-18.24328904,-2.546814899,-4.005635262,-6.288835526,-21.9933548,-0.703408086,-5.293634892,-14.39069748,-18.95665359,-26.49782181,-11.27525783,18.24328904,15.99399757,-2.042873983,-3.081529408,-20.45381996,-3.517040429,-10.95782423,2.00E-16,-2.63E-16,-1.854847527,0
Pu,3,0.08,Li154Pu2P23S125Cl19F6,-7.682515587,-1.215587909,-0.24,0,0,-1,-6.32,0.76,0,0.92,5,2.64,0,0.08,0,0,-18.33901967,-2.546814899,-4.005635262,-6.288835526,-21.9933548,-0.703408086,-5.293634892,-9.366373062,-16.8374958,-12.93260074,-8.105701208,18.33901967,16.09587016,-3.044282799,0,-20.23388641,-3.517040429,-13.97519611,0,-1.346999664,0,0
Pu,4,0.08,Li152Pu2P23S125Cl17F8,-7.563609544,-1.227858692,-0.32,0.32,0,-1,-6.16,0.68,0.32,0.92,5,2.32,0,0,0,0.08,-18.35916879,-2.546814899,-4.005635262,-6.288835526,-21.9933548,-0.703408086,-5.293634892,-10.17104626,-19.80007887,-16.86858308,-10.53423715,18.35916879,15.68837978,-2.723831978,-2.012427368,-20.23388641,-3.517040429,-12.28123295,0,0,0,-0.842738972
Pu,5,0.08,Li150Pu2P23S125Cl15F10,-7.659867648,-1.212004375,-0.4,0.4,0.08,-1,-6.32,0.6,0.4,0.92,5,2.24,0,0,0.08,0,-18.37219226,-2.546814899,-4.005635262,-6.288835526,-21.9933548,-0.703408086,-5.293634892,-11.85593605,-21.25347233,-20.00432134,-10.55696559,18.37219226,16.09587016,-2.403381157,-2.51553421,-20.23388641,-3.517040429,-11.85774216,0,0,-1.600345707,0
Pu,6,0.08,Li148Pu2P23S125Cl13F12,-7.692573504,-1.217179352,-0.48,0.48,0.08,-1,-6.32,0.52,0.48,0.92,5,2.16,0,0,0.08,0,-18.35877174,-2.546814899,-4.005635262,-6.288835526,-21.9933548,-0.703408086,-5.293634892,-11.96005595,-21.73147535,-23.25582266,-9.833696365,18.35877174,16.09587016,-2.082930336,-3.018641052,-20.23388641,-3.517040429,-11.43425137,0,0,-1.860465813,0
Pu,7,0.08,Li146Pu2P23S125Cl11F14,-7.737327861,-1.224260737,-0.56,0.56,0.08,-1,-6.32,0.44,0.56,0.92,5,2.08,0,0,0.08,0,-18.33254255,-2.546814899,-4.005635262,-6.288835526,-21.9933548,-0.703408086,-5.293634892,-14.39069748,-18.95665359,-26.49782181,-11.27525783,18.33254255,16.09587016,-1.762479515,-3.521747894,-20.23388641,-3.517040429,-11.01076057,0,0,-2.119825745,0
Pu,3,0.09,Li618Pu9P91S500Cl73F27,-7.732537603,-1.215807799,-0.27,0,0,-1,-6.36,0.73,0,0.91,5,2.72,1.39E-17,0.09,0,-1.39E-17,-18.4388882,-2.546814899,-4.005635262,-6.288835526,-21.9933548,-0.703408086,-5.293634892,-9.366373062,-16.8374958,-12.93260074,-8.105701208,18.4388882,16.19774276,-2.924113741,0,-20.01395287,-3.517040429,-14.3986869,-1.30E-16,-1.515374622,0,1.12E-16
Pu,4,0.09,Li609Pu9P91S500Cl64F36,-7.595642737,-1.229068404,-0.36,0.36,0,-1,-6.18,0.64,0.36,0.91,5,2.36,0,0,0,0.09,-18.46468153,-2.546814899,-4.005635262,-6.288835526,-21.9933548,-0.703408086,-5.293634892,-10.17104626,-19.80007887,-16.86858308,-10.53423715,18.46468153,15.73931608,-2.563606567,-2.263980789,-20.01395287,-3.517040429,-12.49297834,0,0,0,-0.948081343
Pu,5,0.09,Li600Pu9P91S500Cl55F45,-7.70955312,-1.212193887,-0.45,0.45,0.09,-1,-6.36,0.55,0.45,0.91,5,2.27,0,0,0.09,0,-18.47371292,-2.546814899,-4.005635262,-6.288835526,-21.9933548,-0.703408086,-5.293634892,-11.85593605,-21.25347233,-20.00432134,-10.55696559,18.47371292,16.19774276,-2.203099394,-2.829975986,-20.01395287,-3.517040429,-12.0165512,0,0,-1.80038892,0
Pu,6,0.09,Li591Pu9P91S500Cl46F54,-7.752484223,-1.21894406,-0.54,0.54,0.09,-1,-6.36,0.46,0.54,0.91,5,2.18,1.39E-17,-1.39E-17,0.09,0,-18.45247782,-2.546814899,-4.005635262,-6.288835526,-21.9933548,-0.703408086,-5.293634892,-11.96005595,-21.73147535,-23.25582266,-9.833696365,18.45247782,16.19774276,-1.84259222,-3.395971184,-20.01395287,-3.517040429,-11.54012406,-1.66E-16,3.02E-16,-2.093024039,0
Pu,7,0.09,Li582Pu9P91S500Cl37F63,-7.80649446,-1.227436236,-0.63,0.63,0.09,-1,-6.36,0.37,0.63,0.91,5,2.09,0,0,0.09,0,-18.41930839,-2.546814899,-4.005635262,-6.288835526,-21.9933548,-0.703408086,-5.293634892,-14.39069748,-18.95665359,-26.49782181,-11.27525783,18.41930839,16.19774276,-1.482085047,-3.961966381,-20.01395287,-3.517040429,-11.06369692,0,0,-2.384803963,0
Pu,3,0.1,Li62PuP9S50Cl7F3,-7.779891077,-1.215607981,-0.3,0,0,-1,-6.4,0.7,0,0.9,5,2.8,-1.39E-17,0.1,0,1.39E-17,-18.54142528,-2.546814899,-4.005635262,-6.288835526,-21.9933548,-0.703408086,-5.293634892,-9.366373062,-16.8374958,-12.93260074,-8.105701208,18.54142528,16.29961535,-2.803944683,0,-19.79401932,-3.517040429,-14.8221777,1.30E-16,-1.68374958,0,-1.12E-16
Pu,4,0.1,Li61PuP9S50Cl6F4,-7.62494384,-1.229829652,-0.4,0.4,0,-1,-6.2,0.6,0.4,0.9,5,2.4,0,0,0,0.1,-18.57292635,-2.546814899,-4.005635262,-6.288835526,-21.9933548,-0.703408086,-5.293634892,-10.17104626,-19.80007887,-16.86858308,-10.53423715,18.57292635,15.79025237,-2.403381157,-2.51553421,-19.79401932,-3.517040429,-12.70472374,0,0,0,-1.053423715
Pu,5,0.1,Li60PuP9S50Cl5F5,-7.762293091,-1.212858296,-0.5,0.5,0.1,-1,-6.4,0.5,0.5,0.9,5,2.3,0,0,0.1,0,-18.57217908,-2.546814899,-4.005635262,-6.288835526,-21.9933548,-0.703408086,-5.293634892,-11.85593605,-21.25347233,-20.00432134,-10.55696559,18.57217908,16.29961535,-2.002817631,-3.144417763,-19.79401932,-3.517040429,-12.17536025,0,0,-2.000432134,0
Pu,6,0.1,Li59PuP9S50Cl4F6,-7.808231679,-1.2200362,-0.6,0.6,0.1,-1,-6.4,0.4,0.6,0.9,5,2.2,-1.39E-17,1.39E-17,0.1,0,-18.55034716,-2.546814899,-4.005635262,-6.288835526,-21.9933548,-0.703408086,-5.293634892,-11.96005595,-21.73147535,-23.25582266,-9.833696365,18.55034716,16.29961535,-1.602254105,-3.773301315,-19.79401932,-3.517040429,-11.64599676,1.66E-16,-3.02E-16,-2.325582266,0
Pu,7,0.1,Li58PuP9S50Cl3F7,-7.898159853,-1.234087477,-0.7,0.7,0.1,-1,-6.4,0.3,0.7,0.9,5,2.1,-1.39E-17,1.39E-17,0.1,0,-18.48357544,-2.546814899,-4.005635262,-6.288835526,-21.9933548,-0.703408086,-5.293634892,-14.39069748,-18.95665359,-26.49782181,-11.27525783,18.48357544,16.29961535,-1.201690578,-4.402184868,-19.79401932,-3.517040429,-11.11663327,2.00E-16,-2.63E-16,-2.649782181,0
Ra,2,0.01,Li603RaP99S500Cl98F2,-7.172951346,-1.187574726,-0.02,0,0,-1,-6.04,0.98,0,0.99,5,2.08,0,0.01,0,0,-17.78451488,-2.546814899,-4.005635262,-6.288835526,-21.9933548,-0.703408086,-5.293634892,-5.91890502,-11.34834051,-9.179865122,-3.815788984,17.78451488,15.38276199,-3.925522556,0,-21.77342125,-3.517040429,-11.01076057,0,-0.113483405,0,0
Ra,2,0.02,Li303RaP49S250Cl48F2,-7.207551629,-1.185452571,-0.04,0,0,-1,-6.08,0.96,0,0.98,5,2.16,0,0.02,0,0,-17.88496994,-2.546814899,-4.005635262,-6.288835526,-21.9933548,-0.703408086,-5.293634892,-5.91890502,-11.34834051,-9.179865122,-3.815788984,17.88496994,15.48463459,-3.845409851,0,-21.5534877,-3.517040429,-11.43425137,0,-0.22696681,0,0
Ra,2,0.03,Li609Ra3P97S500Cl94F6,-7.241046799,-1.183177582,-0.06,0,0,-1,-6.12,0.94,0,0.97,5,2.24,0,0.03,0,0,-17.98653012,-2.546814899,-4.005635262,-6.288835526,-21.9933548,-0.703408086,-5.293634892,-5.91890502,-11.34834051,-9.179865122,-3.815788984,17.98653012,15.58650718,-3.765297146,0,-21.33355415,-3.517040429,-11.85774216,0,-0.340450215,0,0
Ra,2,0.04,Li153RaP24S125Cl23F2,-7.273251277,-1.18072261,-0.08,0,0,-1,-6.16,0.92,0,0.96,5,2.32,0,0.04,0,0,-18.08938099,-2.546814899,-4.005635262,-6.288835526,-21.9933548,-0.703408086,-5.293634892,-5.91890502,-11.34834051,-9.179865122,-3.815788984,18.08938099,15.68837978,-3.685184441,0,-21.11362061,-3.517040429,-12.28123295,0,-0.45393362,0,0
Ra,2,0.05,Li123RaP19S100Cl18F2,-7.303897887,-1.178048046,-0.1,0,0,-1,-6.2,0.9,0,0.95,5,2.4,0,0.05,0,0,-18.19378973,-2.546814899,-4.005635262,-6.288835526,-21.9933548,-0.703408086,-5.293634892,-5.91890502,-11.34834051,-9.179865122,-3.815788984,18.19378973,15.79025237,-3.605071735,0,-20.89368706,-3.517040429,-12.70472374,0,-0.567417026,0,0
Ra,2,0.06,Li309Ra3P47S250Cl44F6,-7.33283649,-1.175134053,-0.12,0,0,-1,-6.24,0.88,0,0.94,5,2.48,0,0.06,0,0,-18.29990647,-2.546814899,-4.005635262,-6.288835526,-21.9933548,-0.703408086,-5.293634892,-5.91890502,-11.34834051,-9.179865122,-3.815788984,18.29990647,15.89212497,-3.52495903,0,-20.67375351,-3.517040429,-13.12821453,0,-0.680900431,0,0
Ra,2,0.07,Li621Ra7P93S500Cl86F14,-7.360065261,-1.171984914,-0.14,0,0,-1,-6.28,0.86,0,0.93,5,2.56,0,0.07,0,0,-18.40773305,-2.546814899,-4.005635262,-6.288835526,-21.9933548,-0.703408086,-5.293634892,-5.91890502,-11.34834051,-9.179865122,-3.815788984,18.40773305,15.99399757,-3.444846325,0,-20.45381996,-3.517040429,-13.55170532,0,-0.794383836,0,0
Ra,2,0.08,Li156Ra2P23S125Cl21F4,-7.385685038,-1.16862105,-0.16,0,0,-1,-6.32,0.84,0,0.92,5,2.64,0,0.08,0,0,-18.51716862,-2.546814899,-4.005635262,-6.288835526,-21.9933548,-0.703408086,-5.293634892,-5.91890502,-11.34834051,-9.179865122,-3.815788984,18.51716862,16.09587016,-3.36473362,0,-20.23388641,-3.517040429,-13.97519611,0,-0.907867241,0,0
Ra,2,0.09,Li627Ra9P91S500Cl82F18,-7.40980557,-1.165063769,-0.18,0,0,-1,-6.36,0.82,0,0.91,5,2.72,0,0.09,0,0,-18.62810343,-2.546814899,-4.005635262,-6.288835526,-21.9933548,-0.703408086,-5.293634892,-5.91890502,-11.34834051,-9.179865122,-3.815788984,18.62810343,16.19774276,-3.284620914,0,-20.01395287,-3.517040429,-14.3986869,0,-1.021350646,0,0
Ra,2,0.1,Li63RaP9S50Cl8F2,-7.432548776,-1.161335746,-0.2,0,0,-1,-6.4,0.8,0,0.9,5,2.8,0,0.1,0,0,-18.74041557,-2.546814899,-4.005635262,-6.288835526,-21.9933548,-0.703408086,-5.293634892,-5.91890502,-11.34834051,-9.179865122,-3.815788984,18.74041557,16.29961535,-3.204508209,0,-19.79401932,-3.517040429,-14.8221777,0,-1.134834051,0,0
Rb,1,0.01,Li604RbP99S500Cl99F,-7.342225512,-1.21560025,-0.02,0.01,0,-1,-6.04,0.98,0.01,0.99,5,2.08,0.01,0,0,0,-17.60910681,-2.546814899,-4.005635262,-6.288835526,-21.9933548,-0.703408086,-5.293634892,-4.44611454,-5.711578846,-4.419303775,-1.647558331,17.60910681,15.38276199,-3.925522556,-0.062888355,-21.77342125,-3.517040429,-11.01076057,-0.044461145,0,0,0
Rb,1,0.02,Li304RbP49S250Cl49F,-7.380541753,-1.213904894,-0.04,0.02,0,-1,-6.08,0.96,0.02,0.98,5,2.16,0.02,0,0,0,-17.69971201,-2.546814899,-4.005635262,-6.288835526,-21.9933548,-0.703408086,-5.293634892,-4.44611454,-5.711578846,-4.419303775,-1.647558331,17.69971201,15.48463459,-3.845409851,-0.125776711,-21.5534877,-3.517040429,-11.43425137,-0.088922291,0,0,0
Rb,1,0.03,Li612Rb3P97S500Cl97F3,-7.419222279,-1.212291222,-0.06,0.03,0,-1,-6.12,0.94,0.03,0.97,5,2.24,0.03,0,0,0,-17.78995293,-2.546814899,-4.005635262,-6.288835526,-21.9933548,-0.703408086,-5.293634892,-4.44611454,-5.711578846,-4.419303775,-1.647558331,17.78995293,15.58650718,-3.765297146,-0.188665066,-21.33355415,-3.517040429,-11.85774216,-0.133383436,0,0,0
Rb,1,0.04,Li154RbP24S125Cl24F,-7.458222266,-1.210750368,-0.08,0.04,0,-1,-6.16,0.92,0.04,0.96,5,2.32,0.04,0,0,0,-17.87987438,-2.546814899,-4.005635262,-6.288835526,-21.9933548,-0.703408086,-5.293634892,-4.44611454,-5.711578846,-4.419303775,-1.647558331,17.87987438,15.68837978,-3.685184441,-0.251553421,-21.11362061,-3.517040429,-12.28123295,-0.177844582,0,0,0
Rb,1,0.05,Li124RbP19S100Cl19F,-7.497257101,-1.209235016,-0.1,0.05,0,-1,-6.2,0.9,0.05,0.95,5,2.4,0.05,0,0,0,-17.96976099,-2.546814899,-4.005635262,-6.288835526,-21.9933548,-0.703408086,-5.293634892,-4.44611454,-5.711578846,-4.419303775,-1.647558331,17.96976099,15.79025237,-3.605071735,-0.314441776,-20.89368706,-3.517040429,-12.70472374,-0.222305727,0,0,0
Rb,1,0.06,Li312Rb3P47S250Cl47F3,-7.535888717,-1.207674474,-0.12,0.06,0,-1,-6.24,0.88,0.06,0.94,5,2.48,0.06,0,0,0,-18.06005082,-2.546814899,-4.005635262,-6.288835526,-21.9933548,-0.703408086,-5.293634892,-4.44611454,-5.711578846,-4.419303775,-1.647558331,18.06005082,15.89212497,-3.52495903,-0.377330132,-20.67375351,-3.517040429,-13.12821453,-0.266766872,0,0,0
Rb,1,0.07,Li628Rb7P93S500Cl93F7,-7.573672145,-1.205998749,-0.14,0.07,0,-1,-6.28,0.86,0.07,0.93,5,2.56,0.07,0,0,0,-18.15118883,-2.546814899,-4.005635262,-6.288835526,-21.9933548,-0.703408086,-5.293634892,-4.44611454,-5.711578846,-4.419303775,-1.647558331,18.15118883,15.99399757,-3.444846325,-0.440218487,-20.45381996,-3.517040429,-13.55170532,-0.311228018,0,0,0
Rb,1,0.08,Li158Rb2P23S125Cl23F2,-7.610576271,-1.204205106,-0.16,0.08,0,-1,-6.32,0.84,0.08,0.92,5,2.64,0.08,0,0,0,-18.24320615,-2.546814899,-4.005635262,-6.288835526,-21.9933548,-0.703408086,-5.293634892,-4.44611454,-5.711578846,-4.419303775,-1.647558331,18.24320615,16.09587016,-3.36473362,-0.503106842,-20.23388641,-3.517040429,-13.97519611,-0.355689163,0,0,0
Rb,1,0.09,Li636Rb9P91S500Cl91F9,-7.64729114,-1.202404267,-0.18,0.09,0,-1,-6.36,0.82,0.09,0.91,5,2.72,0.09,0,0,0,-18.33541272,-2.546814899,-4.005635262,-6.288835526,-21.9933548,-0.703408086,-5.293634892,-4.44611454,-5.711578846,-4.419303775,-1.647558331,18.33541272,16.19774276,-3.284620914,-0.565995197,-20.01395287,-3.517040429,-14.3986869,-0.400150309,0,0,0
Rb,1,0.1,Li64RbP9S50Cl9F,-7.684623757,-1.200722462,-0.2,0.1,0,-1,-6.4,0.8,0.1,0.9,5,2.8,0.1,0,0,0,-18.42700155,-2.546814899,-4.005635262,-6.288835526,-21.9933548,-0.703408086,-5.293634892,-4.44611454,-5.711578846,-4.419303775,-1.647558331,18.42700155,16.29961535,-3.204508209,-0.628883553,-19.79401932,-3.517040429,-14.8221777,-0.444611454,0,0,0
Re,2,0.01,Li603ReP99S500Cl98F2,-7.389650958,-1.223452145,-0.02,0.02,0.01,-1,-6.04,0.98,0.02,0.99,5,2.06,0,0,0.01,0,-17.54899155,-2.546814899,-4.005635262,-6.288835526,-21.9933548,-0.703408086,-5.293634892,-2.590660214,-7.168376684,-7.475568056,-3.582389355,17.54899155,15.38276199,-3.925522556,-0.125776711,-21.77342125,-3.517040429,-10.90488788,0,0,-0.074755681,0
Re,4,0.01,Li601ReP99S500Cl96F4,-7.394736009,-1.224294041,-0.04,0.04,0.01,-1,-6.04,0.96,0.04,0.99,5,2.04,0,0,0.01,0,-17.54339893,-2.546814899,-4.005635262,-6.288835526,-21.9933548,-0.703408086,-5.293634892,-3.45436722,-11.79789305,-13.4456799,-5.507163763,17.54339893,15.38276199,-3.845409851,-0.251553421,-21.77342125,-3.517040429,-10.79901518,0,0,-0.134456799,0
Re,5,0.01,Li600ReP99S500Cl95F5,-7.397568661,-1.224763023,-0.05,0.05,0.01,-1,-6.04,0.95,0.05,0.99,5,2.03,0,0,0.01,0,-17.54114521,-2.546814899,-4.005635262,-6.288835526,-21.9933548,-0.703408086,-5.293634892,-3.96290338,-14.24099636,-16.51400733,-6.769111872,17.54114521,15.38276199,-3.805353498,-0.314441776,-21.77342125,-3.517040429,-10.74607883,0,0,-0.165140073,0
Re,6,0.01,Li599ReP99S500Cl94F6,-7.362375143,-1.225020822,-0.06,0.06,0,-1,-6.01,0.94,0.06,0.99,5,2.02,0,0,0,0.01,-17.53920559,-2.546814899,-4.005635262,-6.288835526,-21.9933548,-0.703408086,-5.293634892,-5.817762494,-15.13190842,-19.47410107,-8.170683861,17.53920559,15.30635754,-3.765297146,-0.377330132,-21.77342125,-3.517040429,-10.69314248,0,0,0,-0.081706839
Re,7,0.01,Li598ReP99S500Cl93F7,-7.39846012,-1.224910616,-0.07,0.07,0.01,-1,-6.04,0.93,0.07,0.99,5,2.01,0,0,0.01,0,-17.53754063,-2.546814899,-4.005635262,-6.288835526,-21.9933548,-0.703408086,-5.293634892,-7.195365906,-16.77596855,-22.26356506,-8.933852971,17.53754063,15.38276199,-3.725240793,-0.440218487,-21.77342125,-3.517040429,-10.64020613,0,0,-0.222635651,0
Re,2,0.02,Li303ReP49S250Cl48F2,-7.425631546,-1.221320978,-0.04,0.04,0.02,-1,-6.08,0.96,0.04,0.98,5,2.12,0,0,0.02,0,-17.6292426,-2.546814899,-4.005635262,-6.288835526,-21.9933548,-0.703408086,-5.293634892,-2.590660214,-7.168376684,-7.475568056,-3.582389355,17.6292426,15.48463459,-3.845409851,-0.251553421,-21.5534877,-3.517040429,-11.22250597,0,0,-0.149511361,0
Re,4,0.02,Li301ReP49S250Cl46F4,-7.430896205,-1.222186876,-0.08,0.08,0.02,-1,-6.08,0.92,0.08,0.98,5,2.08,0,0,0.02,0,-17.62296279,-2.546814899,-4.005635262,-6.288835526,-21.9933548,-0.703408086,-5.293634892,-3.45436722,-11.79789305,-13.4456799,-5.507163763,17.62296279,15.48463459,-3.685184441,-0.503106842,-21.5534877,-3.517040429,-11.01076057,0,0,-0.268913598,0
Re,5,0.02,Li300ReP49S250Cl45F5,-7.43334196,-1.222589138,-0.1,0.1,0.02,-1,-6.08,0.9,0.1,0.98,5,2.06,0,0,0.02,0,-17.6216749,-2.546814899,-4.005635262,-6.288835526,-21.9933548,-0.703408086,-5.293634892,-3.96290338,-14.24099636,-16.51400733,-6.769111872,17.6216749,15.48463459,-3.605071735,-0.628883553,-21.5534877,-3.517040429,-10.90488788,0,0,-0.330280147,0
Re,6,0.02,Li299ReP49S250Cl44F6,-7.359694012,-1.222540533,-0.12,0.12,0,-1,-6.02,0.88,0.12,0.98,5,2.04,0,0,0,0.02,-17.62105658,-2.546814899,-4.005635262,-6.288835526,-21.9933548,-0.703408086,-5.293634892,-5.817762494,-15.13190842,-19.47410107,-8.170683861,17.62105658,15.33182569,-3.52495903,-0.754660263,-21.5534877,-3.517040429,-10.79901518,0,0,0,-0.163413677
Re,7,0.02,Li298ReP49S250Cl43F7,-7.428960551,-1.221868512,-0.14,0.14,0.02,-1,-6.08,0.86,0.14,0.98,5,2.02,0,0,0.02,0,-17.62063007,-2.546814899,-4.005635262,-6.288835526,-21.9933548,-0.703408086,-5.293634892,-7.195365906,-16.77596855,-22.26356506,-8.933852971,17.62063007,15.48463459,-3.444846325,-0.880436974,-21.5534877,-3.517040429,-10.69314248,0,0,-0.445271301,0
Re,2,0.03,Li609Re3P97S500Cl94F6,-7.462630618,-1.219384088,-0.06,0.06,0.03,-1,-6.12,0.94,0.06,0.97,5,2.18,0,0,0.03,0,-17.70847517,-2.546814899,-4.005635262,-6.288835526,-21.9933548,-0.703408086,-5.293634892,-2.590660214,-7.168376684,-7.475568056,-3.582389355,17.70847517,15.58650718,-3.765297146,-0.377330132,-21.33355415,-3.517040429,-11.54012406,0,0,-0.224267042,0
Re,4,0.03,Li603Re3P97S500Cl88F12,-7.463345034,-1.219500823,-0.12,0.12,0.03,-1,-6.12,0.88,0.12,0.97,5,2.12,0,0,0.03,0,-17.70623803,-2.546814899,-4.005635262,-6.288835526,-21.9933548,-0.703408086,-5.293634892,-3.45436722,-11.79789305,-13.4456799,-5.507163763,17.70623803,15.58650718,-3.52495903,-0.754660263,-21.33355415,-3.517040429,-11.22250597,0,0,-0.403370397,0
Re,5,0.03,Li600Re3P97S500Cl85F15,-7.463322403,-1.219497125,-0.15,0.15,0.03,-1,-6.12,0.85,0.15,0.97,5,2.09,0,0,0.03,0,-17.70799744,-2.546814899,-4.005635262,-6.288835526,-21.9933548,-0.703408086,-5.293634892,-3.96290338,-14.24099636,-16.51400733,-6.769111872,17.70799744,15.58650718,-3.404789972,-0.943325329,-21.33355415,-3.517040429,-11.06369692,0,0,-0.49542022,0
Re,6,0.03,Li597Re3P97S500Cl82F18,-7.460565995,-1.219046731,-0.18,0.18,0.03,-1,-6.12,0.82,0.18,0.97,5,2.06,0,0,0.03,0,-17.70924362,-2.546814899,-4.005635262,-6.288835526,-21.9933548,-0.703408086,-5.293634892,-5.817762494,-15.13190842,-19.47410107,-8.170683861,17.70924362,15.58650718,-3.284620914,-1.131990395,-21.33355415,-3.517040429,-10.90488788,0,0,-0.584223032,0
Re,7,0.03,Li594Re3P97S500Cl79F21,-7.45505281,-1.218145884,-0.21,0.21,0.03,-1,-6.12,0.79,0.21,0.97,5,2.03,0,0,0.03,0,-17.70812769,-2.546814899,-4.005635262,-6.288835526,-21.9933548,-0.703408086,-5.293634892,-7.195365906,-16.77596855,-22.26356506,-8.933852971,17.70812769,15.58650718,-3.164451857,-1.32065546,-21.33355415,-3.517040429,-10.74607883,0,0,-0.667906952,0
Re,2,0.04,Li153ReP24S125Cl23F2,-7.499944802,-1.217523507,-0.08,0.08,0.04,-1,-6.16,0.92,0.08,0.96,5,2.24,0,0,0.04,0,-17.78739262,-2.546814899,-4.005635262,-6.288835526,-21.9933548,-0.703408086,-5.293634892,-2.590660214,-7.168376684,-7.475568056,-3.582389355,17.78739262,15.68837978,-3.685184441,-0.503106842,-21.11362061,-3.517040429,-11.85774216,0,0,-0.299022722,0
Re,4,0.04,Li151ReP24S125Cl21F4,-7.492074185,-1.216245809,-0.16,0.16,0.04,-1,-6.16,0.84,0.16,0.96,5,2.16,0,0,0.04,0,-17.79323294,-2.546814899,-4.005635262,-6.288835526,-21.9933548,-0.703408086,-5.293634892,-3.45436722,-11.79789305,-13.4456799,-5.507163763,17.79323294,15.68837978,-3.36473362,-1.006213684,-21.11362061,-3.517040429,-11.43425137,0,0,-0.537827196,0
Re,5,0.04,Li150ReP24S125Cl20F5,-7.489828373,-1.215881229,-0.2,0.2,0.04,-1,-6.16,0.8,0.2,0.96,5,2.12,0,0,0.04,0,-17.79779446,-2.546814899,-4.005635262,-6.288835526,-21.9933548,-0.703408086,-5.293634892,-3.96290338,-14.24099636,-16.51400733,-6.769111872,17.79779446,15.68837978,-3.204508209,-1.257767105,-21.11362061,-3.517040429,-11.22250597,0,0,-0.660560293,0
Re,6,0.04,Li149ReP24S125Cl19F6,-7.488468314,-1.215660441,-0.24,0.24,0.04,-1,-6.16,0.76,0.24,0.96,5,2.08,0,0,0.04,0,-17.79714088,-2.546814899,-4.005635262,-6.288835526,-21.9933548,-0.703408086,-5.293634892,-5.817762494,-15.13190842,-19.47410107,-8.170683861,17.79714088,15.68837978,-3.044282799,-1.509320526,-21.11362061,-3.517040429,-11.01076057,0,0,-0.778964043,0
Re,7,0.04,Li148ReP24S125Cl18F7,-7.489839693,-1.215883067,-0.28,0.28,0.04,-1,-6.16,0.72,0.28,0.96,5,2.04,0,0,0.04,0,-17.78693068,-2.546814899,-4.005635262,-6.288835526,-21.9933548,-0.703408086,-5.293634892,-7.195365906,-16.77596855,-22.26356506,-8.933852971,17.78693068,15.68837978,-2.884057388,-1.760873947,-21.11362061,-3.517040429,-10.79901518,0,0,-0.890542603,0
Re,2,0.05,Li123ReP19S100Cl18F2,-7.536945736,-1.215636409,-0.1,0.1,0.05,-1,-6.2,0.9,0.1,0.95,5,2.3,0,0,0.05,0,-17.86662332,-2.546814899,-4.005635262,-6.288835526,-21.9933548,-0.703408086,-5.293634892,-2.590660214,-7.168376684,-7.475568056,-3.582389355,17.86662332,15.79025237,-3.605071735,-0.628883553,-20.89368706,-3.517040429,-12.17536025,0,0,-0.373778403,0
Re,4,0.05,Li121ReP19S100Cl16F4,-7.518246775,-1.212620448,-0.2,0.2,0.05,-1,-6.2,0.8,0.2,0.95,5,2.2,0,0,0.05,0,-17.88278441,-2.546814899,-4.005635262,-6.288835526,-21.9933548,-0.703408086,-5.293634892,-3.45436722,-11.79789305,-13.4456799,-5.507163763,17.88278441,15.79025237,-3.204508209,-1.257767105,-20.89368706,-3.517040429,-11.64599676,0,0,-0.672283995,0
Re,5,0.05,Li120ReP19S100Cl15F5,-7.516827153,-1.212391476,-0.25,0.25,0.05,-1,-6.2,0.75,0.25,0.95,5,2.15,0,0,0.05,0,-17.88709867,-2.546814899,-4.005635262,-6.288835526,-21.9933548,-0.703408086,-5.293634892,-3.96290338,-14.24099636,-16.51400733,-6.769111872,17.88709867,15.79025237,-3.004226446,-1.572208881,-20.89368706,-3.517040429,-11.38131502,0,0,-0.825700366,0
Re,6,0.05,Li119ReP19S100Cl14F6,-7.52457497,-1.213641124,-0.3,0.3,0.05,-1,-6.2,0.7,0.3,0.95,5,2.1,-6.94E-18,6.94E-18,0.05,0,-17.87683381,-2.546814899,-4.005635262,-6.288835526,-21.9933548,-0.703408086,-5.293634892,-5.817762494,-15.13190842,-19.47410107,-8.170683861,17.87683381,15.79025237,-2.803944683,-1.886650658,-20.89368706,-3.517040429,-11.11663327,4.04E-17,-1.05E-16,-0.973705053,0
Re,7,0.05,Li118ReP19S100Cl13F7,-7.543227421,-1.216649584,-0.35,0.35,0.05,-1,-6.2,0.65,0.35,0.95,5,2.05,-6.94E-18,6.94E-18,0.05,0,-17.84713283,-2.546814899,-4.005635262,-6.288835526,-21.9933548,-0.703408086,-5.293634892,-7.195365906,-16.77596855,-22.26356506,-8.933852971,17.84713283,15.79025237,-2.60366292,-2.201092434,-20.89368706,-3.517040429,-10.85195153,4.99E-17,-1.16E-16,-1.113178253,0
Re,2,0.06,Li309Re3P47S250Cl44F6,-7.57325382,-1.213662471,-0.12,0.12,0.06,-1,-6.24,0.88,0.12,0.94,5,2.36,0,0,0.06,0,-17.94654687,-2.546814899,-4.005635262,-6.288835526,-21.9933548,-0.703408086,-5.293634892,-2.590660214,-7.168376684,-7.475568056,-3.582389355,17.94654687,15.89212497,-3.52495903,-0.754660263,-20.67375351,-3.517040429,-12.49297834,0,0,-0.448534083,0
Re,4,0.06,Li303Re3P47S250Cl38F12,-7.54395118,-1.208966535,-0.24,0.24,0.06,-1,-6.24,0.76,0.24,0.94,5,2.24,0,0,0.06,0,-17.97280406,-2.546814899,-4.005635262,-6.288835526,-21.9933548,-0.703408086,-5.293634892,-3.45436722,-11.79789305,-13.4456799,-5.507163763,17.97280406,15.89212497,-3.044282799,-1.509320526,-20.67375351,-3.517040429,-11.85774216,0,0,-0.806740794,0
Re,5,0.06,Li300Re3P47S250Cl35F15,-7.548413107,-1.209681588,-0.3,0.3,0.06,-1,-6.24,0.7,0.3,0.94,5,2.18,0,0,0.06,0,-17.97181571,-2.546814899,-4.005635262,-6.288835526,-21.9933548,-0.703408086,-5.293634892,-3.96290338,-14.24099636,-16.51400733,-6.769111872,17.97181571,15.89212497,-2.803944683,-1.886650658,-20.67375351,-3.517040429,-11.54012406,0,0,-0.99084044,0
Re,6,0.06,Li297Re3P47S250Cl32F18,-7.573041511,-1.213628447,-0.36,0.36,0.06,-1,-6.24,0.64,0.36,0.94,5,2.12,0,0,0.06,0,-17.94416685,-2.546814899,-4.005635262,-6.288835526,-21.9933548,-0.703408086,-5.293634892,-5.817762494,-15.13190842,-19.47410107,-8.170683861,17.94416685,15.89212497,-2.563606567,-2.263980789,-20.67375351,-3.517040429,-11.22250597,0,0,-1.168446064,0
Re,7,0.06,Li294Re3P47S250Cl29F21,-7.61103759,-1.219717563,-0.42,0.42,0.06,-1,-6.24,0.58,0.42,0.94,5,2.06,0,0,0.06,0,-17.89291253,-2.546814899,-4.005635262,-6.288835526,-21.9933548,-0.703408086,-5.293634892,-7.195365906,-16.77596855,-22.26356506,-8.933852971,17.89291253,15.89212497,-2.323268452,-2.641310921,-20.67375351,-3.517040429,-10.90488788,0,0,-1.335813904,0
Re,2,0.07,Li621Re7P93S500Cl86F14,-7.608739545,-1.21158273,-0.14,0.14,0.07,-1,-6.28,0.86,0.14,0.93,5,2.42,0,0,0.07,0,-18.02729278,-2.546814899,-4.005635262,-6.288835526,-21.9933548,-0.703408086,-5.293634892,-2.590660214,-7.168376684,-7.475568056,-3.582389355,18.02729278,15.99399757,-3.444846325,-0.880436974,-20.45381996,-3.517040429,-12.81059644,0,0,-0.523289764,0
Re,4,0.07,Li607Re7P93S500Cl72F28,-7.571296212,-1.205620416,-0.28,0.28,0.07,-1,-6.28,0.72,0.28,0.93,5,2.28,0,0,0.07,0,-18.06118309,-2.546814899,-4.005635262,-6.288835526,-21.9933548,-0.703408086,-5.293634892,-3.45436722,-11.79789305,-13.4456799,-5.507163763,18.06118309,15.99399757,-2.884057388,-1.760873947,-20.45381996,-3.517040429,-12.06948755,0,0,-0.941197593,0
Re,5,0.07,Li600Re7P93S500Cl65F35,-7.586844178,-1.208096207,-0.35,0.35,0.07,-1,-6.28,0.65,0.35,0.93,5,2.21,-1.39E-17,1.39E-17,0.07,0,-18.04968762,-2.546814899,-4.005635262,-6.288835526,-21.9933548,-0.703408086,-5.293634892,-3.96290338,-14.24099636,-16.51400733,-6.769111872,18.04968762,15.99399757,-2.60366292,-2.201092434,-20.45381996,-3.517040429,-11.69893311,5.50E-17,-1.98E-16,-1.155980513,0
Re,6,0.07,Li593Re7P93S500Cl58F42,-7.631330254,-1.215179977,-0.42,0.42,0.07,-1,-6.28,0.58,0.42,0.93,5,2.14,-1.39E-17,1.39E-17,0.07,0,-18.00167769,-2.546814899,-4.005635262,-6.288835526,-21.9933548,-0.703408086,-5.293634892,-5.817762494,-15.13190842,-19.47410107,-8.170683861,18.00167769,15.99399757,-2.323268452,-2.641310921,-20.45381996,-3.517040429,-11.32837867,8.07E-17,-2.10E-16,-1.363187075,0
Re,7,0.07,Li586Re7P93S500Cl51F49,-7.682853254,-1.223384276,-0.49,0.49,0.07,-1,-6.28,0.51,0.49,0.93,5,2.07,-1.39E-17,1.39E-17,0.07,0,-17.93468674,-2.546814899,-4.005635262,-6.288835526,-21.9933548,-0.703408086,-5.293634892,-7.195365906,-16.77596855,-22.26356506,-8.933852971,17.93468674,15.99399757,-2.042873983,-3.081529408,-20.45381996,-3.517040429,-10.95782423,9.99E-17,-2.33E-16,-1.558449554,0
Re,2,0.08,Li156Re2P23S125Cl21F4,-7.643507427,-1.209415732,-0.16,0.16,0.08,-1,-6.32,0.84,0.16,0.92,5,2.48,0,0,0.08,0,-18.10875653,-2.546814899,-4.005635262,-6.288835526,-21.9933548,-0.703408086,-5.293634892,-2.590660214,-7.168376684,-7.475568056,-3.582389355,18.10875653,16.09587016,-3.36473362,-1.006213684,-20.23388641,-3.517040429,-13.12821453,0,0,-0.598045444,0
Re,4,0.08,Li152Re2P23S125Cl17F8,-7.601553582,-1.202777466,-0.32,0.32,0.08,-1,-6.32,0.68,0.32,0.92,5,2.32,0,0,0.08,0,-18.14664979,-2.546814899,-4.005635262,-6.288835526,-21.9933548,-0.703408086,-5.293634892,-3.45436722,-11.79789305,-13.4456799,-5.507163763,18.14664979,16.09587016,-2.723831978,-2.012427368,-20.23388641,-3.517040429,-12.28123295,0,0,-1.075654392,0
Re,5,0.08,Li150Re2P23S125Cl15F10,-7.632063026,-1.207604909,-0.4,0.4,0.08,-1,-6.32,0.6,0.4,0.92,5,2.24,0,0,0.08,0,-18.12077177,-2.546814899,-4.005635262,-6.288835526,-21.9933548,-0.703408086,-5.293634892,-3.96290338,-14.24099636,-16.51400733,-6.769111872,18.12077177,16.09587016,-2.403381157,-2.51553421,-20.23388641,-3.517040429,-11.85774216,0,0,-1.321120586,0
Re,6,0.08,Li148Re2P23S125Cl13F12,-7.693606047,-1.217342729,-0.48,0.48,0.08,-1,-6.32,0.52,0.48,0.92,5,2.16,0,0,0.08,0,-18.05520147,-2.546814899,-4.005635262,-6.288835526,-21.9933548,-0.703408086,-5.293634892,-5.817762494,-15.13190842,-19.47410107,-8.170683861,18.05520147,16.09587016,-2.082930336,-3.018641052,-20.23388641,-3.517040429,-11.43425137,0,0,-1.557928085,0
Re,7,0.08,Li146Re2P23S125Cl11F14,-7.732894463,-1.22355925,-0.56,0.56,0.08,-1,-6.32,0.44,0.56,0.92,5,2.08,0,0,0.08,0,-17.99823541,-2.546814899,-4.005635262,-6.288835526,-21.9933548,-0.703408086,-5.293634892,-7.195365906,-16.77596855,-22.26356506,-8.933852971,17.99823541,16.09587016,-1.762479515,-3.521747894,-20.23388641,-3.517040429,-11.01076057,0,0,-1.781085205,0
Re,2,0.09,Li627Re9P91S500Cl82F18,-7.677797433,-1.207200854,-0.18,0.18,0.09,-1,-6.36,0.82,0.18,0.91,5,2.54,0,0,0.09,0,-18.19069816,-2.546814899,-4.005635262,-6.288835526,-21.9933548,-0.703408086,-5.293634892,-2.590660214,-7.168376684,-7.475568056,-3.582389355,18.19069816,16.19774276,-3.284620914,-1.131990395,-20.01395287,-3.517040429,-13.44583262,0,0,-0.672801125,0
Re,4,0.09,Li609Re9P91S500Cl64F36,-7.635148432,-1.200495037,-0.36,0.36,0.09,-1,-6.36,0.64,0.36,0.91,5,2.36,0,0,0.09,0,-18.228779,-2.546814899,-4.005635262,-6.288835526,-21.9933548,-0.703408086,-5.293634892,-3.45436722,-11.79789305,-13.4456799,-5.507163763,18.228779,16.19774276,-2.563606567,-2.263980789,-20.01395287,-3.517040429,-12.49297834,0,0,-1.210111191,0
Re,5,0.09,Li600Re9P91S500Cl55F45,-7.682189839,-1.207891484,-0.45,0.45,0.09,-1,-6.36,0.55,0.45,0.91,5,2.27,0,0,0.09,0,-18.18694794,-2.546814899,-4.005635262,-6.288835526,-21.9933548,-0.703408086,-5.293634892,-3.96290338,-14.24099636,-16.51400733,-6.769111872,18.18694794,16.19774276,-2.203099394,-2.829975986,-20.01395287,-3.517040429,-12.0165512,0,0,-1.48626066,0
Re,6,0.09,Li591Re9P91S500Cl46F54,-7.743732792,-1.217568049,-0.54,0.54,0.09,-1,-6.36,0.46,0.54,0.91,5,2.18,1.39E-17,-1.39E-17,0.09,0,-18.12087431,-2.546814899,-4.005635262,-6.288835526,-21.9933548,-0.703408086,-5.293634892,-5.817762494,-15.13190842,-19.47410107,-8.170683861,18.12087431,16.19774276,-1.84259222,-3.395971184,-20.01395287,-3.517040429,-11.54012406,-8.07E-17,2.10E-16,-1.752669096,0
Re,7,0.09,Li582Re9P91S500Cl37F63,-7.763848271,-1.22073086,-0.63,0.63,0.09,-1,-6.36,0.37,0.63,0.91,5,2.09,0,0,0.09,0,-18.08087147,-2.546814899,-4.005635262,-6.288835526,-21.9933548,-0.703408086,-5.293634892,-7.195365906,-16.77596855,-22.26356506,-8.933852971,18.08087147,16.19774276,-1.482085047,-3.961966381,-20.01395287,-3.517040429,-11.06369692,0,0,-2.003720856,0
Re,2,0.1,Li63ReP9S50Cl8F2,-7.711926249,-1.204988476,-0.2,0.2,0.1,-1,-6.4,0.8,0.2,0.9,5,2.6,0,0,0.1,0,-18.27280098,-2.546814899,-4.005635262,-6.288835526,-21.9933548,-0.703408086,-5.293634892,-2.590660214,-7.168376684,-7.475568056,-3.582389355,18.27280098,16.29961535,-3.204508209,-1.257767105,-19.79401932,-3.517040429,-13.76345072,0,0,-0.747556806,0
Re,4,0.1,Li61ReP9S50Cl6F4,-7.6724291,-1.198817047,-0.4,0.4,0.1,-1,-6.4,0.6,0.4,0.9,5,2.4,0,0,0.1,0,-18.30722239,-2.546814899,-4.005635262,-6.288835526,-21.9933548,-0.703408086,-5.293634892,-3.45436722,-11.79789305,-13.4456799,-5.507163763,18.30722239,16.29961535,-2.403381157,-2.51553421,-19.79401932,-3.517040429,-12.70472374,0,0,-1.34456799,0
Re,5,0.1,Li60ReP9S50Cl5F5,-7.731958667,-1.208118542,-0.5,0.5,0.1,-1,-6.4,0.5,0.5,0.9,5,2.3,0,0,0.1,0,-18.2534821,-2.546814899,-4.005635262,-6.288835526,-21.9933548,-0.703408086,-5.293634892,-3.96290338,-14.24099636,-16.51400733,-6.769111872,18.2534821,16.29961535,-2.002817631,-3.144417763,-19.79401932,-3.517040429,-12.17536025,0,0,-1.651400733,0
Re,6,0.1,Li59ReP9S50Cl4F6,-7.774019209,-1.214690501,-0.6,0.6,0.1,-1,-6.4,0.4,0.6,0.9,5,2.2,-1.39E-17,1.39E-17,0.1,0,-18.20638747,-2.546814899,-4.005635262,-6.288835526,-21.9933548,-0.703408086,-5.293634892,-5.817762494,-15.13190842,-19.47410107,-8.170683861,18.20638747,16.29961535,-1.602254105,-3.773301315,-19.79401932,-3.517040429,-11.64599676,8.07E-17,-2.10E-16,-1.947410107,0
Re,7,0.1,Li58ReP9S50Cl3F7,-7.81483275,-1.221067617,-0.7,0.7,0.1,-1,-6.4,0.3,0.7,0.9,5,2.1,-1.39E-17,1.39E-17,0.1,0,-18.14347687,-2.546814899,-4.005635262,-6.288835526,-21.9933548,-0.703408086,-5.293634892,-7.195365906,-16.77596855,-22.26356506,-8.933852971,18.14347687,16.29961535,-1.201690578,-4.402184868,-19.79401932,-3.517040429,-11.11663327,9.99E-17,-2.33E-16,-2.226356506,0
Rf,4,0.01,Li601RfP99S500Cl96F4,-7.309063527,-1.210109855,-0.04,0.04,0.01,-1,-6.04,0.96,0.04,0.99,5,2.04,0,0,0.01,0,-17.65240174,-2.546814899,-4.005635262,-6.288835526,-21.9933548,-0.703408086,-5.293634892,-4.737937152,-14.57015038,-15.77871251,-6.528698444,17.65240174,15.38276199,-3.845409851,-0.251553421,-21.77342125,-3.517040429,-10.79901518,0,0,-0.157787125,0
Rf,4,0.02,Li301RfP49S250Cl46F4,-7.334213757,-1.206285157,-0.08,0.08,0.02,-1,-6.08,0.92,0.08,0.98,5,2.08,0,0,0.02,0,-17.76630589,-2.546814899,-4.005635262,-6.288835526,-21.9933548,-0.703408086,-5.293634892,-4.737937152,-14.57015038,-15.77871251,-6.528698444,17.76630589,15.48463459,-3.685184441,-0.503106842,-21.5534877,-3.517040429,-11.01076057,0,0,-0.31557425,0
Rf,4,0.03,Li603Rf3P97S500Cl88F12,-7.353992336,-1.201632735,-0.12,0.12,0.03,-1,-6.12,0.88,0.12,0.97,5,2.12,0,0,0.03,0,-17.8855817,-2.546814899,-4.005635262,-6.288835526,-21.9933548,-0.703408086,-5.293634892,-4.737937152,-14.57015038,-15.77871251,-6.528698444,17.8855817,15.58650718,-3.52495903,-0.754660263,-21.33355415,-3.517040429,-11.22250597,0,0,-0.473361375,0
Rf,4,0.04,Li151RfP24S125Cl21F4,-7.369388343,-1.196329276,-0.16,0.16,0.04,-1,-6.16,0.84,0.16,0.96,5,2.16,0,0,0.04,0,-18.00924008,-2.546814899,-4.005635262,-6.288835526,-21.9933548,-0.703408086,-5.293634892,-4.737937152,-14.57015038,-15.77871251,-6.528698444,18.00924008,15.68837978,-3.36473362,-1.006213684,-21.11362061,-3.517040429,-11.43425137,0,0,-0.6311485,0
Rf,4,0.05,Li121RfP19S100Cl16F4,-7.381042343,-1.1904907,-0.2,0.2,0.05,-1,-6.2,0.8,0.2,0.95,5,2.2,0,0,0.05,0,-18.13664047,-2.546814899,-4.005635262,-6.288835526,-21.9933548,-0.703408086,-5.293634892,-4.737937152,-14.57015038,-15.77871251,-6.528698444,18.13664047,15.79025237,-3.204508209,-1.257767105,-20.89368706,-3.517040429,-11.64599676,0,0,-0.788935626,0
Rf,4,0.06,Li303Rf3P47S250Cl38F12,-7.389702761,-1.184247237,-0.24,0.24,0.06,-1,-6.24,0.76,0.24,0.94,5,2.24,0,0,0.06,0,-18.26703444,-2.546814899,-4.005635262,-6.288835526,-21.9933548,-0.703408086,-5.293634892,-4.737937152,-14.57015038,-15.77871251,-6.528698444,18.26703444,15.89212497,-3.044282799,-1.509320526,-20.67375351,-3.517040429,-11.85774216,0,0,-0.946722751,0
Rf,4,0.07,Li607Rf7P93S500Cl72F28,-7.396584645,-1.177800103,-0.28,0.28,0.07,-1,-6.28,0.72,0.28,0.93,5,2.28,0,0,0.07,0,-18.39920694,-2.546814899,-4.005635262,-6.288835526,-21.9933548,-0.703408086,-5.293634892,-4.737937152,-14.57015038,-15.77871251,-6.528698444,18.39920694,15.99399757,-2.884057388,-1.760873947,-20.45381996,-3.517040429,-12.06948755,0,0,-1.104509876,0
Rf,4,0.08,Li152Rf2P23S125Cl17F8,-7.403182768,-1.171389678,-0.32,0.32,0.08,-1,-6.32,0.68,0.32,0.92,5,2.32,0,0,0.08,0,-18.53166321,-2.546814899,-4.005635262,-6.288835526,-21.9933548,-0.703408086,-5.293634892,-4.737937152,-14.57015038,-15.77871251,-6.528698444,18.53166321,16.09587016,-2.723831978,-2.012427368,-20.23388641,-3.517040429,-12.28123295,0,0,-1.262297001,0
Rf,4,0.09,Li609Rf9P91S500Cl64F36,-7.4107671,-1.165214953,-0.36,0.36,0.09,-1,-6.36,0.64,0.36,0.91,5,2.36,0,0,0.09,0,-18.66313326,-2.546814899,-4.005635262,-6.288835526,-21.9933548,-0.703408086,-5.293634892,-4.737937152,-14.57015038,-15.77871251,-6.528698444,18.66313326,16.19774276,-2.563606567,-2.263980789,-20.01395287,-3.517040429,-12.49297834,0,0,-1.420084126,0
Rf,4,0.1,Li61RfP9S50Cl6F4,-7.420236698,-1.159411984,-0.4,0.4,0.1,-1,-6.4,0.6,0.4,0.9,5,2.4,0,0,0.1,0,-18.79271805,-2.546814899,-4.005635262,-6.288835526,-21.9933548,-0.703408086,-5.293634892,-4.737937152,-14.57015038,-15.77871251,-6.528698444,18.79271805,16.29961535,-2.403381157,-2.51553421,-19.79401932,-3.517040429,-12.70472374,0,0,-1.577871251,0
Rg,3,0.01,Li602RgP99S500Cl97F3,-7.098370755,-1.178152822,-0.03,0.03,0,-1,-6.025,0.97,0.03,0.99,5,2.05,0,0,0,0.01,-17.86828229,-2.546814899,-4.005635262,-6.288835526,-21.9933548,-0.703408086,-5.293634892,-9.886471748,-17.4431839,-14.06094766,-9.466834068,17.86828229,15.34455977,-3.885466204,-0.188665066,-21.77342125,-3.517040429,-10.85195153,0,0,0,-0.094668341
Rg,3,0.02,Li302RgP49S250Cl47F3,-7.138563374,-1.17992783,-0.06,0.06,0,-1,-6.05,0.94,0.06,0.98,5,2.1,0,0,0,0.02,-17.97233185,-2.546814899,-4.005635262,-6.288835526,-21.9933548,-0.703408086,-5.293634892,-9.886471748,-17.4431839,-14.06094766,-9.466834068,17.97233185,15.40823014,-3.765297146,-0.377330132,-21.5534877,-3.517040429,-11.11663327,0,0,0,-0.189336681
Rg,3,0.03,Li606Rg3P97S500Cl91F9,-7.175231344,-1.18110804,-0.09,0.09,0,-1,-6.075,0.91,0.09,0.97,5,2.15,0,0,0,0.03,-18.07990605,-2.546814899,-4.005635262,-6.288835526,-21.9933548,-0.703408086,-5.293634892,-9.886471748,-17.4431839,-14.06094766,-9.466834068,18.07990605,15.47190051,-3.645128088,-0.565995197,-21.33355415,-3.517040429,-11.38131502,0,0,0,-0.284005022
Rg,3,0.04,Li152RgP24S125Cl22F3,-7.209178161,-1.181832485,-0.12,0.12,0,-1,-6.1,0.88,0.12,0.96,5,2.2,0,0,0,0.04,-18.19020141,-2.546814899,-4.005635262,-6.288835526,-21.9933548,-0.703408086,-5.293634892,-9.886471748,-17.4431839,-14.06094766,-9.466834068,18.19020141,15.53557088,-3.52495903,-0.754660263,-21.11362061,-3.517040429,-11.64599676,0,0,0,-0.378673363
Rg,3,0.05,Li122RgP19S100Cl17F3,-7.240675125,-1.182151041,-0.15,0.15,0,-1,-6.125,0.85,0.15,0.95,5,2.25,-6.94E-18,6.94E-18,0,0.05,-18.30294662,-2.546814899,-4.005635262,-6.288835526,-21.9933548,-0.703408086,-5.293634892,-9.886471748,-17.4431839,-14.06094766,-9.466834068,18.30294662,15.59924126,-3.404789972,-0.943325329,-20.89368706,-3.517040429,-11.91067851,6.86E-17,-1.21E-16,0,-0.473341703
Rg,3,0.06,Li306Rg3P47S250Cl41F9,-7.269890471,-1.182096012,-0.18,0.18,0,-1,-6.15,0.82,0.18,0.94,5,2.3,0,0,0,0.06,-18.41797344,-2.546814899,-4.005635262,-6.288835526,-21.9933548,-0.703408086,-5.293634892,-9.886471748,-17.4431839,-14.06094766,-9.466834068,18.41797344,15.66291163,-3.284620914,-1.131990395,-20.67375351,-3.517040429,-12.17536025,0,0,0,-0.568010044
Rg,3,0.07,Li614Rg7P93S500Cl79F21,-7.29714233,-1.181723454,-0.21,0.21,0,-1,-6.175,0.79,0.21,0.93,5,2.35,-1.39E-17,1.39E-17,0,0.07,-18.53496376,-2.546814899,-4.005635262,-6.288835526,-21.9933548,-0.703408086,-5.293634892,-9.886471748,-17.4431839,-14.06094766,-9.466834068,18.53496376,15.726582,-3.164451857,-1.32065546,-20.45381996,-3.517040429,-12.440042,1.37E-16,-2.42E-16,0,-0.662678385
Rg,3,0.08,Li154Rg2P23S125Cl19F6,-7.322779066,-1.181093398,-0.24,0.24,0,-1,-6.2,0.76,0.24,0.92,5,2.4,0,0,0,0.08,-18.65356919,-2.546814899,-4.005635262,-6.288835526,-21.9933548,-0.703408086,-5.293634892,-9.886471748,-17.4431839,-14.06094766,-9.466834068,18.65356919,15.79025237,-3.044282799,-1.509320526,-20.23388641,-3.517040429,-12.70472374,0,0,0,-0.757346725
Rg,3,0.09,Li618Rg9P91S500Cl73F27,-7.346830685,-1.180213765,-0.27,0.27,0,-1,-6.225,0.73,0.27,0.91,5,2.45,1.39E-17,-1.39E-17,0,0.09,-18.77375975,-2.546814899,-4.005635262,-6.288835526,-21.9933548,-0.703408086,-5.293634892,-9.886471748,-17.4431839,-14.06094766,-9.466834068,18.77375975,15.85392275,-2.924113741,-1.697985592,-20.01395287,-3.517040429,-12.96940548,-1.37E-16,2.42E-16,0,-0.852015066
Rg,3,0.1,Li62RgP9S50Cl7F3,-7.369004834,-1.179040773,-0.3,0.3,0,-1,-6.25,0.7,0.3,0.9,5,2.5,-1.39E-17,1.39E-17,0,0.1,-18.89582777,-2.546814899,-4.005635262,-6.288835526,-21.9933548,-0.703408086,-5.293634892,-9.886471748,-17.4431839,-14.06094766,-9.466834068,18.89582777,15.91759312,-2.803944683,-1.886650658,-19.79401932,-3.517040429,-13.23408723,1.37E-16,-2.42E-16,0,-0.946683407
Rh,2,0.01,Li603RhP99S500Cl98F2,-7.791215041,-1.292075463,-0.02,0.02,0,-1,-6.03,0.98,0.02,0.99,5,2.06,0,0,0,0.01,-17.11839587,-2.546814899,-4.005635262,-6.288835526,-21.9933548,-0.703408086,-5.293634892,-2.253374398,-4.907666087,-5.468480587,-2.025592804,17.11839587,15.35729384,-3.925522556,-0.125776711,-21.77342125,-3.517040429,-10.90488788,0,0,0,-0.020255928
Rh,3,0.01,Li602RhP99S500Cl97F3,-7.784353962,-1.292008956,-0.03,0.03,0,-1,-6.025,0.97,0.03,0.99,5,2.05,0,0,0,0.01,-17.1135992,-2.546814899,-4.005635262,-6.288835526,-21.9933548,-0.703408086,-5.293634892,-3.163254976,-7.053620815,-8.051208138,-2.596845329,17.1135992,15.34455977,-3.885466204,-0.188665066,-21.77342125,-3.517040429,-10.85195153,0,0,0,-0.025968453
Rh,4,0.01,Li601RhP99S500Cl96F4,-7.780637134,-1.29246464,-0.04,0.04,0,-1,-6.02,0.96,0.04,0.99,5,2.04,0,0,0,0.01,-17.10958689,-2.546814899,-4.005635262,-6.288835526,-21.9933548,-0.703408086,-5.293634892,-3.235509694,-7.882652283,-10.62051129,-3.560958624,17.10958689,15.33182569,-3.845409851,-0.251553421,-21.77342125,-3.517040429,-10.79901518,0,0,0,-0.035609586
Rh,5,0.01,Li600RhP99S500Cl95F5,-7.765884107,-1.291086302,-0.05,0.05,0,-1,-6.015,0.95,0.05,0.99,5,2.03,0,0,0,0.01,-17.106323,-2.546814899,-4.005635262,-6.288835526,-21.9933548,-0.703408086,-5.293634892,-3.726139069,-9.091096401,-12.98953259,-3.496294558,17.106323,15.31909162,-3.805353498,-0.314441776,-21.77342125,-3.517040429,-10.74607883,0,0,0,-0.034962946
Rh,6,0.01,Li599RhP99S500Cl94F6,-7.756194782,-1.290548217,-0.06,0.06,0,-1,-6.01,0.94,0.06,0.99,5,2.02,0,0,0,0.01,-17.10376242,-2.546814899,-4.005635262,-6.288835526,-21.9933548,-0.703408086,-5.293634892,-4.186012864,-9.337785482,-15.48971629,-4.008331299,17.10376242,15.30635754,-3.765297146,-0.377330132,-21.77342125,-3.517040429,-10.69314248,0,0,0,-0.040083313
Rh,2,0.02,Li303RhP49S250Cl48F2,-7.796488496,-1.286549257,-0.04,0.04,0,-1,-6.06,0.96,0.04,0.98,5,2.12,0,0,0,0.02,-17.20032244,-2.546814899,-4.005635262,-6.288835526,-21.9933548,-0.703408086,-5.293634892,-2.253374398,-4.907666087,-5.468480587,-2.025592804,17.20032244,15.43369829,-3.845409851,-0.251553421,-21.5534877,-3.517040429,-11.22250597,0,0,0,-0.040511856
Rh,3,0.02,Li302RhP49S250Cl47F3,-7.778624241,-1.285723015,-0.06,0.06,0,-1,-6.05,0.94,0.06,0.98,5,2.1,0,0,0,0.02,-17.19487121,-2.546814899,-4.005635262,-6.288835526,-21.9933548,-0.703408086,-5.293634892,-3.163254976,-7.053620815,-8.051208138,-2.596845329,17.19487121,15.40823014,-3.765297146,-0.377330132,-21.5534877,-3.517040429,-11.11663327,0,0,0,-0.051936907
Rh,4,0.02,Li301RhP49S250Cl46F4,-7.765885938,-1.285742705,-0.08,0.08,0,-1,-6.04,0.92,0.08,0.98,5,2.08,0,0,0,0.02,-17.19215123,-2.546814899,-4.005635262,-6.288835526,-21.9933548,-0.703408086,-5.293634892,-3.235509694,-7.882652283,-10.62051129,-3.560958624,17.19215123,15.38276199,-3.685184441,-0.503106842,-21.5534877,-3.517040429,-11.01076057,0,0,0,-0.071219172
Rh,5,0.02,Li300RhP49S250Cl45F5,-7.730264382,-1.281967559,-0.1,0.1,0,-1,-6.03,0.9,0.1,0.98,5,2.06,0,0,0,0.02,-17.19173896,-2.546814899,-4.005635262,-6.288835526,-21.9933548,-0.703408086,-5.293634892,-3.726139069,-9.091096401,-12.98953259,-3.496294558,17.19173896,15.35729384,-3.605071735,-0.628883553,-21.5534877,-3.517040429,-10.90488788,0,0,0,-0.069925891
Rh,6,0.02,Li299RhP49S250Cl44F6,-7.781169318,-1.279797585,-0.12,0.12,0.02,-1,-6.08,0.88,0.12,0.98,5,2.04,0,0,0.02,0,-17.19315302,-2.546814899,-4.005635262,-6.288835526,-21.9933548,-0.703408086,-5.293634892,-4.186012864,-9.337785482,-15.48971629,-4.008331299,17.19315302,15.48463459,-3.52495903,-0.754660263,-21.5534877,-3.517040429,-10.79901518,0,0,-0.309794326,0
Rh,2,0.03,Li609Rh3P97S500Cl94F6,-7.799472513,-1.280701562,-0.06,0.06,0,-1,-6.09,0.94,0.06,0.97,5,2.18,0,0,0,0.03,-17.28453846,-2.546814899,-4.005635262,-6.288835526,-21.9933548,-0.703408086,-5.293634892,-2.253374398,-4.907666087,-5.468480587,-2.025592804,17.28453846,15.51010274,-3.765297146,-0.377330132,-21.33355415,-3.517040429,-11.54012406,0,0,0,-0.060767784
Rh,3,0.03,Li606Rh3P97S500Cl91F9,-7.767024588,-1.278522566,-0.09,0.09,0,-1,-6.075,0.91,0.09,0.97,5,2.15,0,0,0,0.03,-17.28201314,-2.546814899,-4.005635262,-6.288835526,-21.9933548,-0.703408086,-5.293634892,-3.163254976,-7.053620815,-8.051208138,-2.596845329,17.28201314,15.47190051,-3.645128088,-0.565995197,-21.33355415,-3.517040429,-11.38131502,0,0,0,-0.07790536
Rh,4,0.03,Li603Rh3P97S500Cl88F12,-7.741388356,-1.277456824,-0.12,0.12,0,-1,-6.06,0.88,0.12,0.97,5,2.12,0,0,0,0.03,-17.28446196,-2.546814899,-4.005635262,-6.288835526,-21.9933548,-0.703408086,-5.293634892,-3.235509694,-7.882652283,-10.62051129,-3.560958624,17.28446196,15.43369829,-3.52495903,-0.754660263,-21.33355415,-3.517040429,-11.22250597,0,0,0,-0.106828759
Rh,5,0.03,Li600Rh3P97S500Cl85F15,-7.681650248,-1.270744458,-0.15,0.15,0,-1,-6.045,0.85,0.15,0.97,5,2.09,0,0,0,0.03,-17.29014933,-2.546814899,-4.005635262,-6.288835526,-21.9933548,-0.703408086,-5.293634892,-3.726139069,-9.091096401,-12.98953259,-3.496294558,17.29014933,15.39549606,-3.404789972,-0.943325329,-21.33355415,-3.517040429,-11.06369692,0,0,0,-0.104888837
Rh,6,0.03,Li597Rh3P97S500Cl82F18,-7.752840759,-1.266804046,-0.18,0.18,0.03,-1,-6.12,0.82,0.18,0.97,5,2.06,0,0,0.03,0,-17.29743732,-2.546814899,-4.005635262,-6.288835526,-21.9933548,-0.703408086,-5.293634892,-4.186012864,-9.337785482,-15.48971629,-4.008331299,17.29743732,15.58650718,-3.284620914,-1.131990395,-21.33355415,-3.517040429,-10.90488788,0,0,-0.464691489,0
Rh,2,0.04,Li153RhP24S125Cl23F2,-7.800234022,-1.274548043,-0.08,0.08,0,-1,-6.12,0.92,0.08,0.96,5,2.24,0,0,0,0.04,-17.37097698,-2.546814899,-4.005635262,-6.288835526,-21.9933548,-0.703408086,-5.293634892,-2.253374398,-4.907666087,-5.468480587,-2.025592804,17.37097698,15.58650718,-3.685184441,-0.503106842,-21.11362061,-3.517040429,-11.85774216,0,0,0,-0.081023712
Rh,3,0.04,Li152RhP24S125Cl22F3,-7.750338065,-1.270547224,-0.12,0.12,0,-1,-6.1,0.88,0.12,0.96,5,2.2,0,0,0,0.04,-17.37424195,-2.546814899,-4.005635262,-6.288835526,-21.9933548,-0.703408086,-5.293634892,-3.163254976,-7.053620815,-8.051208138,-2.596845329,17.37424195,15.53557088,-3.52495903,-0.754660263,-21.11362061,-3.517040429,-11.64599676,0,0,0,-0.103873813
Rh,4,0.04,Li151RhP24S125Cl21F4,-7.70994048,-1.268082316,-0.16,0.16,0,-1,-6.08,0.84,0.16,0.96,5,2.16,0,0,0,0.04,-17.38372298,-2.546814899,-4.005635262,-6.288835526,-21.9933548,-0.703408086,-5.293634892,-3.235509694,-7.882652283,-10.62051129,-3.560958624,17.38372298,15.48463459,-3.36473362,-1.006213684,-21.11362061,-3.517040429,-11.43425137,0,0,0,-0.142438345
Rh,5,0.04,Li150RhP24S125Cl20F5,-7.626036025,-1.258421786,-0.2,0.2,0,-1,-6.06,0.8,0.2,0.96,5,2.12,0,0,0,0.04,-17.39555979,-2.546814899,-4.005635262,-6.288835526,-21.9933548,-0.703408086,-5.293634892,-3.726139069,-9.091096401,-12.98953259,-3.496294558,17.39555979,15.43369829,-3.204508209,-1.257767105,-21.11362061,-3.517040429,-11.22250597,0,0,0,-0.139851782
Rh,6,0.04,Li149RhP24S125Cl19F6,-7.719700146,-1.253198076,-0.24,0.24,0.04,-1,-6.16,0.76,0.24,0.96,5,2.08,0,0,0.04,0,-17.40653366,-2.546814899,-4.005635262,-6.288835526,-21.9933548,-0.703408086,-5.293634892,-4.186012864,-9.337785482,-15.48971629,-4.008331299,17.40653366,15.68837978,-3.044282799,-1.509320526,-21.11362061,-3.517040429,-11.01076057,0,0,-0.619588652,0
Rh,2,0.05,Li123RhP19S100Cl18F2,-7.798575775,-1.268061102,-0.1,0.1,0,-1,-6.15,0.9,0.1,0.95,5,2.3,0,0,0,0.05,-17.45983526,-2.546814899,-4.005635262,-6.288835526,-21.9933548,-0.703408086,-5.293634892,-2.253374398,-4.907666087,-5.468480587,-2.025592804,17.45983526,15.66291163,-3.605071735,-0.628883553,-20.89368706,-3.517040429,-12.17536025,0,0,0,-0.10127964
Rh,3,0.05,Li122RhP19S100Cl17F3,-7.729499478,-1.261959098,-0.15,0.15,0,-1,-6.125,0.85,0.15,0.95,5,2.25,-6.94E-18,6.94E-18,0,0.05,-17.47062283,-2.546814899,-4.005635262,-6.288835526,-21.9933548,-0.703408086,-5.293634892,-3.163254976,-7.053620815,-8.051208138,-2.596845329,17.47062283,15.59924126,-3.404789972,-0.943325329,-20.89368706,-3.517040429,-11.91067851,2.19E-17,-4.89E-17,0,-0.129842266
Rh,4,0.05,Li121RhP19S100Cl16F4,-7.674480841,-1.258111613,-0.2,0.2,0,-1,-6.1,0.8,0.2,0.95,5,2.2,0,0,0,0.05,-17.48699577,-2.546814899,-4.005635262,-6.288835526,-21.9933548,-0.703408086,-5.293634892,-3.235509694,-7.882652283,-10.62051129,-3.560958624,17.48699577,15.53557088,-3.204508209,-1.257767105,-20.89368706,-3.517040429,-11.64599676,0,0,0,-0.178047931
Rh,5,0.05,Li120RhP19S100Cl15F5,-7.724715655,-1.24592188,-0.25,0.25,0.05,-1,-6.2,0.75,0.25,0.95,5,2.15,0,0,0.05,0,-17.50298643,-2.546814899,-4.005635262,-6.288835526,-21.9933548,-0.703408086,-5.293634892,-3.726139069,-9.091096401,-12.98953259,-3.496294558,17.50298643,15.79025237,-3.004226446,-1.572208881,-20.89368706,-3.517040429,-11.38131502,0,0,-0.649476629,0
Rh,6,0.05,Li119RhP19S100Cl14F6,-7.689835995,-1.240296128,-0.3,0.3,0.05,-1,-6.2,0.7,0.3,0.95,5,2.1,-6.94E-18,6.94E-18,0.05,0,-17.51235355,-2.546814899,-4.005635262,-6.288835526,-21.9933548,-0.703408086,-5.293634892,-4.186012864,-9.337785482,-15.48971629,-4.008331299,17.51235355,15.79025237,-2.803944683,-1.886650658,-20.89368706,-3.517040429,-11.11663327,2.90E-17,-6.48E-17,-0.774485815,0
Rh,2,0.06,Li309Rh3P47S250Cl44F6,-7.794253284,-1.261206033,-0.12,0.12,0,-1,-6.18,0.88,0.12,0.94,5,2.36,0,0,0,0.06,-17.55135778,-2.546814899,-4.005635262,-6.288835526,-21.9933548,-0.703408086,-5.293634892,-2.253374398,-4.907666087,-5.468480587,-2.025592804,17.55135778,15.73931608,-3.52495903,-0.754660263,-20.67375351,-3.517040429,-12.49297834,0,0,0,-0.121535568
Rh,3,0.06,Li306Rh3P47S250Cl41F9,-7.70559806,-1.252942774,-0.18,0.18,0,-1,-6.15,0.82,0.18,0.94,5,2.3,0,0,0,0.06,-17.57006653,-2.546814899,-4.005635262,-6.288835526,-21.9933548,-0.703408086,-5.293634892,-3.163254976,-7.053620815,-8.051208138,-2.596845329,17.57006653,15.66291163,-3.284620914,-1.131990395,-20.67375351,-3.517040429,-12.17536025,0,0,0,-0.15581072
Rh,4,0.06,Li303Rh3P47S250Cl38F12,-7.637217505,-1.247911357,-0.24,0.24,0,-1,-6.12,0.76,0.24,0.94,5,2.24,0,0,0,0.06,-17.59207225,-2.546814899,-4.005635262,-6.288835526,-21.9933548,-0.703408086,-5.293634892,-3.235509694,-7.882652283,-10.62051129,-3.560958624,17.59207225,15.58650718,-3.044282799,-1.509320526,-20.67375351,-3.517040429,-11.85774216,0,0,0,-0.213657517
Rh,5,0.06,Li300Rh3P47S250Cl35F15,-7.699853582,-1.233950895,-0.3,0.3,0.06,-1,-6.24,0.7,0.3,0.94,5,2.18,0,0,0.06,0,-17.60890675,-2.546814899,-4.005635262,-6.288835526,-21.9933548,-0.703408086,-5.293634892,-3.726139069,-9.091096401,-12.98953259,-3.496294558,17.60890675,15.89212497,-2.803944683,-1.886650658,-20.67375351,-3.517040429,-11.54012406,0,0,-0.779371955,0
Rh,6,0.06,Li297Rh3P47S250Cl32F18,-7.666477458,-1.228602157,-0.36,0.36,0.06,-1,-6.24,0.64,0.36,0.94,5,2.12,0,0,0.06,0,-17.61166781,-2.546814899,-4.005635262,-6.288835526,-21.9933548,-0.703408086,-5.293634892,-4.186012864,-9.337785482,-15.48971629,-4.008331299,17.61166781,15.89212497,-2.563606567,-2.263980789,-20.67375351,-3.517040429,-11.22250597,0,0,-0.929382977,0
Rh,2,0.07,Li621Rh7P93S500Cl86F14,-7.787120756,-1.253964695,-0.14,0.14,0,-1,-6.21,0.86,0.14,0.93,5,2.42,0,0,0,0.07,-17.64569034,-2.546814899,-4.005635262,-6.288835526,-21.9933548,-0.703408086,-5.293634892,-2.253374398,-4.907666087,-5.468480587,-2.025592804,17.64569034,15.81572052,-3.444846325,-0.880436974,-20.45381996,-3.517040429,-12.81059644,0,0,0,-0.141791496
Rh,3,0.07,Li614Rh7P93S500Cl79F21,-7.679590389,-1.243658363,-0.21,0.21,0,-1,-6.175,0.79,0.21,0.93,5,2.35,-1.39E-17,1.39E-17,0,0.07,-17.67161649,-2.546814899,-4.005635262,-6.288835526,-21.9933548,-0.703408086,-5.293634892,-3.163254976,-7.053620815,-8.051208138,-2.596845329,17.67161649,15.726582,-3.164451857,-1.32065546,-20.45381996,-3.517040429,-12.440042,4.39E-17,-9.79E-17,0,-0.181779173
Rh,4,0.07,Li607Rh7P93S500Cl72F28,-7.599343241,-1.237678052,-0.28,0.28,0,-1,-6.14,0.72,0.28,0.93,5,2.28,0,0,0,0.07,-17.69775966,-2.546814899,-4.005635262,-6.288835526,-21.9933548,-0.703408086,-5.293634892,-3.235509694,-7.882652283,-10.62051129,-3.560958624,17.69775966,15.63744348,-2.884057388,-1.760873947,-20.45381996,-3.517040429,-12.06948755,0,0,0,-0.249267104
Rh,5,0.07,Li600Rh7P93S500Cl65F35,-7.677235505,-1.22248973,-0.35,0.35,0.07,-1,-6.28,0.65,0.35,0.93,5,2.21,-1.39E-17,1.39E-17,0.07,0,-17.71258307,-2.546814899,-4.005635262,-6.288835526,-21.9933548,-0.703408086,-5.293634892,-3.726139069,-9.091096401,-12.98953259,-3.496294558,17.71258307,15.99399757,-2.60366292,-2.201092434,-20.45381996,-3.517040429,-11.69893311,5.17E-17,-1.26E-16,-0.909267281,0
Rh,6,0.07,Li593Rh7P93S500Cl58F42,-7.649605258,-1.218090009,-0.42,0.42,0.07,-1,-6.28,0.58,0.42,0.93,5,2.14,-1.39E-17,1.39E-17,0.07,0,-17.70449575,-2.546814899,-4.005635262,-6.288835526,-21.9933548,-0.703408086,-5.293634892,-4.186012864,-9.337785482,-15.48971629,-4.008331299,17.70449575,15.99399757,-2.323268452,-2.641310921,-20.45381996,-3.517040429,-11.32837867,5.81E-17,-1.30E-16,-1.08428014,0
Rh,2,0.08,Li156Rh2P23S125Cl21F4,-7.777214315,-1.246348448,-0.16,0.16,0,-1,-6.24,0.84,0.16,0.92,5,2.48,0,0,0,0.08,-17.74279682,-2.546814899,-4.005635262,-6.288835526,-21.9933548,-0.703408086,-5.293634892,-2.253374398,-4.907666087,-5.468480587,-2.025592804,17.74279682,15.89212497,-3.36473362,-1.006213684,-20.23388641,-3.517040429,-13.12821453,0,0,0,-0.162047424
Rh,3,0.08,Li154Rh2P23S125Cl19F6,-7.651983992,-1.234190966,-0.24,0.24,0,-1,-6.2,0.76,0.24,0.92,5,2.4,0,0,0,0.08,-17.77476517,-2.546814899,-4.005635262,-6.288835526,-21.9933548,-0.703408086,-5.293634892,-3.163254976,-7.053620815,-8.051208138,-2.596845329,17.77476517,15.79025237,-3.044282799,-1.509320526,-20.23388641,-3.517040429,-12.70472374,0,0,0,-0.207747626
Rh,4,0.08,Li152Rh2P23S125Cl17F8,-7.560655824,-1.227379192,-0.32,0.32,0,-1,-6.16,0.68,0.32,0.92,5,2.32,0,0,0,0.08,-17.80426023,-2.546814899,-4.005635262,-6.288835526,-21.9933548,-0.703408086,-5.293634892,-3.235509694,-7.882652283,-10.62051129,-3.560958624,17.80426023,15.68837978,-2.723831978,-2.012427368,-20.23388641,-3.517040429,-12.28123295,0,0,0,-0.28487669
Rh,5,0.08,Li150Rh2P23S125Cl15F10,-7.656241535,-1.211430623,-0.4,0.4,0.08,-1,-6.32,0.6,0.4,0.92,5,2.24,0,0,0.08,0,-17.81463528,-2.546814899,-4.005635262,-6.288835526,-21.9933548,-0.703408086,-5.293634892,-3.726139069,-9.091096401,-12.98953259,-3.496294558,17.81463528,16.09587016,-2.403381157,-2.51553421,-20.23388641,-3.517040429,-11.85774216,0,0,-1.039162607,0
Rh,6,0.08,Li148Rh2P23S125Cl13F12,-7.638828944,-1.208675466,-0.48,0.48,0.08,-1,-6.32,0.52,0.48,0.92,5,2.16,0,0,0.08,0,-17.79122779,-2.546814899,-4.005635262,-6.288835526,-21.9933548,-0.703408086,-5.293634892,-4.186012864,-9.337785482,-15.48971629,-4.008331299,17.79122779,16.09587016,-2.082930336,-3.018641052,-20.23388641,-3.517040429,-11.43425137,0,0,-1.239177303,0
Rh,2,0.09,Li627Rh9P91S500Cl82F18,-7.76479678,-1.23840459,-0.18,0.18,0,-1,-6.27,0.82,0.18,0.91,5,2.54,0,0,0,0.09,-17.84241438,-2.546814899,-4.005635262,-6.288835526,-21.9933548,-0.703408086,-5.293634892,-2.253374398,-4.907666087,-5.468480587,-2.025592804,17.84241438,15.96852942,-3.284620914,-1.131990395,-20.01395287,-3.517040429,-13.44583262,0,0,0,-0.182303352
Rh,3,0.09,Li618Rh9P91S500Cl73F27,-7.622676777,-1.22452639,-0.27,0.27,0,-1,-6.225,0.73,0.27,0.91,5,2.45,1.39E-17,-1.39E-17,0,0.09,-17.87961467,-2.546814899,-4.005635262,-6.288835526,-21.9933548,-0.703408086,-5.293634892,-3.163254976,-7.053620815,-8.051208138,-2.596845329,17.87961467,15.85392275,-2.924113741,-1.697985592,-20.01395287,-3.517040429,-12.96940548,-4.39E-17,9.79E-17,0,-0.23371608
Rh,4,0.09,Li609Rh9P91S500Cl64F36,-7.520037991,-1.216834626,-0.36,0.36,0,-1,-6.18,0.64,0.36,0.91,5,2.36,0,0,0,0.09,-17.9126912,-2.546814899,-4.005635262,-6.288835526,-21.9933548,-0.703408086,-5.293634892,-3.235509694,-7.882652283,-10.62051129,-3.560958624,17.9126912,15.73931608,-2.563606567,-2.263980789,-20.01395287,-3.517040429,-12.49297834,0,0,0,-0.320486276
Rh,5,0.09,Li600Rh9P91S500Cl55F45,-7.637325741,-1.200837381,-0.45,0.45,0.09,-1,-6.36,0.55,0.45,0.91,5,2.27,0,0,0.09,0,-17.91460931,-2.546814899,-4.005635262,-6.288835526,-21.9933548,-0.703408086,-5.293634892,-3.726139069,-9.091096401,-12.98953259,-3.496294558,17.91460931,16.19774276,-2.203099394,-2.829975986,-20.01395287,-3.517040429,-12.0165512,0,0,-1.169057933,0
Rh,6,0.09,Li591Rh9P91S500Cl46F54,-7.622618468,-1.198524916,-0.54,0.54,0.09,-1,-6.36,0.46,0.54,0.91,5,2.18,1.39E-17,-1.39E-17,0.09,0,-17.883394,-2.546814899,-4.005635262,-6.288835526,-21.9933548,-0.703408086,-5.293634892,-4.186012864,-9.337785482,-15.48971629,-4.008331299,17.883394,16.19774276,-1.84259222,-3.395971184,-20.01395287,-3.517040429,-11.54012406,-5.81E-17,1.30E-16,-1.394074466,0
Rh,2,0.1,Li63RhP9S50Cl8F2,-7.750288881,-1.230204584,-0.2,0.2,0,-1,-6.3,0.8,0.2,0.9,5,2.6,0,0,0,0.1,-17.94412231,-2.546814899,-4.005635262,-6.288835526,-21.9933548,-0.703408086,-5.293634892,-2.253374398,-4.907666087,-5.468480587,-2.025592804,17.94412231,16.04493386,-3.204508209,-1.257767105,-19.79401932,-3.517040429,-13.76345072,0,0,0,-0.20255928
Rh,3,0.1,Li62RhP9S50Cl7F3,-7.591013748,-1.2145622,-0.3,0.3,0,-1,-6.25,0.7,0.3,0.9,5,2.5,-1.39E-17,1.39E-17,0,0.1,-17.98681998,-2.546814899,-4.005635262,-6.288835526,-21.9933548,-0.703408086,-5.293634892,-3.163254976,-7.053620815,-8.051208138,-2.596845329,17.98681998,15.91759312,-2.803944683,-1.886650658,-19.79401932,-3.517040429,-13.23408723,4.39E-17,-9.79E-17,0,-0.259684533
Rh,4,0.1,Li61RhP9S50Cl6F4,-7.477357589,-1.206025418,-0.4,0.4,0,-1,-6.2,0.6,0.4,0.9,5,2.4,0,0,0,0.1,-18.02318475,-2.546814899,-4.005635262,-6.288835526,-21.9933548,-0.703408086,-5.293634892,-3.235509694,-7.882652283,-10.62051129,-3.560958624,18.02318475,15.79025237,-2.403381157,-2.51553421,-19.79401932,-3.517040429,-12.70472374,0,0,0,-0.356095862
Rh,5,0.1,Li60RhP9S50Cl5F5,-7.617577747,-1.190246523,-0.5,0.5,0.1,-1,-6.4,0.5,0.5,0.9,5,2.3,0,0,0.1,0,-18.01541555,-2.546814899,-4.005635262,-6.288835526,-21.9933548,-0.703408086,-5.293634892,-3.726139069,-9.091096401,-12.98953259,-3.496294558,18.01541555,16.29961535,-2.002817631,-3.144417763,-19.79401932,-3.517040429,-12.17536025,0,0,-1.298953259,0
Rh,6,0.1,Li59RhP9S50Cl4F6,-7.599888828,-1.187482629,-0.6,0.6,0.1,-1,-6.4,0.4,0.6,0.9,5,2.2,-1.39E-17,1.39E-17,0.1,0,-17.98207937,-2.546814899,-4.005635262,-6.288835526,-21.9933548,-0.703408086,-5.293634892,-4.186012864,-9.337785482,-15.48971629,-4.008331299,17.98207937,16.29961535,-1.602254105,-3.773301315,-19.79401932,-3.517040429,-11.64599676,5.81E-17,-1.30E-16,-1.548971629,0
Ru,2,0.01,Li603RuP99S500Cl98F2,-7.739926555,-1.28356991,-0.02,0.02,0,-1,-6.03,0.98,0.02,0.99,5,2.06,0,0,0,0.01,-17.17389672,-2.546814899,-4.005635262,-6.288835526,-21.9933548,-0.703408086,-5.293634892,-2.999215722,-5.345991969,-6.136493683,-2.446829796,17.17389672,15.35729384,-3.925522556,-0.125776711,-21.77342125,-3.517040429,-10.90488788,0,0,0,-0.024468298
Ru,3,0.01,Li602RuP99S500Cl97F3,-7.735257258,-1.283860126,-0.03,0.03,0,-1,-6.025,0.97,0.03,0.99,5,2.05,0,0,0,0.01,-17.16998717,-2.546814899,-4.005635262,-6.288835526,-21.9933548,-0.703408086,-5.293634892,-3.984115124,-7.197951794,-8.894145489,-3.325972259,17.16998717,15.34455977,-3.885466204,-0.188665066,-21.77342125,-3.517040429,-10.85195153,0,0,0,-0.033259723
Ru,4,0.01,Li601RuP99S500Cl96F4,-7.73033854,-1.284109392,-0.04,0.04,0,-1,-6.02,0.96,0.04,0.99,5,2.04,0,0,0,0.01,-17.16663412,-2.546814899,-4.005635262,-6.288835526,-21.9933548,-0.703408086,-5.293634892,-4.371804595,-9.361575246,-11.72574663,-4.235822082,17.16663412,15.33182569,-3.845409851,-0.251553421,-21.77342125,-3.517040429,-10.79901518,0,0,0,-0.042358221
Ru,5,0.01,Li600RuP99S500Cl95F5,-7.749913731,-1.2830983,-0.05,0.05,0.01,-1,-6.04,0.95,0.05,0.99,5,2.03,0,0,0.01,0,-17.16380525,-2.546814899,-4.005635262,-6.288835526,-21.9933548,-0.703408086,-5.293634892,-4.663347602,-10.61826539,-14.0145185,-4.338192999,17.16380525,15.38276199,-3.805353498,-0.314441776,-21.77342125,-3.517040429,-10.74607883,0,0,-0.140145185,0
Ru,6,0.01,Li599RuP99S500Cl94F6,-7.746765936,-1.282577142,-0.06,0.06,0.01,-1,-6.04,0.94,0.06,0.99,5,2.02,0,0,0.01,0,-17.16146215,-2.546814899,-4.005635262,-6.288835526,-21.9933548,-0.703408086,-5.293634892,-5.751274407,-11.50731611,-16.47586405,-4.63919735,17.16146215,15.38276199,-3.765297146,-0.377330132,-21.77342125,-3.517040429,-10.69314248,0,0,-0.164758641,0
Ru,7,0.01,Li598RuP99S500Cl93F7,-7.745545821,-1.282375136,-0.07,0.07,0.01,-1,-6.04,0.93,0.07,0.99,5,2.01,0,0,0.01,0,-17.15955261,-2.546814899,-4.005635262,-6.288835526,-21.9933548,-0.703408086,-5.293634892,-7.119796276,-13.67909622,-19.17333305,-5.038457215,17.15955261,15.38276199,-3.725240793,-0.440218487,-21.77342125,-3.517040429,-10.64020613,0,0,-0.19173333,0
Ru,8,0.01,Li597RuP99S500Cl92F8,-7.744951095,-1.282276671,-0.08,0.08,0.01,-1,-6.04,0.92,0.08,0.99,5,2,0,0,0.01,0,-17.15803229,-2.546814899,-4.005635262,-6.288835526,-21.9933548,-0.703408086,-5.293634892,-7.529755175,-15.79660928,-21.97226322,-5.811393261,17.15803229,15.38276199,-3.685184441,-0.503106842,-21.77342125,-3.517040429,-10.58726978,0,0,-0.219722632,0
Ru,2,0.02,Li303RuP49S250Cl48F2,-7.756042982,-1.27987508,-0.04,0.04,0,-1,-6.06,0.96,0.04,0.98,5,2.12,0,0,0,0.02,-17.2491927,-2.546814899,-4.005635262,-6.288835526,-21.9933548,-0.703408086,-5.293634892,-2.999215722,-5.345991969,-6.136493683,-2.446829796,17.2491927,15.43369829,-3.845409851,-0.251553421,-21.5534877,-3.517040429,-11.22250597,0,0,0,-0.048936596
Ru,3,0.02,Li302RuP49S250Cl47F3,-7.744555933,-1.28009189,-0.06,0.06,0,-1,-6.05,0.94,0.06,0.98,5,2.1,0,0,0,0.02,-17.24352205,-2.546814899,-4.005635262,-6.288835526,-21.9933548,-0.703408086,-5.293634892,-3.984115124,-7.197951794,-8.894145489,-3.325972259,17.24352205,15.40823014,-3.765297146,-0.377330132,-21.5534877,-3.517040429,-11.11663327,0,0,0,-0.066519445
Ru,4,0.02,Li301RuP49S250Cl46F4,-7.731657532,-1.28007575,-0.08,0.08,0,-1,-6.04,0.92,0.08,0.98,5,2.08,0,0,0,0.02,-17.23987691,-2.546814899,-4.005635262,-6.288835526,-21.9933548,-0.703408086,-5.293634892,-4.371804595,-9.361575246,-11.72574663,-4.235822082,17.23987691,15.38276199,-3.685184441,-0.503106842,-21.5534877,-3.517040429,-11.01076057,0,0,0,-0.084716442
Ru,5,0.02,Li300RuP49S250Cl45F5,-7.767129683,-1.277488435,-0.1,0.1,0.02,-1,-6.08,0.9,0.1,0.98,5,2.06,0,0,0.02,0,-17.2378974,-2.546814899,-4.005635262,-6.288835526,-21.9933548,-0.703408086,-5.293634892,-4.663347602,-10.61826539,-14.0145185,-4.338192999,17.2378974,15.48463459,-3.605071735,-0.628883553,-21.5534877,-3.517040429,-10.90488788,0,0,-0.28029037,0
Ru,6,0.02,Li299RuP49S250Cl44F6,-7.756869001,-1.275800822,-0.12,0.12,0.02,-1,-6.08,0.88,0.12,0.98,5,2.04,0,0,0.02,0,-17.2371763,-2.546814899,-4.005635262,-6.288835526,-21.9933548,-0.703408086,-5.293634892,-5.751274407,-11.50731611,-16.47586405,-4.63919735,17.2371763,15.48463459,-3.52495903,-0.754660263,-21.5534877,-3.517040429,-10.79901518,0,0,-0.329517281,0
Ru,7,0.02,Li298RuP49S250Cl43F7,-7.750483319,-1.274750546,-0.14,0.14,0.02,-1,-6.08,0.86,0.14,0.98,5,2.02,0,0,0.02,0,-17.23730267,-2.546814899,-4.005635262,-6.288835526,-21.9933548,-0.703408086,-5.293634892,-7.119796276,-13.67909622,-19.17333305,-5.038457215,17.23730267,15.48463459,-3.444846325,-0.880436974,-21.5534877,-3.517040429,-10.69314248,0,0,-0.383466661,0
Ru,8,0.02,Li297RuP49S250Cl42F8,-7.745670869,-1.273959024,-0.16,0.16,0.02,-1,-6.08,0.84,0.16,0.98,5,2,0,0,0.02,0,-17.23788503,-2.546814899,-4.005635262,-6.288835526,-21.9933548,-0.703408086,-5.293634892,-7.529755175,-15.79660928,-21.97226322,-5.811393261,17.23788503,15.48463459,-3.36473362,-1.006213684,-21.5534877,-3.517040429,-10.58726978,0,0,-0.439445264,0
Ru,2,0.03,Li609Ru3P97S500Cl94F6,-7.770423772,-1.275931654,-0.06,0.06,0,-1,-6.09,0.94,0.06,0.97,5,2.18,0,0,0,0.03,-17.32622431,-2.546814899,-4.005635262,-6.288835526,-21.9933548,-0.703408086,-5.293634892,-2.999215722,-5.345991969,-6.136493683,-2.446829796,17.32622431,15.51010274,-3.765297146,-0.377330132,-21.33355415,-3.517040429,-11.54012406,0,0,0,-0.073404894
Ru,3,0.03,Li606Ru3P97S500Cl91F9,-7.75027704,-1.275765768,-0.09,0.09,0,-1,-6.075,0.91,0.09,0.97,5,2.15,0,0,0,0.03,-17.3206345,-2.546814899,-4.005635262,-6.288835526,-21.9933548,-0.703408086,-5.293634892,-3.984115124,-7.197951794,-8.894145489,-3.325972259,17.3206345,15.47190051,-3.645128088,-0.565995197,-21.33355415,-3.517040429,-11.38131502,0,0,0,-0.099779168
Ru,4,0.03,Li603Ru3P97S500Cl88F12,-7.727090486,-1.27509744,-0.12,0.12,0,-1,-6.06,0.88,0.12,0.97,5,2.12,0,0,0,0.03,-17.31900573,-2.546814899,-4.005635262,-6.288835526,-21.9933548,-0.703408086,-5.293634892,-4.371804595,-9.361575246,-11.72574663,-4.235822082,17.31900573,15.43369829,-3.52495903,-0.754660263,-21.33355415,-3.517040429,-11.22250597,0,0,0,-0.127074662
Ru,5,0.03,Li600Ru3P97S500Cl85F15,-7.776423461,-1.270657428,-0.15,0.15,0.03,-1,-6.12,0.85,0.15,0.97,5,2.09,0,0,0.03,0,-17.31991172,-2.546814899,-4.005635262,-6.288835526,-21.9933548,-0.703408086,-5.293634892,-4.663347602,-10.61826539,-14.0145185,-4.338192999,17.31991172,15.58650718,-3.404789972,-0.943325329,-21.33355415,-3.517040429,-11.06369692,0,0,-0.420435555,0
Ru,6,0.03,Li597Ru3P97S500Cl82F18,-7.757889425,-1.267628991,-0.18,0.18,0.03,-1,-6.12,0.82,0.18,0.97,5,2.06,0,0,0.03,0,-17.32197308,-2.546814899,-4.005635262,-6.288835526,-21.9933548,-0.703408086,-5.293634892,-5.751274407,-11.50731611,-16.47586405,-4.63919735,17.32197308,15.58650718,-3.284620914,-1.131990395,-21.33355415,-3.517040429,-10.90488788,0,0,-0.494275922,0
Ru,7,0.03,Li594Ru3P97S500Cl79F21,-7.746476184,-1.265764082,-0.21,0.21,0.03,-1,-6.12,0.79,0.21,0.97,5,2.03,0,0,0.03,0,-17.32399735,-2.546814899,-4.005635262,-6.288835526,-21.9933548,-0.703408086,-5.293634892,-7.119796276,-13.67909622,-19.17333305,-5.038457215,17.32399735,15.58650718,-3.164451857,-1.32065546,-21.33355415,-3.517040429,-10.74607883,0,0,-0.575199991,0
Ru,8,0.03,Li591Ru3P97S500Cl76F24,-7.739353075,-1.264600176,-0.24,0.24,0.03,-1,-6.12,0.76,0.24,0.97,5,2,0,0,0.03,0,-17.32477533,-2.546814899,-4.005635262,-6.288835526,-21.9933548,-0.703408086,-5.293634892,-7.529755175,-15.79660928,-21.97226322,-5.811393261,17.32477533,15.58650718,-3.044282799,-1.509320526,-21.33355415,-3.517040429,-10.58726978,0,0,-0.659167897,0
Ru,2,0.04,Li153RuP24S125Cl23F2,-7.782917356,-1.271718522,-0.08,0.08,0,-1,-6.12,0.92,0.08,0.96,5,2.24,0,0,0,0.04,-17.40514313,-2.546814899,-4.005635262,-6.288835526,-21.9933548,-0.703408086,-5.293634892,-2.999215722,-5.345991969,-6.136493683,-2.446829796,17.40514313,15.58650718,-3.685184441,-0.503106842,-21.11362061,-3.517040429,-11.85774216,0,0,0,-0.097873192
Ru,3,0.04,Li152RuP24S125Cl22F3,-7.752499921,-1.270901626,-0.12,0.12,0,-1,-6.1,0.88,0.12,0.96,5,2.2,0,0,0,0.04,-17.40124517,-2.546814899,-4.005635262,-6.288835526,-21.9933548,-0.703408086,-5.293634892,-3.984115124,-7.197951794,-8.894145489,-3.325972259,17.40124517,15.53557088,-3.52495903,-0.754660263,-21.11362061,-3.517040429,-11.64599676,0,0,0,-0.13303889
Ru,4,0.04,Li151RuP24S125Cl21F4,-7.717768168,-1.269369764,-0.16,0.16,0,-1,-6.08,0.84,0.16,0.96,5,2.16,0,0,0,0.04,-17.40288983,-2.546814899,-4.005635262,-6.288835526,-21.9933548,-0.703408086,-5.293634892,-4.371804595,-9.361575246,-11.72574663,-4.235822082,17.40288983,15.48463459,-3.36473362,-1.006213684,-21.11362061,-3.517040429,-11.43425137,0,0,0,-0.169432883
Ru,5,0.04,Li150RuP24S125Cl20F5,-7.780857316,-1.263126188,-0.2,0.2,0.04,-1,-6.16,0.8,0.2,0.96,5,2.12,0,0,0.04,0,-17.40678596,-2.546814899,-4.005635262,-6.288835526,-21.9933548,-0.703408086,-5.293634892,-4.663347602,-10.61826539,-14.0145185,-4.338192999,17.40678596,15.68837978,-3.204508209,-1.257767105,-21.11362061,-3.517040429,-11.22250597,0,0,-0.56058074,0
Ru,6,0.04,Li149RuP24S125Cl19F6,-7.755384098,-1.258990925,-0.24,0.24,0.04,-1,-6.16,0.76,0.24,0.96,5,2.08,0,0,0.04,0,-17.41029562,-2.546814899,-4.005635262,-6.288835526,-21.9933548,-0.703408086,-5.293634892,-5.751274407,-11.50731611,-16.47586405,-4.63919735,17.41029562,15.68837978,-3.044282799,-1.509320526,-21.11362061,-3.517040429,-11.01076057,0,0,-0.659034562,0
Ru,7,0.04,Li148RuP24S125Cl18F7,-7.742538954,-1.256905674,-0.28,0.28,0.04,-1,-6.16,0.72,0.28,0.96,5,2.04,0,0,0.04,0,-17.41062214,-2.546814899,-4.005635262,-6.288835526,-21.9933548,-0.703408086,-5.293634892,-7.119796276,-13.67909622,-19.17333305,-5.038457215,17.41062214,15.68837978,-2.884057388,-1.760873947,-21.11362061,-3.517040429,-10.79901518,0,0,-0.766933322,0
Ru,8,0.04,Li147RuP24S125Cl17F8,-7.739428716,-1.256400766,-0.32,0.32,0.04,-1,-6.16,0.68,0.32,0.96,5,2,0,0,0.04,0,-17.4052722,-2.546814899,-4.005635262,-6.288835526,-21.9933548,-0.703408086,-5.293634892,-7.529755175,-15.79660928,-21.97226322,-5.811393261,17.4052722,15.68837978,-2.723831978,-2.012427368,-21.11362061,-3.517040429,-10.58726978,0,0,-0.878890529,0
Ru,2,0.05,Li123RuP19S100Cl18F2,-7.793270556,-1.267198464,-0.1,0.1,0,-1,-6.15,0.9,0.1,0.95,5,2.3,0,0,0,0.05,-17.48620233,-2.546814899,-4.005635262,-6.288835526,-21.9933548,-0.703408086,-5.293634892,-2.999215722,-5.345991969,-6.136493683,-2.446829796,17.48620233,15.66291163,-3.605071735,-0.628883553,-20.89368706,-3.517040429,-12.17536025,0,0,0,-0.12234149
Ru,3,0.05,Li122RuP19S100Cl17F3,-7.751460666,-1.265544599,-0.15,0.15,0,-1,-6.125,0.85,0.15,0.95,5,2.25,-6.94E-18,6.94E-18,0,0.05,-17.48511798,-2.546814899,-4.005635262,-6.288835526,-21.9933548,-0.703408086,-5.293634892,-3.984115124,-7.197951794,-8.894145489,-3.325972259,17.48511798,15.59924126,-3.404789972,-0.943325329,-20.89368706,-3.517040429,-11.91067851,2.76E-17,-4.99E-17,0,-0.166298613
Ru,4,0.05,Li121RuP19S100Cl16F4,-7.705269775,-1.26315898,-0.2,0.2,0,-1,-6.1,0.8,0.2,0.95,5,2.2,0,0,0,0.05,-17.48995001,-2.546814899,-4.005635262,-6.288835526,-21.9933548,-0.703408086,-5.293634892,-4.371804595,-9.361575246,-11.72574663,-4.235822082,17.48995001,15.53557088,-3.204508209,-1.257767105,-20.89368706,-3.517040429,-11.64599676,0,0,0,-0.211791104
Ru,5,0.05,Li120RuP19S100Cl15F5,-7.783329224,-1.255375681,-0.25,0.25,0.05,-1,-6.2,0.75,0.25,0.95,5,2.15,0,0,0.05,0,-17.49562216,-2.546814899,-4.005635262,-6.288835526,-21.9933548,-0.703408086,-5.293634892,-4.663347602,-10.61826539,-14.0145185,-4.338192999,17.49562216,15.79025237,-3.004226446,-1.572208881,-20.89368706,-3.517040429,-11.38131502,0,0,-0.700725925,0
Ru,6,0.05,Li119RuP19S100Cl14F6,-7.753948044,-1.250636781,-0.3,0.3,0.05,-1,-6.2,0.7,0.3,0.95,5,2.1,-6.94E-18,6.94E-18,0.05,0,-17.49754888,-2.546814899,-4.005635262,-6.288835526,-21.9933548,-0.703408086,-5.293634892,-5.751274407,-11.50731611,-16.47586405,-4.63919735,17.49754888,15.79025237,-2.803944683,-1.886650658,-20.89368706,-3.517040429,-11.11663327,3.99E-17,-7.98E-17,-0.823793203,0
Ru,7,0.05,Li118RuP19S100Cl13F7,-7.745230108,-1.249230663,-0.35,0.35,0.05,-1,-6.2,0.65,0.35,0.95,5,2.05,-6.94E-18,6.94E-18,0.05,0,-17.49061854,-2.546814899,-4.005635262,-6.288835526,-21.9933548,-0.703408086,-5.293634892,-7.119796276,-13.67909622,-19.17333305,-5.038457215,17.49061854,15.79025237,-2.60366292,-2.201092434,-20.89368706,-3.517040429,-10.85195153,4.94E-17,-9.49E-17,-0.958666652,0
Ru,8,0.05,Li117RuP19S100Cl12F8,-7.751802307,-1.250290695,-0.4,0.4,0.05,-1,-6.2,0.6,0.4,0.95,5,2,0,0,0.05,0,-17.47347112,-2.546814899,-4.005635262,-6.288835526,-21.9933548,-0.703408086,-5.293634892,-7.529755175,-15.79660928,-21.97226322,-5.811393261,17.47347112,15.79025237,-2.403381157,-2.51553421,-20.89368706,-3.517040429,-10.58726978,0,0,-1.098613161,0
Ru,2,0.06,Li309Ru3P47S250Cl44F6,-7.801375679,-1.262358524,-0.12,0.12,0,-1,-6.18,0.88,0.12,0.94,5,2.36,0,0,0,0.06,-17.56950961,-2.546814899,-4.005635262,-6.288835526,-21.9933548,-0.703408086,-5.293634892,-2.999215722,-5.345991969,-6.136493683,-2.446829796,17.56950961,15.73931608,-3.52495903,-0.754660263,-20.67375351,-3.517040429,-12.49297834,0,0,0,-0.146809788
Ru,3,0.06,Li306Ru3P47S250Cl41F9,-7.747928669,-1.2598258,-0.18,0.18,0,-1,-6.15,0.82,0.18,0.94,5,2.3,0,0,0,0.06,-17.57148354,-2.546814899,-4.005635262,-6.288835526,-21.9933548,-0.703408086,-5.293634892,-3.984115124,-7.197951794,-8.894145489,-3.325972259,17.57148354,15.66291163,-3.284620914,-1.131990395,-20.67375351,-3.517040429,-12.17536025,0,0,0,-0.199558336
Ru,4,0.06,Li303Ru3P47S250Cl38F12,-7.69130393,-1.256749008,-0.24,0.24,0,-1,-6.12,0.76,0.24,0.94,5,2.24,0,0,0,0.06,-17.57847763,-2.546814899,-4.005635262,-6.288835526,-21.9933548,-0.703408086,-5.293634892,-4.371804595,-9.361575246,-11.72574663,-4.235822082,17.57847763,15.58650718,-3.044282799,-1.509320526,-20.67375351,-3.517040429,-11.85774216,0,0,0,-0.254149325
Ru,5,0.06,Li300Ru3P47S250Cl35F15,-7.785946805,-1.247747885,-0.3,0.3,0.06,-1,-6.24,0.7,0.3,0.94,5,2.18,0,0,0.06,0,-17.58431268,-2.546814899,-4.005635262,-6.288835526,-21.9933548,-0.703408086,-5.293634892,-4.663347602,-10.61826539,-14.0145185,-4.338192999,17.58431268,15.89212497,-2.803944683,-1.886650658,-20.67375351,-3.517040429,-11.54012406,0,0,-0.84087111,0
Ru,6,0.06,Li297Ru3P47S250Cl32F18,-7.756530082,-1.243033667,-0.36,0.36,0.06,-1,-6.24,0.64,0.36,0.94,5,2.12,0,0,0.06,0,-17.58078406,-2.546814899,-4.005635262,-6.288835526,-21.9933548,-0.703408086,-5.293634892,-5.751274407,-11.50731611,-16.47586405,-4.63919735,17.58078406,15.89212497,-2.563606567,-2.263980789,-20.67375351,-3.517040429,-11.22250597,0,0,-0.988551843,0
Ru,7,0.06,Li294Ru3P47S250Cl29F21,-7.756384444,-1.243010328,-0.42,0.42,0.06,-1,-6.24,0.58,0.42,0.94,5,2.06,0,0,0.06,0,-17.56215176,-2.546814899,-4.005635262,-6.288835526,-21.9933548,-0.703408086,-5.293634892,-7.119796276,-13.67909622,-19.17333305,-5.038457215,17.56215176,15.89212497,-2.323268452,-2.641310921,-20.67375351,-3.517040429,-10.90488788,0,0,-1.150399983,0
Ru,8,0.06,Li291Ru3P47S250Cl26F24,-7.771886332,-1.245494604,-0.48,0.48,0.06,-1,-6.24,0.52,0.48,0.94,5,2,0,0,0.06,0,-17.5339596,-2.546814899,-4.005635262,-6.288835526,-21.9933548,-0.703408086,-5.293634892,-7.529755175,-15.79660928,-21.97226322,-5.811393261,17.5339596,15.89212497,-2.082930336,-3.018641052,-20.67375351,-3.517040429,-10.58726978,0,0,-1.318335793,0
Ru,2,0.07,Li621Ru7P93S500Cl86F14,-7.807420227,-1.257233531,-0.14,0.14,0,-1,-6.21,0.86,0.14,0.93,5,2.42,0,0,0,0.07,-17.65487746,-2.546814899,-4.005635262,-6.288835526,-21.9933548,-0.703408086,-5.293634892,-2.999215722,-5.345991969,-6.136493683,-2.446829796,17.65487746,15.81572052,-3.444846325,-0.880436974,-20.45381996,-3.517040429,-12.81059644,0,0,0,-0.171278086
Ru,3,0.07,Li614Ru7P93S500Cl79F21,-7.743061871,-1.253937145,-0.21,0.21,0,-1,-6.175,0.79,0.21,0.93,5,2.35,-1.39E-17,1.39E-17,0,0.07,-17.65918389,-2.546814899,-4.005635262,-6.288835526,-21.9933548,-0.703408086,-5.293634892,-3.984115124,-7.197951794,-8.894145489,-3.325972259,17.65918389,15.726582,-3.164451857,-1.32065546,-20.45381996,-3.517040429,-12.440042,5.53E-17,-9.99E-17,0,-0.232818058
Ru,4,0.07,Li607Ru7P93S500Cl72F28,-7.676953494,-1.250318159,-0.28,0.28,0,-1,-6.14,0.72,0.28,0.93,5,2.28,0,0,0,0.07,-17.66738985,-2.546814899,-4.005635262,-6.288835526,-21.9933548,-0.703408086,-5.293634892,-4.371804595,-9.361575246,-11.72574663,-4.235822082,17.66738985,15.63744348,-2.884057388,-1.760873947,-20.45381996,-3.517040429,-12.06948755,0,0,0,-0.296507546
Ru,5,0.07,Li600Ru7P93S500Cl65F35,-7.789952937,-1.240438366,-0.35,0.35,0.07,-1,-6.28,0.65,0.35,0.93,5,2.21,-1.39E-17,1.39E-17,0.07,0,-17.67161465,-2.546814899,-4.005635262,-6.288835526,-21.9933548,-0.703408086,-5.293634892,-4.663347602,-10.61826539,-14.0145185,-4.338192999,17.67161465,15.99399757,-2.60366292,-2.201092434,-20.45381996,-3.517040429,-11.69893311,6.47E-17,-1.47E-16,-0.981016295,0
Ru,6,0.07,Li593Ru7P93S500Cl58F42,-7.764941623,-1.236455672,-0.42,0.42,0.07,-1,-6.28,0.58,0.42,0.93,5,2.14,-1.39E-17,1.39E-17,0.07,0,-17.65818973,-2.546814899,-4.005635262,-6.288835526,-21.9933548,-0.703408086,-5.293634892,-5.751274407,-11.50731611,-16.47586405,-4.63919735,17.65818973,15.99399757,-2.323268452,-2.641310921,-20.45381996,-3.517040429,-11.32837867,7.98E-17,-1.60E-16,-1.153310484,0
Ru,7,0.07,Li586Ru7P93S500Cl51F49,-7.771824898,-1.237551735,-0.49,0.49,0.07,-1,-6.28,0.51,0.49,0.93,5,2.07,-1.39E-17,1.39E-17,0.07,0,-17.62939886,-2.546814899,-4.005635262,-6.288835526,-21.9933548,-0.703408086,-5.293634892,-7.119796276,-13.67909622,-19.17333305,-5.038457215,17.62939886,15.99399757,-2.042873983,-3.081529408,-20.45381996,-3.517040429,-10.95782423,9.88E-17,-1.90E-16,-1.342133313,0
Ru,8,0.07,Li579Ru7P93S500Cl44F56,-7.777953755,-1.238527668,-0.56,0.56,0.07,-1,-6.28,0.44,0.56,0.93,5,2,0,0,0.07,0,-17.60846469,-2.546814899,-4.005635262,-6.288835526,-21.9933548,-0.703408086,-5.293634892,-7.529755175,-15.79660928,-21.97226322,-5.811393261,17.60846469,15.99399757,-1.762479515,-3.521747894,-20.45381996,-3.517040429,-10.58726978,0,0,-1.538058425,0
Ru,2,0.08,Li156Ru2P23S125Cl21F4,-7.811869743,-1.251902202,-0.16,0.16,0,-1,-6.24,0.84,0.16,0.92,5,2.48,0,0,0,0.08,-17.74184035,-2.546814899,-4.005635262,-6.288835526,-21.9933548,-0.703408086,-5.293634892,-2.999215722,-5.345991969,-6.136493683,-2.446829796,17.74184035,15.89212497,-3.36473362,-1.006213684,-20.23388641,-3.517040429,-13.12821453,0,0,0,-0.195746384
Ru,3,0.08,Li154Ru2P23S125Cl19F6,-7.737780596,-1.248029128,-0.24,0.24,0,-1,-6.2,0.76,0.24,0.92,5,2.4,0,0,0,0.08,-17.74729872,-2.546814899,-4.005635262,-6.288835526,-21.9933548,-0.703408086,-5.293634892,-3.984115124,-7.197951794,-8.894145489,-3.325972259,17.74729872,15.79025237,-3.044282799,-1.509320526,-20.23388641,-3.517040429,-12.70472374,0,0,0,-0.266077781
Ru,4,0.08,Li152Ru2P23S125Cl17F8,-7.66246265,-1.243906274,-0.32,0.32,0,-1,-6.16,0.68,0.32,0.92,5,2.32,0,0,0,0.08,-17.75644248,-2.546814899,-4.005635262,-6.288835526,-21.9933548,-0.703408086,-5.293634892,-4.371804595,-9.361575246,-11.72574663,-4.235822082,17.75644248,15.68837978,-2.723831978,-2.012427368,-20.23388641,-3.517040429,-12.28123295,0,0,0,-0.338865767
Ru,5,0.08,Li150Ru2P23S125Cl15F10,-7.796922134,-1.233690211,-0.4,0.4,0.08,-1,-6.32,0.6,0.4,0.92,5,2.24,0,0,0.08,0,-17.75595355,-2.546814899,-4.005635262,-6.288835526,-21.9933548,-0.703408086,-5.293634892,-4.663347602,-10.61826539,-14.0145185,-4.338192999,17.75595355,16.09587016,-2.403381157,-2.51553421,-20.23388641,-3.517040429,-11.85774216,0,0,-1.12116148,0
Ru,6,0.08,Li148Ru2P23S125Cl13F12,-7.777191891,-1.230568337,-0.48,0.48,0.08,-1,-6.32,0.52,0.48,0.92,5,2.16,0,0,0.08,0,-17.73175667,-2.546814899,-4.005635262,-6.288835526,-21.9933548,-0.703408086,-5.293634892,-5.751274407,-11.50731611,-16.47586405,-4.63919735,17.73175667,16.09587016,-2.082930336,-3.018641052,-20.23388641,-3.517040429,-11.43425137,0,0,-1.318069124,0
Ru,7,0.08,Li146Ru2P23S125Cl11F14,-7.772973804,-1.229900918,-0.56,0.56,0.08,-1,-6.32,0.44,0.56,0.92,5,2.08,0,0,0.08,0,-17.7109375,-2.546814899,-4.005635262,-6.288835526,-21.9933548,-0.703408086,-5.293634892,-7.119796276,-13.67909622,-19.17333305,-5.038457215,17.7109375,16.09587016,-1.762479515,-3.521747894,-20.23388641,-3.517040429,-11.01076057,0,0,-1.533866644,0
Ru,8,0.08,Li144Ru2P23S125Cl9F16,-7.779899453,-1.230996749,-0.64,0.64,0.08,-1,-6.32,0.36,0.64,0.92,5,2,0,0,0.08,0,-17.6870915,-2.546814899,-4.005635262,-6.288835526,-21.9933548,-0.703408086,-5.293634892,-7.529755175,-15.79660928,-21.97226322,-5.811393261,17.6870915,16.09587016,-1.442028694,-4.024854736,-20.23388641,-3.517040429,-10.58726978,0,0,-1.757781057,0
Ru,2,0.09,Li627Ru9P91S500Cl82F18,-7.815303255,-1.246459849,-0.18,0.18,0,-1,-6.27,0.82,0.18,0.91,5,2.54,0,0,0,0.09,-17.82981924,-2.546814899,-4.005635262,-6.288835526,-21.9933548,-0.703408086,-5.293634892,-2.999215722,-5.345991969,-6.136493683,-2.446829796,17.82981924,15.96852942,-3.284620914,-1.131990395,-20.01395287,-3.517040429,-13.44583262,0,0,0,-0.220214682
Ru,3,0.09,Li618Ru9P91S500Cl73F27,-7.73230848,-1.242137908,-0.27,0.27,0,-1,-6.225,0.73,0.27,0.91,5,2.45,1.39E-17,-1.39E-17,0,0.09,-17.83560439,-2.546814899,-4.005635262,-6.288835526,-21.9933548,-0.703408086,-5.293634892,-3.984115124,-7.197951794,-8.894145489,-3.325972259,17.83560439,15.85392275,-2.924113741,-1.697985592,-20.01395287,-3.517040429,-12.96940548,-5.53E-17,9.99E-17,0,-0.299337503
Ru,4,0.09,Li609Ru9P91S500Cl64F36,-7.64806541,-1.237551037,-0.36,0.36,0,-1,-6.18,0.64,0.36,0.91,5,2.36,0,0,0,0.09,-17.8454015,-2.546814899,-4.005635262,-6.288835526,-21.9933548,-0.703408086,-5.293634892,-4.371804595,-9.361575246,-11.72574663,-4.235822082,17.8454015,15.73931608,-2.563606567,-2.263980789,-20.01395287,-3.517040429,-12.49297834,0,0,0,-0.381223987
Ru,5,0.09,Li600Ru9P91S500Cl55F45,-7.807410748,-1.227580306,-0.45,0.45,0.09,-1,-6.36,0.55,0.45,0.91,5,2.27,0,0,0.09,0,-17.83677304,-2.546814899,-4.005635262,-6.288835526,-21.9933548,-0.703408086,-5.293634892,-4.663347602,-10.61826539,-14.0145185,-4.338192999,17.83677304,16.19774276,-2.203099394,-2.829975986,-20.01395287,-3.517040429,-12.0165512,0,0,-1.261306665,0
Ru,6,0.09,Li591Ru9P91S500Cl46F54,-7.781469771,-1.223501536,-0.54,0.54,0.09,-1,-6.36,0.46,0.54,0.91,5,2.18,1.39E-17,-1.39E-17,0.09,0,-17.813296,-2.546814899,-4.005635262,-6.288835526,-21.9933548,-0.703408086,-5.293634892,-5.751274407,-11.50731611,-16.47586405,-4.63919735,17.813296,16.19774276,-1.84259222,-3.395971184,-20.01395287,-3.517040429,-11.54012406,-7.98E-17,1.60E-16,-1.482827765,0
Ru,7,0.09,Li582Ru9P91S500Cl37F63,-7.768980256,-1.221537776,-0.63,0.63,0.09,-1,-6.36,0.37,0.63,0.91,5,2.09,0,0,0.09,0,-17.79761861,-2.546814899,-4.005635262,-6.288835526,-21.9933548,-0.703408086,-5.293634892,-7.119796276,-13.67909622,-19.17333305,-5.038457215,17.79761861,16.19774276,-1.482085047,-3.961966381,-20.01395287,-3.517040429,-11.06369692,0,0,-1.725599974,0
Ru,8,0.09,Li573Ru9P91S500Cl28F72,-7.824664822,-1.230293211,-0.72,0.72,0.09,-1,-6.36,0.28,0.72,0.91,5,2,0,0,0.09,0,-17.72289864,-2.546814899,-4.005635262,-6.288835526,-21.9933548,-0.703408086,-5.293634892,-7.529755175,-15.79660928,-21.97226322,-5.811393261,17.72289864,16.19774276,-1.121577873,-4.527961578,-20.01395287,-3.517040429,-10.58726978,0,0,-1.97750369,0
Ru,2,0.1,Li63RuP9S50Cl8F2,-7.818325723,-1.241004083,-0.2,0.2,0,-1,-6.3,0.8,0.2,0.9,5,2.6,0,0,0,0.1,-17.91820917,-2.546814899,-4.005635262,-6.288835526,-21.9933548,-0.703408086,-5.293634892,-2.999215722,-5.345991969,-6.136493683,-2.446829796,17.91820917,16.04493386,-3.204508209,-1.257767105,-19.79401932,-3.517040429,-13.76345072,0,0,0,-0.24468298
Ru,3,0.1,Li62RuP9S50Cl7F3,-7.726318199,-1.236210912,-0.3,0.3,0,-1,-6.25,0.7,0.3,0.9,5,2.5,-1.39E-17,1.39E-17,0,0.1,-17.92442822,-2.546814899,-4.005635262,-6.288835526,-21.9933548,-0.703408086,-5.293634892,-3.984115124,-7.197951794,-8.894145489,-3.325972259,17.92442822,15.91759312,-2.803944683,-1.886650658,-19.79401932,-3.517040429,-13.23408723,5.53E-17,-9.99E-17,0,-0.332597226
Ru,4,0.1,Li61RuP9S50Cl6F4,-7.634482168,-1.231368092,-0.4,0.4,0,-1,-6.2,0.6,0.4,0.9,5,2.4,0,0,0,0.1,-17.93354652,-2.546814899,-4.005635262,-6.288835526,-21.9933548,-0.703408086,-5.293634892,-4.371804595,-9.361575246,-11.72574663,-4.235822082,17.93354652,15.79025237,-2.403381157,-2.51553421,-19.79401932,-3.517040429,-12.70472374,0,0,0,-0.423582208
Ru,5,0.1,Li60RuP9S50Cl5F5,-7.817883864,-1.221544354,-0.5,0.5,0.1,-1,-6.4,0.5,0.5,0.9,5,2.3,0,0,0.1,0,-17.91760802,-2.546814899,-4.005635262,-6.288835526,-21.9933548,-0.703408086,-5.293634892,-4.663347602,-10.61826539,-14.0145185,-4.338192999,17.91760802,16.29961535,-2.002817631,-3.144417763,-19.79401932,-3.517040429,-12.17536025,0,0,-1.40145185,0
Ru,6,0.1,Li59RuP9S50Cl4F6,-7.774844602,-1.214819469,-0.6,0.6,0.1,-1,-6.4,0.4,0.6,0.9,5,2.2,-1.39E-17,1.39E-17,0.1,0,-17.90573838,-2.546814899,-4.005635262,-6.288835526,-21.9933548,-0.703408086,-5.293634892,-5.751274407,-11.50731611,-16.47586405,-4.63919735,17.90573838,16.29961535,-1.602254105,-3.773301315,-19.79401932,-3.517040429,-11.64599676,7.98E-17,-1.60E-16,-1.647586405,0
Ru,7,0.1,Li58RuP9S50Cl3F7,-7.796362832,-1.218181693,-0.7,0.7,0.1,-1,-6.4,0.3,0.7,0.9,5,2.1,-1.39E-17,1.39E-17,0.1,0,-17.85292358,-2.546814899,-4.005635262,-6.288835526,-21.9933548,-0.703408086,-5.293634892,-7.119796276,-13.67909622,-19.17333305,-5.038457215,17.85292358,16.29961535,-1.201690578,-4.402184868,-19.79401932,-3.517040429,-11.11663327,9.88E-17,-1.90E-16,-1.917333305,0
Ru,8,0.1,Li57RuP9S50Cl2F8,-7.894696537,-1.233546334,-0.8,0.8,0.1,-1,-6.4,0.2,0.8,0.9,5,2,0,0,0.1,0,-17.73343943,-2.546814899,-4.005635262,-6.288835526,-21.9933548,-0.703408086,-5.293634892,-7.529755175,-15.79660928,-21.97226322,-5.811393261,17.73343943,16.29961535,-0.801127052,-5.03106842,-19.79401932,-3.517040429,-10.58726978,0,0,-2.197226322,0
Sb,3,0.01,Li602SbP99S500Cl97F3,-7.346021926,-1.219256751,-0.03,0.03,0,-1,-6.025,0.97,0.03,0.99,5,2.05,0,0,0,0.01,-17.56901783,-2.546814899,-4.005635262,-6.288835526,-21.9933548,-0.703408086,-5.293634892,-3.793415546,-10.29953861,-9.539890409,-4.305505157,17.56901783,15.34455977,-3.885466204,-0.188665066,-21.77342125,-3.517040429,-10.85195153,0,0,0,-0.043055052
Sb,5,0.01,Li600SbP99S500Cl95F5,-7.362909089,-1.219024684,-0.05,0.05,0.01,-1,-6.04,0.95,0.05,0.99,5,2.03,0,0,0.01,0,-17.56749511,-2.546814899,-4.005635262,-6.288835526,-21.9933548,-0.703408086,-5.293634892,-4.313776016,-15.40394783,-15.68304038,-5.764151454,17.56749511,15.38276199,-3.805353498,-0.314441776,-21.77342125,-3.517040429,-10.74607883,0,0,-0.156830404,0
Sb,3,0.02,Li302SbP49S250Cl47F3,-7.360385138,-1.216592585,-0.06,0.06,0,-1,-6.05,0.94,0.06,0.98,5,2.1,0,0,0,0.02,-17.64728351,-2.546814899,-4.005635262,-6.288835526,-21.9933548,-0.703408086,-5.293634892,-3.793415546,-10.29953861,-9.539890409,-4.305505157,17.64728351,15.40823014,-3.765297146,-0.377330132,-21.5534877,-3.517040429,-11.11663327,0,0,0,-0.086110103
Sb,5,0.02,Li300SbP49S250Cl45F5,-7.392040219,-1.215796089,-0.1,0.1,0.02,-1,-6.08,0.9,0.1,0.98,5,2.06,0,0,0.02,0,-17.6463573,-2.546814899,-4.005635262,-6.288835526,-21.9933548,-0.703408086,-5.293634892,-4.313776016,-15.40394783,-15.68304038,-5.764151454,17.6463573,15.48463459,-3.605071735,-0.628883553,-21.5534877,-3.517040429,-10.90488788,0,0,-0.313660808,0
Sb,3,0.03,Li606Sb3P97S500Cl91F9,-7.374880634,-1.213972121,-0.09,0.09,0,-1,-6.075,0.91,0.09,0.97,5,2.15,0,0,0,0.03,-17.72541689,-2.546814899,-4.005635262,-6.288835526,-21.9933548,-0.703408086,-5.293634892,-3.793415546,-10.29953861,-9.539890409,-4.305505157,17.72541689,15.47190051,-3.645128088,-0.565995197,-21.33355415,-3.517040429,-11.38131502,0,0,0,-0.129165155
Sb,5,0.03,Li600Sb3P97S500Cl85F15,-7.420415084,-1.212486125,-0.15,0.15,0.03,-1,-6.12,0.85,0.15,0.97,5,2.09,0,0,0.03,0,-17.72597575,-2.546814899,-4.005635262,-6.288835526,-21.9933548,-0.703408086,-5.293634892,-4.313776016,-15.40394783,-15.68304038,-5.764151454,17.72597575,15.58650718,-3.404789972,-0.943325329,-21.33355415,-3.517040429,-11.06369692,0,0,-0.470491211,0
Sb,3,0.04,Li152SbP24S125Cl22F3,-7.3892244,-1.211348262,-0.12,0.12,0,-1,-6.1,0.88,0.12,0.96,5,2.2,0,0,0,0.04,-17.80370201,-2.546814899,-4.005635262,-6.288835526,-21.9933548,-0.703408086,-5.293634892,-3.793415546,-10.29953861,-9.539890409,-4.305505157,17.80370201,15.53557088,-3.52495903,-0.754660263,-21.11362061,-3.517040429,-11.64599676,0,0,0,-0.172220206
Sb,5,0.04,Li150SbP24S125Cl20F5,-7.448783751,-1.209218141,-0.2,0.2,0.04,-1,-6.16,0.8,0.2,0.96,5,2.12,0,0,0.04,0,-17.8056004,-2.546814899,-4.005635262,-6.288835526,-21.9933548,-0.703408086,-5.293634892,-4.313776016,-15.40394783,-15.68304038,-5.764151454,17.8056004,15.68837978,-3.204508209,-1.257767105,-21.11362061,-3.517040429,-11.22250597,0,0,-0.627321615,0
Sb,3,0.05,Li122SbP19S100Cl17F3,-7.403154103,-1.208678221,-0.15,0.15,0,-1,-6.125,0.85,0.15,0.95,5,2.25,-6.94E-18,6.94E-18,0,0.05,-17.88240119,-2.546814899,-4.005635262,-6.288835526,-21.9933548,-0.703408086,-5.293634892,-3.793415546,-10.29953861,-9.539890409,-4.305505157,17.88240119,15.59924126,-3.404789972,-0.943325329,-20.89368706,-3.517040429,-11.91067851,2.63E-17,-7.15E-17,0,-0.215275258
Sb,5,0.05,Li120SbP19S100Cl15F5,-7.478615355,-1.206228283,-0.25,0.25,0.05,-1,-6.2,0.75,0.25,0.95,5,2.15,0,0,0.05,0,-17.88376212,-2.546814899,-4.005635262,-6.288835526,-21.9933548,-0.703408086,-5.293634892,-4.313776016,-15.40394783,-15.68304038,-5.764151454,17.88376212,15.79025237,-3.004226446,-1.572208881,-20.89368706,-3.517040429,-11.38131502,0,0,-0.784152019,0
Sb,3,0.06,Li306Sb3P47S250Cl41F9,-7.416906293,-1.206001023,-0.18,0.18,0,-1,-6.15,0.82,0.18,0.94,5,2.3,0,0,0,0.06,-17.96127789,-2.546814899,-4.005635262,-6.288835526,-21.9933548,-0.703408086,-5.293634892,-3.793415546,-10.29953861,-9.539890409,-4.305505157,17.96127789,15.66291163,-3.284620914,-1.131990395,-20.67375351,-3.517040429,-12.17536025,0,0,0,-0.258330309
Sb,5,0.06,Li300Sb3P47S250Cl35F15,-7.511967924,-1.203841013,-0.3,0.3,0.06,-1,-6.24,0.7,0.3,0.94,5,2.18,0,0,0.06,0,-17.95840287,-2.546814899,-4.005635262,-6.288835526,-21.9933548,-0.703408086,-5.293634892,-4.313776016,-15.40394783,-15.68304038,-5.764151454,17.95840287,15.89212497,-2.803944683,-1.886650658,-20.67375351,-3.517040429,-11.54012406,0,0,-0.940982423,0
Sb,3,0.07,Li614Sb7P93S500Cl79F21,-7.431033821,-1.203406287,-0.21,0.21,0,-1,-6.175,0.79,0.21,0.93,5,2.35,-1.39E-17,1.39E-17,0,0.07,-18.03977924,-2.546814899,-4.005635262,-6.288835526,-21.9933548,-0.703408086,-5.293634892,-3.793415546,-10.29953861,-9.539890409,-4.305505157,18.03977924,15.726582,-3.164451857,-1.32065546,-20.45381996,-3.517040429,-12.440042,5.26E-17,-1.43E-16,0,-0.301385361
Sb,5,0.07,Li600Sb7P93S500Cl65F35,-7.550512057,-1.202310837,-0.35,0.35,0.07,-1,-6.28,0.65,0.35,0.93,5,2.21,-1.39E-17,1.39E-17,0.07,0,-18.02785206,-2.546814899,-4.005635262,-6.288835526,-21.9933548,-0.703408086,-5.293634892,-4.313776016,-15.40394783,-15.68304038,-5.764151454,18.02785206,15.99399757,-2.60366292,-2.201092434,-20.45381996,-3.517040429,-11.69893311,5.99E-17,-2.14E-16,-1.097812827,0
Sb,3,0.08,Li154Sb2P23S125Cl19F6,-7.445961124,-1.200961472,-0.24,0.24,0,-1,-6.2,0.76,0.24,0.92,5,2.4,0,0,0,0.08,-18.11748082,-2.546814899,-4.005635262,-6.288835526,-21.9933548,-0.703408086,-5.293634892,-3.793415546,-10.29953861,-9.539890409,-4.305505157,18.11748082,15.79025237,-3.044282799,-1.509320526,-20.23388641,-3.517040429,-12.70472374,0,0,0,-0.344440413
Sb,5,0.08,Li150Sb2P23S125Cl15F10,-7.595374402,-1.201799747,-0.4,0.4,0.08,-1,-6.32,0.6,0.4,0.92,5,2.24,0,0,0.08,0,-18.09098303,-2.546814899,-4.005635262,-6.288835526,-21.9933548,-0.703408086,-5.293634892,-4.313776016,-15.40394783,-15.68304038,-5.764151454,18.09098303,16.09587016,-2.403381157,-2.51553421,-20.23388641,-3.517040429,-11.85774216,0,0,-1.25464323,0
Sb,3,0.09,Li618Sb9P91S500Cl73F27,-7.461692558,-1.198665471,-0.27,0.27,0,-1,-6.225,0.73,0.27,0.91,5,2.45,1.39E-17,-1.39E-17,0,0.09,-18.19437827,-2.546814899,-4.005635262,-6.288835526,-21.9933548,-0.703408086,-5.293634892,-3.793415546,-10.29953861,-9.539890409,-4.305505157,18.19437827,15.85392275,-2.924113741,-1.697985592,-20.01395287,-3.517040429,-12.96940548,-5.26E-17,1.43E-16,0,-0.387495464
Sb,5,0.09,Li600Sb9P91S500Cl55F45,-7.64494015,-1.202034615,-0.45,0.45,0.09,-1,-6.36,0.55,0.45,0.91,5,2.27,0,0,0.09,0,-18.14941061,-2.546814899,-4.005635262,-6.288835526,-21.9933548,-0.703408086,-5.293634892,-4.313776016,-15.40394783,-15.68304038,-5.764151454,18.14941061,16.19774276,-2.203099394,-2.829975986,-20.01395287,-3.517040429,-12.0165512,0,0,-1.411473634,0
Sb,3,0.1,Li62SbP9S50Cl7F3,-7.477821779,-1.196451485,-0.3,0.3,0,-1,-6.25,0.7,0.3,0.9,5,2.5,-1.39E-17,1.39E-17,0,0.1,-18.27087793,-2.546814899,-4.005635262,-6.288835526,-21.9933548,-0.703408086,-5.293634892,-3.793415546,-10.29953861,-9.539890409,-4.305505157,18.27087793,15.91759312,-2.803944683,-1.886650658,-19.79401932,-3.517040429,-13.23408723,5.26E-17,-1.43E-16,0,-0.430550516
Sb,5,0.1,Li60SbP9S50Cl5F5,-7.692644683,-1.201975732,-0.5,0.5,0.1,-1,-6.4,0.5,0.5,0.9,5,2.3,0,0,0.1,0,-18.20969939,-2.546814899,-4.005635262,-6.288835526,-21.9933548,-0.703408086,-5.293634892,-4.313776016,-15.40394783,-15.68304038,-5.764151454,18.20969939,16.29961535,-2.002817631,-3.144417763,-19.79401932,-3.517040429,-12.17536025,0,0,-1.568304038,0
Sc,3,0.01,Li602ScP99S500Cl97F3,-6.808067823,-1.129969763,-0.03,0.03,0,-1,-6.025,0.97,0.03,0.99,5,2.05,0,0,0,0.01,-18.1626778,-2.546814899,-4.005635262,-6.288835526,-21.9933548,-0.703408086,-5.293634892,-9.420286179,-17.07472992,-14.34389472,-9.87609148,18.1626778,15.34455977,-3.885466204,-0.188665066,-21.77342125,-3.517040429,-10.85195153,0,0,0,-0.098760915
Sc,3,0.02,Li302ScP49S250Cl47F3,-6.85935768,-1.133778129,-0.06,0.06,0,-1,-6.05,0.94,0.06,0.98,5,2.1,0,0,0,0.02,-18.25972269,-2.546814899,-4.005635262,-6.288835526,-21.9933548,-0.703408086,-5.293634892,-9.420286179,-17.07472992,-14.34389472,-9.87609148,18.25972269,15.40823014,-3.765297146,-0.377330132,-21.5534877,-3.517040429,-11.11663327,0,0,0,-0.19752183
Sc,3,0.03,Li606Sc3P97S500Cl91F9,-6.906568162,-1.136883648,-0.09,0.09,0,-1,-6.075,0.91,0.09,0.97,5,2.15,0,0,0,0.03,-18.36084696,-2.546814899,-4.005635262,-6.288835526,-21.9933548,-0.703408086,-5.293634892,-9.420286179,-17.07472992,-14.34389472,-9.87609148,18.36084696,15.47190051,-3.645128088,-0.565995197,-21.33355415,-3.517040429,-11.38131502,0,0,0,-0.296282744
Sc,3,0.04,Li152ScP24S125Cl22F3,-6.95153234,-1.139595466,-0.12,0.12,0,-1,-6.1,0.88,0.12,0.96,5,2.2,0,0,0,0.04,-18.46421752,-2.546814899,-4.005635262,-6.288835526,-21.9933548,-0.703408086,-5.293634892,-9.420286179,-17.07472992,-14.34389472,-9.87609148,18.46421752,15.53557088,-3.52495903,-0.754660263,-21.11362061,-3.517040429,-11.64599676,0,0,0,-0.395043659
Sc,3,0.05,Li122ScP19S100Cl17F3,-6.994817183,-1.142010969,-0.15,0.15,0,-1,-6.125,0.85,0.15,0.95,5,2.25,-6.94E-18,6.94E-18,0,0.05,-18.56926743,-2.546814899,-4.005635262,-6.288835526,-21.9933548,-0.703408086,-5.293634892,-9.420286179,-17.07472992,-14.34389472,-9.87609148,18.56926743,15.59924126,-3.404789972,-0.943325329,-20.89368706,-3.517040429,-11.91067851,6.54E-17,-1.18E-16,0,-0.493804574
Sc,3,0.06,Li306Sc3P47S250Cl41F9,-7.03629406,-1.144112855,-0.18,0.18,0,-1,-6.15,0.82,0.18,0.94,5,2.3,0,0,0,0.06,-18.6761253,-2.546814899,-4.005635262,-6.288835526,-21.9933548,-0.703408086,-5.293634892,-9.420286179,-17.07472992,-14.34389472,-9.87609148,18.6761253,15.66291163,-3.284620914,-1.131990395,-20.67375351,-3.517040429,-12.17536025,0,0,0,-0.592565489
Sc,3,0.07,Li614Sc7P93S500Cl79F21,-7.07591035,-1.145896413,-0.21,0.21,0,-1,-6.175,0.79,0.21,0.93,5,2.35,-1.39E-17,1.39E-17,0,0.07,-18.78484375,-2.546814899,-4.005635262,-6.288835526,-21.9933548,-0.703408086,-5.293634892,-9.420286179,-17.07472992,-14.34389472,-9.87609148,18.78484375,15.726582,-3.164451857,-1.32065546,-20.45381996,-3.517040429,-12.440042,1.31E-16,-2.37E-16,0,-0.691326404
Sc,3,0.08,Li154Sc2P23S125Cl19F6,-7.113941032,-1.147409844,-0.24,0.24,0,-1,-6.2,0.76,0.24,0.92,5,2.4,0,0,0,0.08,-18.89514782,-2.546814899,-4.005635262,-6.288835526,-21.9933548,-0.703408086,-5.293634892,-9.420286179,-17.07472992,-14.34389472,-9.87609148,18.89514782,15.79025237,-3.044282799,-1.509320526,-20.23388641,-3.517040429,-12.70472374,0,0,0,-0.790087318
Sc,3,0.09,Li618Sc9P91S500Cl73F27,-7.150691085,-1.148705395,-0.27,0.27,0,-1,-6.225,0.73,0.27,0.91,5,2.45,1.39E-17,-1.39E-17,0,0.09,-19.00673251,-2.546814899,-4.005635262,-6.288835526,-21.9933548,-0.703408086,-5.293634892,-9.420286179,-17.07472992,-14.34389472,-9.87609148,19.00673251,15.85392275,-2.924113741,-1.697985592,-20.01395287,-3.517040429,-12.96940548,-1.31E-16,2.37E-16,0,-0.888848233
Sc,3,0.1,Li62ScP9S50Cl7F3,-7.18616997,-1.149787195,-0.3,0.3,0,-1,-6.25,0.7,0.3,0.9,5,2.5,-1.39E-17,1.39E-17,0,0.1,-19.11958838,-2.546814899,-4.005635262,-6.288835526,-21.9933548,-0.703408086,-5.293634892,-9.420286179,-17.07472992,-14.34389472,-9.87609148,19.11958838,15.91759312,-2.803944683,-1.886650658,-19.79401932,-3.517040429,-13.23408723,1.31E-16,-2.37E-16,0,-0.987609148
Sg,6,0.01,Li599SgP99S500Cl94F6,-7.407926868,-1.226477958,-0.06,0.06,0.01,-1,-6.04,0.94,0.06,0.99,5,2.02,0,0,0.01,0,-17.51391347,-2.546814899,-4.005635262,-6.288835526,-21.9933548,-0.703408086,-5.293634892,-5.632840037,-13.56090534,-17.83708918,-2.618269444,17.51391347,15.38276199,-3.765297146,-0.377330132,-21.77342125,-3.517040429,-10.69314248,0,0,-0.178370892,0
Sg,6,0.02,Li299SgP49S250Cl44F6,-7.406096198,-1.218107927,-0.12,0.12,0.02,-1,-6.08,0.88,0.12,0.98,5,2.04,0,0,0.02,0,-17.6151736,-2.546814899,-4.005635262,-6.288835526,-21.9933548,-0.703408086,-5.293634892,-5.632840037,-13.56090534,-17.83708918,-2.618269444,17.6151736,15.48463459,-3.52495903,-0.754660263,-21.5534877,-3.517040429,-10.79901518,0,0,-0.356741784,0
Sg,6,0.03,Li597Sg3P97S500Cl82F18,-7.399451373,-1.209060682,-0.18,0.18,0.03,-1,-6.12,0.82,0.18,0.97,5,2.06,0,0,0.03,0,-17.72124789,-2.546814899,-4.005635262,-6.288835526,-21.9933548,-0.703408086,-5.293634892,-5.632840037,-13.56090534,-17.83708918,-2.618269444,17.72124789,15.58650718,-3.284620914,-1.131990395,-21.33355415,-3.517040429,-10.90488788,0,0,-0.535112675,0
Sg,6,0.04,Li149SgP24S125Cl19F6,-7.393068291,-1.200173424,-0.24,0.24,0.04,-1,-6.16,0.76,0.24,0.96,5,2.08,0,0,0.04,0,-17.82706043,-2.546814899,-4.005635262,-6.288835526,-21.9933548,-0.703408086,-5.293634892,-5.632840037,-13.56090534,-17.83708918,-2.618269444,17.82706043,15.68837978,-3.044282799,-1.509320526,-21.11362061,-3.517040429,-11.01076057,0,0,-0.713483567,0
Sg,6,0.05,Li119SgP19S100Cl14F6,-7.390647166,-1.192039866,-0.3,0.3,0.05,-1,-6.2,0.7,0.3,0.95,5,2.1,-6.94E-18,6.94E-18,0.05,0,-17.92891102,-2.546814899,-4.005635262,-6.288835526,-21.9933548,-0.703408086,-5.293634892,-5.632840037,-13.56090534,-17.83708918,-2.618269444,17.92891102,15.79025237,-2.803944683,-1.886650658,-20.89368706,-3.517040429,-11.11663327,3.91E-17,-9.41E-17,-0.891854459,0
Sg,6,0.06,Li297Sg3P47S250Cl32F18,-7.392285685,-1.184661168,-0.36,0.36,0.06,-1,-6.24,0.64,0.36,0.94,5,2.12,0,0,0.06,0,-18.02670196,-2.546814899,-4.005635262,-6.288835526,-21.9933548,-0.703408086,-5.293634892,-5.632840037,-13.56090534,-17.83708918,-2.618269444,18.02670196,15.89212497,-2.563606567,-2.263980789,-20.67375351,-3.517040429,-11.22250597,0,0,-1.070225351,0
Sg,6,0.07,Li593Sg7P93S500Cl58F42,-7.399963226,-1.178338093,-0.42,0.42,0.07,-1,-6.28,0.58,0.42,0.93,5,2.14,-1.39E-17,1.39E-17,0.07,0,-18.11845388,-2.546814899,-4.005635262,-6.288835526,-21.9933548,-0.703408086,-5.293634892,-5.632840037,-13.56090534,-17.83708918,-2.618269444,18.11845388,15.99399757,-2.323268452,-2.641310921,-20.45381996,-3.517040429,-11.32837867,7.82E-17,-1.88E-16,-1.248596243,0
Sg,6,0.08,Li148Sg2P23S125Cl13F12,-7.417960209,-1.173727881,-0.48,0.48,0.08,-1,-6.32,0.52,0.48,0.92,5,2.16,0,0,0.08,0,-18.19988636,-2.546814899,-4.005635262,-6.288835526,-21.9933548,-0.703408086,-5.293634892,-5.632840037,-13.56090534,-17.83708918,-2.618269444,18.19988636,16.09587016,-2.082930336,-3.018641052,-20.23388641,-3.517040429,-11.43425137,0,0,-1.426967134,0
Sg,6,0.09,Li591Sg9P91S500Cl46F54,-7.431495659,-1.16847416,-0.54,0.54,0.09,-1,-6.36,0.46,0.54,0.91,5,2.18,1.39E-17,-1.39E-17,0.09,0,-18.28578037,-2.546814899,-4.005635262,-6.288835526,-21.9933548,-0.703408086,-5.293634892,-5.632840037,-13.56090534,-17.83708918,-2.618269444,18.28578037,16.19774276,-1.84259222,-3.395971184,-20.01395287,-3.517040429,-11.54012406,-7.82E-17,1.88E-16,-1.605338026,0
Sg,6,0.1,Li59SgP9S50Cl4F6,-7.432536057,-1.161333759,-0.6,0.6,0.1,-1,-6.4,0.4,0.6,0.9,5,2.2,-1.39E-17,1.39E-17,0.1,0,-18.38416944,-2.546814899,-4.005635262,-6.288835526,-21.9933548,-0.703408086,-5.293634892,-5.632840037,-13.56090534,-17.83708918,-2.618269444,18.38416944,16.29961535,-1.602254105,-3.773301315,-19.79401932,-3.517040429,-11.64599676,7.82E-17,-1.88E-16,-1.783708918,0
Sm,2,0.01,Li603SmP99S500Cl98F2,-6.714017922,-1.111592371,-0.02,0.02,0.01,-1,-6.04,0.98,0.02,0.99,5,2.06,0,0,0.01,0,-18.25956748,-2.546814899,-4.005635262,-6.288835526,-21.9933548,-0.703408086,-5.293634892,-6.600203991,-12.82053852,-10.96985698,-6.285399437,18.25956748,15.38276199,-3.925522556,-0.125776711,-21.77342125,-3.517040429,-10.90488788,0,0,-0.10969857,0
Sm,3,0.01,Li602SmP99S500Cl97F3,-6.708364492,-1.113421492,-0.03,0.03,0,-1,-6.025,0.97,0.03,0.99,5,2.05,0,0,0,0.01,-18.26001496,-2.546814899,-4.005635262,-6.288835526,-21.9933548,-0.703408086,-5.293634892,-9.80070591,-17.84542465,-14.45215821,-9.639474154,18.26001496,15.34455977,-3.885466204,-0.188665066,-21.77342125,-3.517040429,-10.85195153,0,0,0,-0.096394742
Sm,2,0.02,Li303SmP49S250Cl48F2,-6.770233876,-1.113525309,-0.04,0.04,0.02,-1,-6.08,0.96,0.04,0.98,5,2.12,0,0,0.02,0,-18.35452605,-2.546814899,-4.005635262,-6.288835526,-21.9933548,-0.703408086,-5.293634892,-6.600203991,-12.82053852,-10.96985698,-6.285399437,18.35452605,15.48463459,-3.845409851,-0.251553421,-21.5534877,-3.517040429,-11.22250597,0,0,-0.21939714,0
Sm,3,0.02,Li302SmP49S250Cl47F3,-6.755170673,-1.116557136,-0.06,0.06,0,-1,-6.05,0.94,0.06,0.98,5,2.1,0,0,0,0.02,-18.35917735,-2.546814899,-4.005635262,-6.288835526,-21.9933548,-0.703408086,-5.293634892,-9.80070591,-17.84542465,-14.45215821,-9.639474154,18.35917735,15.40823014,-3.765297146,-0.377330132,-21.5534877,-3.517040429,-11.11663327,0,0,0,-0.192789483
Sm,2,0.03,Li609Sm3P97S500Cl94F6,-6.826521925,-1.115444759,-0.06,0.06,0.03,-1,-6.12,0.94,0.06,0.97,5,2.18,0,0,0.03,0,-18.44941253,-2.546814899,-4.005635262,-6.288835526,-21.9933548,-0.703408086,-5.293634892,-6.600203991,-12.82053852,-10.96985698,-6.285399437,18.44941253,15.58650718,-3.765297146,-0.377330132,-21.33355415,-3.517040429,-11.54012406,0,0,-0.329095709,0
Sm,3,0.03,Li606Sm3P97S500Cl91F9,-6.798929876,-1.119165412,-0.09,0.09,0,-1,-6.075,0.91,0.09,0.97,5,2.15,0,0,0,0.03,-18.46138672,-2.546814899,-4.005635262,-6.288835526,-21.9933548,-0.703408086,-5.293634892,-9.80070591,-17.84542465,-14.45215821,-9.639474154,18.46138672,15.47190051,-3.645128088,-0.565995197,-21.33355415,-3.517040429,-11.38131502,0,0,0,-0.289184225
Sm,2,0.04,Li153SmP24S125Cl23F2,-6.882250806,-1.117248507,-0.08,0.08,0.04,-1,-6.16,0.92,0.08,0.96,5,2.24,0,0,0.04,0,-18.54485817,-2.546814899,-4.005635262,-6.288835526,-21.9933548,-0.703408086,-5.293634892,-6.600203991,-12.82053852,-10.96985698,-6.285399437,18.54485817,15.68837978,-3.685184441,-0.503106842,-21.11362061,-3.517040429,-11.85774216,0,0,-0.438794279,0
Sm,3,0.04,Li152SmP24S125Cl22F3,-6.839917569,-1.121297962,-0.12,0.12,0,-1,-6.1,0.88,0.12,0.96,5,2.2,0,0,0,0.04,-18.5663676,-2.546814899,-4.005635262,-6.288835526,-21.9933548,-0.703408086,-5.293634892,-9.80070591,-17.84542465,-14.45215821,-9.639474154,18.5663676,15.53557088,-3.52495903,-0.754660263,-21.11362061,-3.517040429,-11.64599676,0,0,0,-0.385578966
Sm,2,0.05,Li123SmP19S100Cl18F2,-6.936706649,-1.118823653,-0.1,0.1,0.05,-1,-6.2,0.9,0.1,0.95,5,2.3,0,0,0.05,0,-18.64157685,-2.546814899,-4.005635262,-6.288835526,-21.9933548,-0.703408086,-5.293634892,-6.600203991,-12.82053852,-10.96985698,-6.285399437,18.64157685,15.79025237,-3.605071735,-0.628883553,-20.89368706,-3.517040429,-12.17536025,0,0,-0.548492849,0
Sm,3,0.05,Li122SmP19S100Cl17F3,-6.878453145,-1.123012758,-0.15,0.15,0,-1,-6.125,0.85,0.15,0.95,5,2.25,-6.94E-18,6.94E-18,0,0.05,-18.6738006,-2.546814899,-4.005635262,-6.288835526,-21.9933548,-0.703408086,-5.293634892,-9.80070591,-17.84542465,-14.45215821,-9.639474154,18.6738006,15.59924126,-3.404789972,-0.943325329,-20.89368706,-3.517040429,-11.91067851,6.80E-17,-1.24E-16,0,-0.481973708
Sm,2,0.06,Li309Sm3P47S250Cl44F6,-6.989315212,-1.120082566,-0.12,0.12,0.06,-1,-6.24,0.88,0.12,0.94,5,2.36,0,0,0.06,0,-18.74014281,-2.546814899,-4.005635262,-6.288835526,-21.9933548,-0.703408086,-5.293634892,-6.600203991,-12.82053852,-10.96985698,-6.285399437,18.74014281,15.89212497,-3.52495903,-0.754660263,-20.67375351,-3.517040429,-12.49297834,0,0,-0.658191419,0
Sm,3,0.06,Li306Sm3P47S250Cl41F9,-6.914811102,-1.124359529,-0.18,0.18,0,-1,-6.15,0.82,0.18,0.94,5,2.3,0,0,0,0.06,-18.78341122,-2.546814899,-4.005635262,-6.288835526,-21.9933548,-0.703408086,-5.293634892,-9.80070591,-17.84542465,-14.45215821,-9.639474154,18.78341122,15.66291163,-3.284620914,-1.131990395,-20.67375351,-3.517040429,-12.17536025,0,0,0,-0.578368449
Sm,2,0.07,Li621Sm7P93S500Cl86F14,-7.039719125,-1.120974383,-0.14,0.14,0.07,-1,-6.28,0.86,0.14,0.93,5,2.42,0,0,0.07,0,-18.84091342,-2.546814899,-4.005635262,-6.288835526,-21.9933548,-0.703408086,-5.293634892,-6.600203991,-12.82053852,-10.96985698,-6.285399437,18.84091342,15.99399757,-3.444846325,-0.880436974,-20.45381996,-3.517040429,-12.81059644,0,0,-0.767889988,0
Sm,3,0.07,Li614Sm7P93S500Cl79F21,-6.949082833,-1.125357544,-0.21,0.21,0,-1,-6.175,0.79,0.21,0.93,5,2.35,-1.39E-17,1.39E-17,0,0.07,-18.89510806,-2.546814899,-4.005635262,-6.288835526,-21.9933548,-0.703408086,-5.293634892,-9.80070591,-17.84542465,-14.45215821,-9.639474154,18.89510806,15.726582,-3.164451857,-1.32065546,-20.45381996,-3.517040429,-12.440042,1.36E-16,-2.48E-16,0,-0.674763191
Sm,2,0.08,Li156Sm2P23S125Cl21F4,-7.087769369,-1.121482495,-0.16,0.16,0.08,-1,-6.32,0.84,0.16,0.92,5,2.48,0,0,0.08,0,-18.9440377,-2.546814899,-4.005635262,-6.288835526,-21.9933548,-0.703408086,-5.293634892,-6.600203991,-12.82053852,-10.96985698,-6.285399437,18.9440377,16.09587016,-3.36473362,-1.006213684,-20.23388641,-3.517040429,-13.12821453,0,0,-0.877588558,0
Sm,3,0.08,Li154Sm2P23S125Cl19F6,-6.981228568,-1.126004608,-0.24,0.24,0,-1,-6.2,0.76,0.24,0.92,5,2.4,0,0,0,0.08,-19.0089309,-2.546814899,-4.005635262,-6.288835526,-21.9933548,-0.703408086,-5.293634892,-9.80070591,-17.84542465,-14.45215821,-9.639474154,19.0089309,15.79025237,-3.044282799,-1.509320526,-20.23388641,-3.517040429,-12.70472374,0,0,0,-0.771157932
Sm,2,0.09,Li627Sm9P91S500Cl82F18,-7.133540327,-1.121625838,-0.18,0.18,0.09,-1,-6.36,0.82,0.18,0.91,5,2.54,0,0,0.09,0,-19.04944127,-2.546814899,-4.005635262,-6.288835526,-21.9933548,-0.703408086,-5.293634892,-6.600203991,-12.82053852,-10.96985698,-6.285399437,19.04944127,16.19774276,-3.284620914,-1.131990395,-20.01395287,-3.517040429,-13.44583262,0,0,-0.987287128,0
Sm,3,0.09,Li618Sm9P91S500Cl73F27,-7.011142351,-1.126287928,-0.27,0.27,0,-1,-6.225,0.73,0.27,0.91,5,2.45,1.39E-17,-1.39E-17,0,0.09,-19.12498569,-2.546814899,-4.005635262,-6.288835526,-21.9933548,-0.703408086,-5.293634892,-9.80070591,-17.84542465,-14.45215821,-9.639474154,19.12498569,15.85392275,-2.924113741,-1.697985592,-20.01395287,-3.517040429,-12.96940548,-1.36E-16,2.48E-16,0,-0.867552674
Sm,2,0.1,Li63SmP9S50Cl8F2,-7.177308539,-1.121454459,-0.2,0.2,0.1,-1,-6.4,0.8,0.2,0.9,5,2.6,0,0,0.1,0,-19.15684758,-2.546814899,-4.005635262,-6.288835526,-21.9933548,-0.703408086,-5.293634892,-6.600203991,-12.82053852,-10.96985698,-6.285399437,19.15684758,16.29961535,-3.204508209,-1.257767105,-19.79401932,-3.517040429,-13.76345072,0,0,-1.096985698,0
Sm,3,0.1,Li62SmP9S50Cl7F3,-7.038703478,-1.126192556,-0.3,0.3,0,-1,-6.25,0.7,0.3,0.9,5,2.5,-1.39E-17,1.39E-17,0,0.1,-19.24339314,-2.546814899,-4.005635262,-6.288835526,-21.9933548,-0.703408086,-5.293634892,-9.80070591,-17.84542465,-14.45215821,-9.639474154,19.24339314,15.91759312,-2.803944683,-1.886650658,-19.79401932,-3.517040429,-13.23408723,1.36E-16,-2.48E-16,0,-0.963947415
Sn,2,0.01,Li603SnP99S500Cl98F2,-6.914315281,-1.144754186,-0.02,0.02,0.01,-1,-6.04,0.98,0.02,0.99,5,2.06,0,0,0.01,0,-18.0200118,-2.546814899,-4.005635262,-6.288835526,-21.9933548,-0.703408086,-5.293634892,-3.22001195,-7.031966686,-7.044024467,-3.210100889,18.0200118,15.38276199,-3.925522556,-0.125776711,-21.77342125,-3.517040429,-10.90488788,0,0,-0.070440245,0
Sn,4,0.01,Li601SnP99S500Cl96F4,-6.895950587,-1.145506742,-0.04,0.04,0,-1,-6.02,0.96,0.04,0.99,5,2.04,0,0,0,0.01,-18.02045352,-2.546814899,-4.005635262,-6.288835526,-21.9933548,-0.703408086,-5.293634892,-5.183524489,-12.87415981,-13.36312258,-6.178966999,18.02045352,15.33182569,-3.845409851,-0.251553421,-21.77342125,-3.517040429,-10.79901518,0,0,0,-0.06178967
Sn,2,0.02,Li303SnP49S250Cl48F2,-6.952132312,-1.143442815,-0.04,0.04,0.02,-1,-6.08,0.96,0.04,0.98,5,2.12,0,0,0.02,0,-18.09411096,-2.546814899,-4.005635262,-6.288835526,-21.9933548,-0.703408086,-5.293634892,-3.22001195,-7.031966686,-7.044024467,-3.210100889,18.09411096,15.48463459,-3.845409851,-0.251553421,-21.5534877,-3.517040429,-11.22250597,0,0,-0.140880489,0
Sn,4,0.02,Li301SnP49S250Cl46F4,-6.910780009,-1.144168876,-0.08,0.08,0,-1,-6.04,0.92,0.08,0.98,5,2.08,0,0,0,0.02,-18.09961733,-2.546814899,-4.005635262,-6.288835526,-21.9933548,-0.703408086,-5.293634892,-5.183524489,-12.87415981,-13.36312258,-6.178966999,18.09961733,15.38276199,-3.685184441,-0.503106842,-21.5534877,-3.517040429,-11.01076057,0,0,0,-0.12357934
Sn,2,0.03,Li609Sn3P97S500Cl94F6,-6.99147545,-1.142397949,-0.06,0.06,0.03,-1,-6.12,0.94,0.06,0.97,5,2.18,0,0,0.03,0,-18.16668403,-2.546814899,-4.005635262,-6.288835526,-21.9933548,-0.703408086,-5.293634892,-3.22001195,-7.031966686,-7.044024467,-3.210100889,18.16668403,15.58650718,-3.765297146,-0.377330132,-21.33355415,-3.517040429,-11.54012406,0,0,-0.211320734,0
Sn,4,0.03,Li603Sn3P97S500Cl88F12,-6.92479148,-1.142704865,-0.12,0.12,0,-1,-6.06,0.88,0.12,0.97,5,2.12,0,0,0,0.03,-18.17959909,-2.546814899,-4.005635262,-6.288835526,-21.9933548,-0.703408086,-5.293634892,-5.183524489,-12.87415981,-13.36312258,-6.178966999,18.17959909,15.43369829,-3.52495903,-0.754660263,-21.33355415,-3.517040429,-11.22250597,0,0,0,-0.18536901
Sn,2,0.04,Li153SnP24S125Cl23F2,-7.032453185,-1.141632011,-0.08,0.08,0.04,-1,-6.16,0.92,0.08,0.96,5,2.24,0,0,0.04,0,-18.23762249,-2.546814899,-4.005635262,-6.288835526,-21.9933548,-0.703408086,-5.293634892,-3.22001195,-7.031966686,-7.044024467,-3.210100889,18.23762249,15.68837978,-3.685184441,-0.503106842,-21.11362061,-3.517040429,-11.85774216,0,0,-0.281760979,0
Sn,4,0.04,Li151SnP24S125Cl21F4,-6.939771012,-1.141409706,-0.16,0.16,0,-1,-6.08,0.84,0.16,0.96,5,2.16,0,0,0,0.04,-18.25861279,-2.546814899,-4.005635262,-6.288835526,-21.9933548,-0.703408086,-5.293634892,-5.183524489,-12.87415981,-13.36312258,-6.178966999,18.25861279,15.48463459,-3.36473362,-1.006213684,-21.11362061,-3.517040429,-11.43425137,0,0,0,-0.24715868
Sn,2,0.05,Li123SnP19S100Cl18F2,-7.074903702,-1.1411135,-0.1,0.1,0.05,-1,-6.2,0.9,0.1,0.95,5,2.3,0,0,0.05,0,-18.30708817,-2.546814899,-4.005635262,-6.288835526,-21.9933548,-0.703408086,-5.293634892,-3.22001195,-7.031966686,-7.044024467,-3.210100889,18.30708817,15.79025237,-3.605071735,-0.628883553,-20.89368706,-3.517040429,-12.17536025,0,0,-0.352201223,0
Sn,4,0.05,Li121SnP19S100Cl16F4,-6.956716702,-1.140445361,-0.2,0.2,0,-1,-6.1,0.8,0.2,0.95,5,2.2,0,0,0,0.05,-18.33566033,-2.546814899,-4.005635262,-6.288835526,-21.9933548,-0.703408086,-5.293634892,-5.183524489,-12.87415981,-13.36312258,-6.178966999,18.33566033,15.53557088,-3.204508209,-1.257767105,-20.89368706,-3.517040429,-11.64599676,0,0,0,-0.30894835
Sn,2,0.06,Li309Sn3P47S250Cl44F6,-7.118531618,-1.140790323,-0.12,0.12,0.06,-1,-6.24,0.88,0.12,0.94,5,2.36,0,0,0.06,0,-18.37537646,-2.546814899,-4.005635262,-6.288835526,-21.9933548,-0.703408086,-5.293634892,-3.22001195,-7.031966686,-7.044024467,-3.210100889,18.37537646,15.89212497,-3.52495903,-0.754660263,-20.67375351,-3.517040429,-12.49297834,0,0,-0.422641468,0
Sn,4,0.06,Li303Sn3P47S250Cl38F12,-6.976024072,-1.139873214,-0.24,0.24,0,-1,-6.12,0.76,0.24,0.94,5,2.24,0,0,0,0.06,-18.41034619,-2.546814899,-4.005635262,-6.288835526,-21.9933548,-0.703408086,-5.293634892,-5.183524489,-12.87415981,-13.36312258,-6.178966999,18.41034619,15.58650718,-3.044282799,-1.509320526,-20.67375351,-3.517040429,-11.85774216,0,0,0,-0.37073802
Sn,2,0.07,Li621Sn7P93S500Cl86F14,-7.162994668,-1.140604246,-0.14,0.14,0.07,-1,-6.28,0.86,0.14,0.93,5,2.42,0,0,0.07,0,-18.44282961,-2.546814899,-4.005635262,-6.288835526,-21.9933548,-0.703408086,-5.293634892,-3.22001195,-7.031966686,-7.044024467,-3.210100889,18.44282961,15.99399757,-3.444846325,-0.880436974,-20.45381996,-3.517040429,-12.81059644,0,0,-0.493081713,0
Sn,4,0.07,Li607Sn7P93S500Cl72F28,-6.998216049,-1.139774601,-0.28,0.28,0,-1,-6.14,0.72,0.28,0.93,5,2.28,0,0,0,0.07,-18.48214744,-2.546814899,-4.005635262,-6.288835526,-21.9933548,-0.703408086,-5.293634892,-5.183524489,-12.87415981,-13.36312258,-6.178966999,18.48214744,15.63744348,-2.884057388,-1.760873947,-20.45381996,-3.517040429,-12.06948755,0,0,0,-0.43252769
Sn,2,0.08,Li156Sn2P23S125Cl21F4,-7.207993168,-1.140505248,-0.16,0.16,0.08,-1,-6.32,0.84,0.16,0.92,5,2.48,0,0,0.08,0,-18.5097473,-2.546814899,-4.005635262,-6.288835526,-21.9933548,-0.703408086,-5.293634892,-3.22001195,-7.031966686,-7.044024467,-3.210100889,18.5097473,16.09587016,-3.36473362,-1.006213684,-20.23388641,-3.517040429,-13.12821453,0,0,-0.563521957,0
Sn,4,0.08,Li152Sn2P23S125Cl17F8,-7.024102484,-1.140276377,-0.32,0.32,0,-1,-6.16,0.68,0.32,0.92,5,2.32,0,0,0,0.08,-18.55025424,-2.546814899,-4.005635262,-6.288835526,-21.9933548,-0.703408086,-5.293634892,-5.183524489,-12.87415981,-13.36312258,-6.178966999,18.55025424,15.68837978,-2.723831978,-2.012427368,-20.23388641,-3.517040429,-12.28123295,0,0,0,-0.49431736
Sn,2,0.09,Li627Sn9P91S500Cl82F18,-7.253354375,-1.140464524,-0.18,0.18,0.09,-1,-6.36,0.82,0.18,0.91,5,2.54,0,0,0.09,0,-18.5763023,-2.546814899,-4.005635262,-6.288835526,-21.9933548,-0.703408086,-5.293634892,-3.22001195,-7.031966686,-7.044024467,-3.210100889,18.5763023,16.19774276,-3.284620914,-1.131990395,-20.01395287,-3.517040429,-13.44583262,0,0,-0.633962202,0
Sn,4,0.09,Li609Sn9P91S500Cl64F36,-7.053653041,-1.141367806,-0.36,0.36,0,-1,-6.18,0.64,0.36,0.91,5,2.36,0,0,0,0.09,-18.61469691,-2.546814899,-4.005635262,-6.288835526,-21.9933548,-0.703408086,-5.293634892,-5.183524489,-12.87415981,-13.36312258,-6.178966999,18.61469691,15.73931608,-2.563606567,-2.263980789,-20.01395287,-3.517040429,-12.49297834,0,0,0,-0.55610703
Sn,2,0.1,Li63SnP9S50Cl8F2,-7.299029198,-1.140473312,-0.2,0.2,0.1,-1,-6.4,0.8,0.2,0.9,5,2.6,0,0,0.1,0,-18.64254367,-2.546814899,-4.005635262,-6.288835526,-21.9933548,-0.703408086,-5.293634892,-3.22001195,-7.031966686,-7.044024467,-3.210100889,18.64254367,16.29961535,-3.204508209,-1.257767105,-19.79401932,-3.517040429,-13.76345072,0,0,-0.704402447,0
Sn,4,0.1,Li61SnP9S50Cl6F4,-7.085206913,-1.142775309,-0.4,0.4,0,-1,-6.2,0.6,0.4,0.9,5,2.4,0,0,0,0.1,-18.67713627,-2.546814899,-4.005635262,-6.288835526,-21.9933548,-0.703408086,-5.293634892,-5.183524489,-12.87415981,-13.36312258,-6.178966999,18.67713627,15.79025237,-2.403381157,-2.51553421,-19.79401932,-3.517040429,-12.70472374,0,0,0,-0.6178967
Sr,2,0.01,Li603SrP99S500Cl98F2,-7.097070276,-1.175011635,-0.04,0.02,0,-1,-6.04,0.96,0.02,0.99,5,2.08,0.01,0,0,0,-17.8747692,-2.546814899,-4.005635262,-6.288835526,-21.9933548,-0.703408086,-5.293634892,-8.219265461,-12.65659332,-9.809767008,-6.013570786,17.8747692,15.38276199,-3.845409851,-0.125776711,-21.77342125,-3.517040429,-11.01076057,-0.082192655,0,0,0
Sr,2,0.02,Li303SrP49S250Cl48F2,-7.146821515,-1.175464065,-0.08,0.04,0,-1,-6.08,0.92,0.04,0.98,5,2.16,0.02,0,0,0,-17.97444657,-2.546814899,-4.005635262,-6.288835526,-21.9933548,-0.703408086,-5.293634892,-8.219265461,-12.65659332,-9.809767008,-6.013570786,17.97444657,15.48463459,-3.685184441,-0.251553421,-21.5534877,-3.517040429,-11.43425137,-0.164385309,0,0,0
Sr,2,0.03,Li609Sr3P97S500Cl94F6,-7.19696864,-1.175975268,-0.12,0.06,0,-1,-6.12,0.88,0.06,0.97,5,2.24,0.03,0,0,0,-18.07372804,-2.546814899,-4.005635262,-6.288835526,-21.9933548,-0.703408086,-5.293634892,-8.219265461,-12.65659332,-9.809767008,-6.013570786,18.07372804,15.58650718,-3.52495903,-0.377330132,-21.33355415,-3.517040429,-11.85774216,-0.246577964,0,0,0
Sr,2,0.04,Li153SrP24S125Cl23F2,-7.247194033,-1.176492538,-0.16,0.08,0,-1,-6.16,0.84,0.08,0.96,5,2.32,0.04,0,0,0,-18.17293125,-2.546814899,-4.005635262,-6.288835526,-21.9933548,-0.703408086,-5.293634892,-8.219265461,-12.65659332,-9.809767008,-6.013570786,18.17293125,15.68837978,-3.36473362,-0.503106842,-21.11362061,-3.517040429,-12.28123295,-0.328770618,0,0,0
Sr,2,0.05,Li123SrP19S100Cl18F2,-7.296887123,-1.176917278,-0.2,0.1,0,-1,-6.2,0.8,0.1,0.95,5,2.4,0.05,0,0,0,-18.27266676,-2.546814899,-4.005635262,-6.288835526,-21.9933548,-0.703408086,-5.293634892,-8.219265461,-12.65659332,-9.809767008,-6.013570786,18.27266676,15.79025237,-3.204508209,-0.628883553,-20.89368706,-3.517040429,-12.70472374,-0.410963273,0,0,0
Sr,2,0.06,Li309Sr3P47S250Cl44F6,-7.345397177,-1.177146983,-0.24,0.12,0,-1,-6.24,0.76,0.12,0.94,5,2.48,0.06,0,0,0,-18.37358531,-2.546814899,-4.005635262,-6.288835526,-21.9933548,-0.703408086,-5.293634892,-8.219265461,-12.65659332,-9.809767008,-6.013570786,18.37358531,15.89212497,-3.044282799,-0.754660263,-20.67375351,-3.517040429,-13.12821453,-0.493155928,0,0,0
Sr,2,0.07,Li621Sr7P93S500Cl86F14,-7.39217149,-1.177097371,-0.28,0.14,0,-1,-6.28,0.72,0.14,0.93,5,2.56,0.07,0,0,0,-18.4762396,-2.546814899,-4.005635262,-6.288835526,-21.9933548,-0.703408086,-5.293634892,-8.219265461,-12.65659332,-9.809767008,-6.013570786,18.4762396,15.99399757,-2.884057388,-0.880436974,-20.45381996,-3.517040429,-13.55170532,-0.575348582,0,0,0
Sr,2,0.08,Li156Sr2P23S125Cl21F4,-7.436802334,-1.17670923,-0.32,0.16,0,-1,-6.32,0.68,0.16,0.92,5,2.64,0.08,0,0,0,-18.58103736,-2.546814899,-4.005635262,-6.288835526,-21.9933548,-0.703408086,-5.293634892,-8.219265461,-12.65659332,-9.809767008,-6.013570786,18.58103736,16.09587016,-2.723831978,-1.006213684,-20.23388641,-3.517040429,-13.97519611,-0.657541237,0,0,0
Sr,2,0.09,Li627Sr9P91S500Cl82F18,-7.479065041,-1.175953623,-0.36,0.18,0,-1,-6.36,0.64,0.18,0.91,5,2.72,0.09,0,0,0,-18.68820325,-2.546814899,-4.005635262,-6.288835526,-21.9933548,-0.703408086,-5.293634892,-8.219265461,-12.65659332,-9.809767008,-6.013570786,18.68820325,16.19774276,-2.563606567,-1.131990395,-20.01395287,-3.517040429,-14.3986869,-0.739733891,0,0,0
Sr,2,0.1,Li63SrP9S50Cl8F2,-7.518956581,-1.174836966,-0.4,0.2,0,-1,-6.4,0.6,0.2,0.9,5,2.8,0.1,0,0,0,-18.79774032,-2.546814899,-4.005635262,-6.288835526,-21.9933548,-0.703408086,-5.293634892,-8.219265461,-12.65659332,-9.809767008,-6.013570786,18.79774032,16.29961535,-2.403381157,-1.257767105,-19.79401932,-3.517040429,-14.8221777,-0.821926546,0,0,0
Ta,2,0.01,Li603TaP99S500Cl98F2,-7.364335522,-1.219260848,-0.02,0.02,0.01,-1,-6.04,0.98,0.02,0.99,5,2.06,0,0,0.01,0,-17.59611703,-2.546814899,-4.005635262,-6.288835526,-21.9933548,-0.703408086,-5.293634892,-4.436282873,-9.411659718,-9.656572342,-5.646776676,17.59611703,15.38276199,-3.925522556,-0.125776711,-21.77342125,-3.517040429,-10.90488788,0,0,-0.096565723,0
Ta,3,0.01,Li602TaP99S500Cl97F3,-7.353307543,-1.220465982,-0.03,0.03,0,-1,-6.025,0.97,0.03,0.99,5,2.05,0,0,0,0.01,-17.59260673,-2.546814899,-4.005635262,-6.288835526,-21.9933548,-0.703408086,-5.293634892,-6.214812279,-14.10346413,-12.95759046,-7.392956018,17.59260673,15.34455977,-3.885466204,-0.188665066,-21.77342125,-3.517040429,-10.85195153,0,0,0,-0.07392956
Ta,4,0.01,Li601TaP99S500Cl96F4,-7.360440275,-1.222664497,-0.04,0.04,0,-1,-6.02,0.96,0.04,0.99,5,2.04,0,0,0,0.01,-17.58960217,-2.546814899,-4.005635262,-6.288835526,-21.9933548,-0.703408086,-5.293634892,-8.867673874,-17.36969948,-16.37614775,-9.542801142,17.58960217,15.33182569,-3.845409851,-0.251553421,-21.77342125,-3.517040429,-10.79901518,0,0,0,-0.095428011
Ta,5,0.01,Li600TaP99S500Cl95F5,-7.366614892,-1.22470738,-0.05,0.05,0,-1,-6.015,0.95,0.05,0.99,5,2.03,0,0,0,0.01,-17.58708048,-2.546814899,-4.005635262,-6.288835526,-21.9933548,-0.703408086,-5.293634892,-10.8604517,-20.31453753,-20.31783009,-11.6451205,17.58708048,15.31909162,-3.805353498,-0.314441776,-21.77342125,-3.517040429,-10.74607883,0,0,0,-0.116451205
Ta,2,0.02,Li303TaP49S250Cl48F2,-7.418544268,-1.220155307,-0.04,0.04,0.02,-1,-6.08,0.96,0.04,0.98,5,2.12,0,0,0.02,0,-17.67994997,-2.546814899,-4.005635262,-6.288835526,-21.9933548,-0.703408086,-5.293634892,-4.436282873,-9.411659718,-9.656572342,-5.646776676,17.67994997,15.48463459,-3.845409851,-0.251553421,-21.5534877,-3.517040429,-11.22250597,0,0,-0.193131447,0
Ta,3,0.02,Li302TaP49S250Cl47F3,-7.394845098,-1.222288446,-0.06,0.06,0,-1,-6.05,0.94,0.06,0.98,5,2.1,0,0,0,0.02,-17.67457256,-2.546814899,-4.005635262,-6.288835526,-21.9933548,-0.703408086,-5.293634892,-6.214812279,-14.10346413,-12.95759046,-7.392956018,17.67457256,15.40823014,-3.765297146,-0.377330132,-21.5534877,-3.517040429,-11.11663327,0,0,0,-0.14785912
Ta,4,0.02,Li301TaP49S250Cl46F4,-7.406651848,-1.226266862,-0.08,0.08,0,-1,-6.04,0.92,0.08,0.98,5,2.08,0,0,0,0.02,-17.67102217,-2.546814899,-4.005635262,-6.288835526,-21.9933548,-0.703408086,-5.293634892,-8.867673874,-17.36969948,-16.37614775,-9.542801142,17.67102217,15.38276199,-3.685184441,-0.503106842,-21.5534877,-3.517040429,-11.01076057,0,0,0,-0.190856023
Ta,5,0.02,Li300TaP49S250Cl45F5,-7.415982695,-1.229847876,-0.1,0.1,0,-1,-6.03,0.9,0.1,0.98,5,2.06,0,0,0,0.02,-17.66899717,-2.546814899,-4.005635262,-6.288835526,-21.9933548,-0.703408086,-5.293634892,-10.8604517,-20.31453753,-20.31783009,-11.6451205,17.66899717,15.35729384,-3.605071735,-0.628883553,-21.5534877,-3.517040429,-10.90488788,0,0,0,-0.23290241
Ta,2,0.03,Li609Ta3P97S500Cl94F6,-7.471996913,-1.220914528,-0.06,0.06,0.03,-1,-6.12,0.94,0.06,0.97,5,2.18,0,0,0.03,0,-17.764539,-2.546814899,-4.005635262,-6.288835526,-21.9933548,-0.703408086,-5.293634892,-4.436282873,-9.411659718,-9.656572342,-5.646776676,17.764539,15.58650718,-3.765297146,-0.377330132,-21.33355415,-3.517040429,-11.54012406,0,0,-0.28969717,0
Ta,3,0.03,Li606Ta3P97S500Cl91F9,-7.434088987,-1.223718352,-0.09,0.09,0,-1,-6.075,0.91,0.09,0.97,5,2.15,0,0,0,0.03,-17.75883207,-2.546814899,-4.005635262,-6.288835526,-21.9933548,-0.703408086,-5.293634892,-6.214812279,-14.10346413,-12.95759046,-7.392956018,17.75883207,15.47190051,-3.645128088,-0.565995197,-21.33355415,-3.517040429,-11.38131502,0,0,0,-0.221788681
Ta,4,0.03,Li603Ta3P97S500Cl88F12,-7.448701909,-1.229158731,-0.12,0.12,0,-1,-6.06,0.88,0.12,0.97,5,2.12,0,0,0,0.03,-17.75660368,-2.546814899,-4.005635262,-6.288835526,-21.9933548,-0.703408086,-5.293634892,-8.867673874,-17.36969948,-16.37614775,-9.542801142,17.75660368,15.43369829,-3.52495903,-0.754660263,-21.33355415,-3.517040429,-11.22250597,0,0,0,-0.286284034
Ta,5,0.03,Li600Ta3P97S500Cl85F15,-7.459504952,-1.233995856,-0.15,0.15,0,-1,-6.045,0.85,0.15,0.97,5,2.09,0,0,0,0.03,-17.75675941,-2.546814899,-4.005635262,-6.288835526,-21.9933548,-0.703408086,-5.293634892,-10.8604517,-20.31453753,-20.31783009,-11.6451205,17.75675941,15.39549606,-3.404789972,-0.943325329,-21.33355415,-3.517040429,-11.06369692,0,0,0,-0.349353615
Ta,2,0.04,Li153TaP24S125Cl23F2,-7.524609862,-1.221527575,-0.08,0.08,0.04,-1,-6.16,0.92,0.08,0.96,5,2.24,0,0,0.04,0,-17.84996773,-2.546814899,-4.005635262,-6.288835526,-21.9933548,-0.703408086,-5.293634892,-4.436282873,-9.411659718,-9.656572342,-5.646776676,17.84996773,15.68837978,-3.685184441,-0.503106842,-21.11362061,-3.517040429,-11.85774216,0,0,-0.386262894,0
Ta,3,0.04,Li152TaP24S125Cl22F3,-7.471135478,-1.224776308,-0.12,0.12,0,-1,-6.1,0.88,0.12,0.96,5,2.2,0,0,0,0.04,-17.84528897,-2.546814899,-4.005635262,-6.288835526,-21.9933548,-0.703408086,-5.293634892,-6.214812279,-14.10346413,-12.95759046,-7.392956018,17.84528897,15.53557088,-3.52495903,-0.754660263,-21.11362061,-3.517040429,-11.64599676,0,0,0,-0.295718241
Ta,4,0.04,Li151TaP24S125Cl21F4,-7.487363023,-1.231474181,-0.16,0.16,0,-1,-6.08,0.84,0.16,0.96,5,2.16,0,0,0,0.04,-17.84557414,-2.546814899,-4.005635262,-6.288835526,-21.9933548,-0.703408086,-5.293634892,-8.867673874,-17.36969948,-16.37614775,-9.542801142,17.84557414,15.48463459,-3.36473362,-1.006213684,-21.11362061,-3.517040429,-11.43425137,0,0,0,-0.381712046
Ta,5,0.04,Li150TaP24S125Cl20F5,-7.499095567,-1.237474516,-0.2,0.2,0,-1,-6.06,0.8,0.2,0.96,5,2.12,0,0,0,0.04,-17.84845328,-2.546814899,-4.005635262,-6.288835526,-21.9933548,-0.703408086,-5.293634892,-10.8604517,-20.31453753,-20.31783009,-11.6451205,17.84845328,15.43369829,-3.204508209,-1.257767105,-21.11362061,-3.517040429,-11.22250597,0,0,0,-0.46580482
Ta,2,0.05,Li123TaP19S100Cl18F2,-7.576229816,-1.221972551,-0.1,0.1,0.05,-1,-6.2,0.9,0.1,0.95,5,2.3,0,0,0.05,0,-17.93638945,-2.546814899,-4.005635262,-6.288835526,-21.9933548,-0.703408086,-5.293634892,-4.436282873,-9.411659718,-9.656572342,-5.646776676,17.93638945,15.79025237,-3.605071735,-0.628883553,-20.89368706,-3.517040429,-12.17536025,0,0,-0.482828617,0
Ta,3,0.05,Li122TaP19S100Cl17F3,-7.506037757,-1.225475552,-0.15,0.15,0,-1,-6.125,0.85,0.15,0.95,5,2.25,-6.94E-18,6.94E-18,0,0.05,-17.93389008,-2.546814899,-4.005635262,-6.288835526,-21.9933548,-0.703408086,-5.293634892,-6.214812279,-14.10346413,-12.95759046,-7.392956018,17.93389008,15.59924126,-3.404789972,-0.943325329,-20.89368706,-3.517040429,-11.91067851,4.31E-17,-9.79E-17,0,-0.369647801
Ta,4,0.05,Li121TaP19S100Cl16F4,-7.523108354,-1.233296452,-0.2,0.2,0,-1,-6.1,0.8,0.2,0.95,5,2.2,0,0,0,0.05,-17.93746038,-2.546814899,-4.005635262,-6.288835526,-21.9933548,-0.703408086,-5.293634892,-8.867673874,-17.36969948,-16.37614775,-9.542801142,17.93746038,15.53557088,-3.204508209,-1.257767105,-20.89368706,-3.517040429,-11.64599676,0,0,0,-0.477140057
Ta,5,0.05,Li120TaP19S100Cl15F5,-7.535988119,-1.240491871,-0.25,0.25,0,-1,-6.075,0.75,0.25,0.95,5,2.15,0,0,0,0.05,-17.94284523,-2.546814899,-4.005635262,-6.288835526,-21.9933548,-0.703408086,-5.293634892,-10.8604517,-20.31453753,-20.31783009,-11.6451205,17.94284523,15.47190051,-3.004226446,-1.572208881,-20.89368706,-3.517040429,-11.38131502,0,0,0,-0.582256025
Ta,2,0.06,Li309Ta3P47S250Cl44F6,-7.626719398,-1.222230673,-0.12,0.12,0.06,-1,-6.24,0.88,0.12,0.94,5,2.36,0,0,0.06,0,-18.02394155,-2.546814899,-4.005635262,-6.288835526,-21.9933548,-0.703408086,-5.293634892,-4.436282873,-9.411659718,-9.656572342,-5.646776676,18.02394155,15.89212497,-3.52495903,-0.754660263,-20.67375351,-3.517040429,-12.49297834,0,0,-0.579394341,0
Ta,3,0.06,Li306Ta3P47S250Cl41F9,-7.538797784,-1.225820778,-0.18,0.18,0,-1,-6.15,0.82,0.18,0.94,5,2.3,0,0,0,0.06,-18.02463345,-2.546814899,-4.005635262,-6.288835526,-21.9933548,-0.703408086,-5.293634892,-6.214812279,-14.10346413,-12.95759046,-7.392956018,18.02463345,15.66291163,-3.284620914,-1.131990395,-20.67375351,-3.517040429,-12.17536025,0,0,0,-0.443577361
Ta,4,0.06,Li303Ta3P47S250Cl38F12,-7.556124518,-1.234660869,-0.24,0.24,0,-1,-6.12,0.76,0.24,0.94,5,2.24,0,0,0,0.06,-18.03207579,-2.546814899,-4.005635262,-6.288835526,-21.9933548,-0.703408086,-5.293634892,-8.867673874,-17.36969948,-16.37614775,-9.542801142,18.03207579,15.58650718,-3.044282799,-1.509320526,-20.67375351,-3.517040429,-11.85774216,0,0,0,-0.572568069
Ta,5,0.06,Li300Ta3P47S250Cl35F15,-7.571781918,-1.243313944,-0.3,0.3,0,-1,-6.09,0.7,0.3,0.94,5,2.18,0,0,0,0.06,-18.03833592,-2.546814899,-4.005635262,-6.288835526,-21.9933548,-0.703408086,-5.293634892,-10.8604517,-20.31453753,-20.31783009,-11.6451205,18.03833592,15.51010274,-2.803944683,-1.886650658,-20.67375351,-3.517040429,-11.54012406,0,0,0,-0.69870723
Ta,2,0.07,Li621Ta7P93S500Cl86F14,-7.675921136,-1.222280436,-0.14,0.14,0.07,-1,-6.28,0.86,0.14,0.93,5,2.42,0,0,0.07,0,-18.11278149,-2.546814899,-4.005635262,-6.288835526,-21.9933548,-0.703408086,-5.293634892,-4.436282873,-9.411659718,-9.656572342,-5.646776676,18.11278149,15.99399757,-3.444846325,-0.880436974,-20.45381996,-3.517040429,-12.81059644,0,0,-0.675960064,0
Ta,3,0.07,Li614Ta7P93S500Cl79F21,-7.569369024,-1.225808749,-0.21,0.21,0,-1,-6.175,0.79,0.21,0.93,5,2.35,-1.39E-17,1.39E-17,0,0.07,-18.1175656,-2.546814899,-4.005635262,-6.288835526,-21.9933548,-0.703408086,-5.293634892,-6.214812279,-14.10346413,-12.95759046,-7.392956018,18.1175656,15.726582,-3.164451857,-1.32065546,-20.45381996,-3.517040429,-12.440042,8.62E-17,-1.96E-16,0,-0.517506921
Ta,4,0.07,Li607Ta7P93S500Cl72F28,-7.586636113,-1.235608488,-0.28,0.28,0,-1,-6.14,0.72,0.28,0.93,5,2.28,0,0,0,0.07,-18.12919577,-2.546814899,-4.005635262,-6.288835526,-21.9933548,-0.703408086,-5.293634892,-8.867673874,-17.36969948,-16.37614775,-9.542801142,18.12919577,15.63744348,-2.884057388,-1.760873947,-20.45381996,-3.517040429,-12.06948755,0,0,0,-0.66799608
Ta,5,0.07,Li600Ta7P93S500Cl65F35,-7.608688417,-1.246304409,-0.35,0.35,0,-1,-6.105,0.65,0.35,0.93,5,2.21,-1.39E-17,1.39E-17,0,0.07,-18.13271391,-2.546814899,-4.005635262,-6.288835526,-21.9933548,-0.703408086,-5.293634892,-10.8604517,-20.31453753,-20.31783009,-11.6451205,18.13271391,15.54830496,-2.60366292,-2.201092434,-20.45381996,-3.517040429,-11.69893311,1.51E-16,-2.82E-16,0,-0.815158435
Ta,2,0.08,Li156Ta2P23S125Cl21F4,-7.723652505,-1.222096915,-0.16,0.16,0.08,-1,-6.32,0.84,0.16,0.92,5,2.48,0,0,0.08,0,-18.2030918,-2.546814899,-4.005635262,-6.288835526,-21.9933548,-0.703408086,-5.293634892,-4.436282873,-9.411659718,-9.656572342,-5.646776676,18.2030918,16.09587016,-3.36473362,-1.006213684,-20.23388641,-3.517040429,-13.12821453,0,0,-0.772525787,0
Ta,3,0.08,Li154Ta2P23S125Cl19F6,-7.597623135,-1.225423086,-0.24,0.24,0,-1,-6.2,0.76,0.24,0.92,5,2.4,0,0,0,0.08,-18.21281488,-2.546814899,-4.005635262,-6.288835526,-21.9933548,-0.703408086,-5.293634892,-6.214812279,-14.10346413,-12.95759046,-7.392956018,18.21281488,15.79025237,-3.044282799,-1.509320526,-20.23388641,-3.517040429,-12.70472374,0,0,0,-0.591436481
Ta,4,0.08,Li152Ta2P23S125Cl17F8,-7.614951087,-1.236193358,-0.32,0.32,0,-1,-6.16,0.68,0.32,0.92,5,2.32,0,0,0,0.08,-18.22851236,-2.546814899,-4.005635262,-6.288835526,-21.9933548,-0.703408086,-5.293634892,-8.867673874,-17.36969948,-16.37614775,-9.542801142,18.22851236,15.68837978,-2.723831978,-2.012427368,-20.23388641,-3.517040429,-12.28123295,0,0,0,-0.763424091
Ta,5,0.08,Li150Ta2P23S125Cl15F10,-7.649478517,-1.24991479,-0.4,0.4,0,-1,-6.12,0.6,0.4,0.92,5,2.24,0,0,0,0.08,-18.22320831,-2.546814899,-4.005635262,-6.288835526,-21.9933548,-0.703408086,-5.293634892,-10.8604517,-20.31453753,-20.31783009,-11.6451205,18.22320831,15.58650718,-2.403381157,-2.51553421,-20.23388641,-3.517040429,-11.85774216,0,0,0,-0.93160964
Ta,2,0.09,Li627Ta9P91S500Cl82F18,-7.769719905,-1.221654073,-0.18,0.18,0.09,-1,-6.36,0.82,0.18,0.91,5,2.54,0,0,0.09,0,-18.29506608,-2.546814899,-4.005635262,-6.288835526,-21.9933548,-0.703408086,-5.293634892,-4.436282873,-9.411659718,-9.656572342,-5.646776676,18.29506608,16.19774276,-3.284620914,-1.131990395,-20.01395287,-3.517040429,-13.44583262,0,0,-0.869091511,0
Ta,3,0.09,Li618Ta9P91S500Cl73F27,-7.623231513,-1.224615504,-0.27,0.27,0,-1,-6.225,0.73,0.27,0.91,5,2.45,1.39E-17,-1.39E-17,0,0.09,-18.31070989,-2.546814899,-4.005635262,-6.288835526,-21.9933548,-0.703408086,-5.293634892,-6.214812279,-14.10346413,-12.95759046,-7.392956018,18.31070989,15.85392275,-2.924113741,-1.697985592,-20.01395287,-3.517040429,-12.96940548,-8.62E-17,1.96E-16,0,-0.665366042
Ta,4,0.09,Li609Ta9P91S500Cl64F36,-7.641596806,-1.236504338,-0.36,0.36,0,-1,-6.18,0.64,0.36,0.91,5,2.36,0,0,0,0.09,-18.32949822,-2.546814899,-4.005635262,-6.288835526,-21.9933548,-0.703408086,-5.293634892,-8.867673874,-17.36969948,-16.37614775,-9.542801142,18.32949822,15.73931608,-2.563606567,-2.263980789,-20.01395287,-3.517040429,-12.49297834,0,0,0,-0.858852103
Ta,5,0.09,Li600Ta9P91S500Cl55F45,-7.696357469,-1.254499995,-0.45,0.45,0,-1,-6.135,0.55,0.45,0.91,5,2.27,0,0,0,0.09,-18.30761385,-2.546814899,-4.005635262,-6.288835526,-21.9933548,-0.703408086,-5.293634892,-10.8604517,-20.31453753,-20.31783009,-11.6451205,18.30761385,15.62470941,-2.203099394,-2.829975986,-20.01395287,-3.517040429,-12.0165512,0,0,0,-1.048060845
Ta,2,0.1,Li63TaP9S50Cl8F2,-7.813939157,-1.220927993,-0.2,0.2,0.1,-1,-6.4,0.8,0.2,0.9,5,2.6,0,0,0.1,0,-18.3888885,-2.546814899,-4.005635262,-6.288835526,-21.9933548,-0.703408086,-5.293634892,-4.436282873,-9.411659718,-9.656572342,-5.646776676,18.3888885,16.29961535,-3.204508209,-1.257767105,-19.79401932,-3.517040429,-13.76345072,0,0,-0.965657234,0
Ta,3,0.1,Li62TaP9S50Cl7F3,-7.645681083,-1.223308973,-0.3,0.3,0,-1,-6.25,0.7,0.3,0.9,5,2.5,-1.39E-17,1.39E-17,0,0.1,-18.41176372,-2.546814899,-4.005635262,-6.288835526,-21.9933548,-0.703408086,-5.293634892,-6.214812279,-14.10346413,-12.95759046,-7.392956018,18.41176372,15.91759312,-2.803944683,-1.886650658,-19.79401932,-3.517040429,-13.23408723,8.62E-17,-1.96E-16,0,-0.739295602
Ta,4,0.1,Li61TaP9S50Cl6F4,-7.667840921,-1.236748536,-0.4,0.4,0,-1,-6.2,0.6,0.4,0.9,5,2.4,0,0,0,0.1,-18.43088567,-2.546814899,-4.005635262,-6.288835526,-21.9933548,-0.703408086,-5.293634892,-8.867673874,-17.36969948,-16.37614775,-9.542801142,18.43088567,15.79025237,-2.403381157,-2.51553421,-19.79401932,-3.517040429,-12.70472374,0,0,0,-0.954280114
Ta,5,0.1,Li60TaP9S50Cl5F5,-7.7450155,-1.259352114,-0.5,0.5,0,-1,-6.15,0.5,0.5,0.9,5,2.3,0,0,0,0.1,-18.39024031,-2.546814899,-4.005635262,-6.288835526,-21.9933548,-0.703408086,-5.293634892,-10.8604517,-20.31453753,-20.31783009,-11.6451205,18.39024031,15.66291163,-2.002817631,-3.144417763,-19.79401932,-3.517040429,-12.17536025,0,0,0,-1.16451205
Tb,3,0.01,Li602TbP99S500Cl97F3,-6.519467361,-1.082069272,-0.03,0.03,0,-1,-6.025,0.97,0.03,0.99,5,2.05,0,0,0,0.01,-18.45173717,-2.546814899,-4.005635262,-6.288835526,-21.9933548,-0.703408086,-5.293634892,-10.14328957,-18.25899124,-14.35330081,-9.921982288,18.45173717,15.34455977,-3.885466204,-0.188665066,-21.77342125,-3.517040429,-10.85195153,0,0,0,-0.099219823
Tb,4,0.01,Li601TbP99S500Cl96F4,-6.532161793,-1.081483741,-0.04,0.04,0.01,-1,-6.04,0.96,0.04,0.99,5,2.04,0,0,0.01,0,-18.45351957,-2.546814899,-4.005635262,-6.288835526,-21.9933548,-0.703408086,-5.293634892,-11.99994802,-21.07686043,-18.20032239,-9.836547375,18.45351957,15.38276199,-3.845409851,-0.251553421,-21.77342125,-3.517040429,-10.79901518,0,0,-0.182003224,0
Tb,3,0.02,Li302TbP49S250Cl47F3,-6.570444106,-1.086023819,-0.06,0.06,0,-1,-6.05,0.94,0.06,0.98,5,2.1,0,0,0,0.02,-18.54955408,-2.546814899,-4.005635262,-6.288835526,-21.9933548,-0.703408086,-5.293634892,-10.14328957,-18.25899124,-14.35330081,-9.921982288,18.54955408,15.40823014,-3.765297146,-0.377330132,-21.5534877,-3.517040429,-11.11663327,0,0,0,-0.198439646
Tb,4,0.02,Li301TbP49S250Cl46F4,-6.593367993,-1.084435525,-0.08,0.08,0.02,-1,-6.08,0.92,0.08,0.98,5,2.08,0,0,0.02,0,-18.55558386,-2.546814899,-4.005635262,-6.288835526,-21.9933548,-0.703408086,-5.293634892,-11.99994802,-21.07686043,-18.20032239,-9.836547375,18.55558386,15.48463459,-3.685184441,-0.503106842,-21.5534877,-3.517040429,-11.01076057,0,0,-0.364006448,0
Tb,3,0.03,Li606Tb3P97S500Cl91F9,-6.620851218,-1.089852052,-0.09,0.09,0,-1,-6.075,0.91,0.09,0.97,5,2.15,0,0,0,0.03,-18.64794062,-2.546814899,-4.005635262,-6.288835526,-21.9933548,-0.703408086,-5.293634892,-10.14328957,-18.25899124,-14.35330081,-9.921982288,18.64794062,15.47190051,-3.645128088,-0.565995197,-21.33355415,-3.517040429,-11.38131502,0,0,0,-0.297659469
Tb,4,0.03,Li603Tb3P97S500Cl88F12,-6.652444767,-1.087000779,-0.12,0.12,0.03,-1,-6.12,0.88,0.12,0.97,5,2.12,0,0,0.03,0,-18.65977757,-2.546814899,-4.005635262,-6.288835526,-21.9933548,-0.703408086,-5.293634892,-11.99994802,-21.07686043,-18.20032239,-9.836547375,18.65977757,15.58650718,-3.52495903,-0.754660263,-21.33355415,-3.517040429,-11.22250597,0,0,-0.546009672,0
Tb,3,0.04,Li152TbP24S125Cl22F3,-6.67030816,-1.093493141,-0.12,0.12,0,-1,-6.1,0.88,0.12,0.96,5,2.2,0,0,0,0.04,-18.74727734,-2.546814899,-4.005635262,-6.288835526,-21.9933548,-0.703408086,-5.293634892,-10.14328957,-18.25899124,-14.35330081,-9.921982288,18.74727734,15.53557088,-3.52495903,-0.754660263,-21.11362061,-3.517040429,-11.64599676,0,0,0,-0.396879292
Tb,4,0.04,Li151TbP24S125Cl21F4,-6.710001546,-1.089285965,-0.16,0.16,0.04,-1,-6.16,0.84,0.16,0.96,5,2.16,0,0,0.04,0,-18.76549128,-2.546814899,-4.005635262,-6.288835526,-21.9933548,-0.703408086,-5.293634892,-11.99994802,-21.07686043,-18.20032239,-9.836547375,18.76549128,15.68837978,-3.36473362,-1.006213684,-21.11362061,-3.517040429,-11.43425137,0,0,-0.728012896,0
Tb,3,0.05,Li122TbP19S100Cl17F3,-6.718700681,-1.096930723,-0.15,0.15,0,-1,-6.125,0.85,0.15,0.95,5,2.25,-6.94E-18,6.94E-18,0,0.05,-18.84767847,-2.546814899,-4.005635262,-6.288835526,-21.9933548,-0.703408086,-5.293634892,-10.14328957,-18.25899124,-14.35330081,-9.921982288,18.84767847,15.59924126,-3.404789972,-0.943325329,-20.89368706,-3.517040429,-11.91067851,7.04E-17,-1.27E-16,0,-0.496099114
Tb,4,0.05,Li121TbP19S100Cl16F4,-6.766380512,-1.091351695,-0.2,0.2,0.05,-1,-6.2,0.8,0.2,0.95,5,2.2,0,0,0.05,0,-18.8723828,-2.546814899,-4.005635262,-6.288835526,-21.9933548,-0.703408086,-5.293634892,-11.99994802,-21.07686043,-18.20032239,-9.836547375,18.8723828,15.79025237,-3.204508209,-1.257767105,-20.89368706,-3.517040429,-11.64599676,0,0,-0.910016119,0
Tb,3,0.06,Li306Tb3P47S250Cl41F9,-6.766134377,-1.100184452,-0.18,0.18,0,-1,-6.15,0.82,0.18,0.94,5,2.3,0,0,0,0.06,-18.94903843,-2.546814899,-4.005635262,-6.288835526,-21.9933548,-0.703408086,-5.293634892,-10.14328957,-18.25899124,-14.35330081,-9.921982288,18.94903843,15.66291163,-3.284620914,-1.131990395,-20.67375351,-3.517040429,-12.17536025,0,0,0,-0.595318937
Tb,4,0.06,Li303Tb3P47S250Cl38F12,-6.821313055,-1.093159143,-0.24,0.24,0.06,-1,-6.24,0.76,0.24,0.94,5,2.24,0,0,0.06,0,-18.98072074,-2.546814899,-4.005635262,-6.288835526,-21.9933548,-0.703408086,-5.293634892,-11.99994802,-21.07686043,-18.20032239,-9.836547375,18.98072074,15.89212497,-3.044282799,-1.509320526,-20.67375351,-3.517040429,-11.85774216,0,0,-1.092019343,0
Tb,3,0.07,Li614Tb7P93S500Cl79F21,-6.812627796,-1.103259562,-0.21,0.21,0,-1,-6.175,0.79,0.21,0.93,5,2.35,-1.39E-17,1.39E-17,0,0.07,-19.05133867,-2.546814899,-4.005635262,-6.288835526,-21.9933548,-0.703408086,-5.293634892,-10.14328957,-18.25899124,-14.35330081,-9.921982288,19.05133867,15.726582,-3.164451857,-1.32065546,-20.45381996,-3.517040429,-12.440042,1.41E-16,-2.53E-16,0,-0.69453876
Tb,4,0.07,Li607Tb7P93S500Cl72F28,-6.874456518,-1.094658681,-0.28,0.28,0.07,-1,-6.28,0.72,0.28,0.93,5,2.28,0,0,0.07,0,-19.09084776,-2.546814899,-4.005635262,-6.288835526,-21.9933548,-0.703408086,-5.293634892,-11.99994802,-21.07686043,-18.20032239,-9.836547375,19.09084776,15.99399757,-2.884057388,-1.760873947,-20.45381996,-3.517040429,-12.06948755,0,0,-1.274022567,0
Tb,3,0.08,Li154Tb2P23S125Cl19F6,-6.857983123,-1.10612631,-0.24,0.24,0,-1,-6.2,0.76,0.24,0.92,5,2.4,0,0,0,0.08,-19.15477699,-2.546814899,-4.005635262,-6.288835526,-21.9933548,-0.703408086,-5.293634892,-10.14328957,-18.25899124,-14.35330081,-9.921982288,19.15477699,15.79025237,-3.044282799,-1.509320526,-20.23388641,-3.517040429,-12.70472374,0,0,0,-0.793758583
Tb,4,0.08,Li152Tb2P23S125Cl17F8,-6.925871057,-1.095865674,-0.32,0.32,0.08,-1,-6.32,0.68,0.32,0.92,5,2.32,0,0,0.08,0,-19.20270371,-2.546814899,-4.005635262,-6.288835526,-21.9933548,-0.703408086,-5.293634892,-11.99994802,-21.07686043,-18.20032239,-9.836547375,19.20270371,16.09587016,-2.723831978,-2.012427368,-20.23388641,-3.517040429,-12.28123295,0,0,-1.456025791,0
Tb,3,0.09,Li618Tb9P91S500Cl73F27,-6.90183639,-1.108728737,-0.27,0.27,0,-1,-6.225,0.73,0.27,0.91,5,2.45,1.39E-17,-1.39E-17,0,0.09,-19.25971738,-2.546814899,-4.005635262,-6.288835526,-21.9933548,-0.703408086,-5.293634892,-10.14328957,-18.25899124,-14.35330081,-9.921982288,19.25971738,15.85392275,-2.924113741,-1.697985592,-20.01395287,-3.517040429,-12.96940548,-1.41E-16,2.53E-16,0,-0.892978406
Tb,4,0.09,Li609Tb9P91S500Cl64F36,-6.976277088,-1.096898913,-0.36,0.36,0.09,-1,-6.36,0.64,0.36,0.91,5,2.36,0,0,0.09,0,-19.31556816,-2.546814899,-4.005635262,-6.288835526,-21.9933548,-0.703408086,-5.293634892,-11.99994802,-21.07686043,-18.20032239,-9.836547375,19.31556816,16.19774276,-2.563606567,-2.263980789,-20.01395287,-3.517040429,-12.49297834,0,0,-1.638029015,0
Tb,3,0.1,Li62TbP9S50Cl7F3,-6.943749058,-1.110999849,-0.3,0.3,0,-1,-6.25,0.7,0.3,0.9,5,2.5,-1.39E-17,1.39E-17,0,0.1,-19.36659837,-2.546814899,-4.005635262,-6.288835526,-21.9933548,-0.703408086,-5.293634892,-10.14328957,-18.25899124,-14.35330081,-9.921982288,19.36659837,15.91759312,-2.803944683,-1.886650658,-19.79401932,-3.517040429,-13.23408723,1.41E-16,-2.53E-16,0,-0.992198229
Tb,4,0.1,Li61TbP9S50Cl6F4,-7.027081242,-1.097981444,-0.4,0.4,0.1,-1,-6.4,0.6,0.4,0.9,5,2.4,0,0,0.1,0,-19.4280345,-2.546814899,-4.005635262,-6.288835526,-21.9933548,-0.703408086,-5.293634892,-11.99994802,-21.07686043,-18.20032239,-9.836547375,19.4280345,16.29961535,-2.403381157,-2.51553421,-19.79401932,-3.517040429,-12.70472374,0,0,-1.820032239,0
Tc,4,0.01,Li601TcP99S500Cl96F4,-7.584597445,-1.259899908,-0.04,0.04,0,-1,-6.02,0.96,0.04,0.99,5,2.04,0,0,0,0.01,-17.32353842,-2.546814899,-4.005635262,-6.288835526,-21.9933548,-0.703408086,-5.293634892,-4.007853568,-10.78096628,-12.84815669,-5.352142811,17.32353842,15.33182569,-3.845409851,-0.251553421,-21.77342125,-3.517040429,-10.79901518,0,0,0,-0.053521428
Tc,5,0.01,Li600TcP99S500Cl95F5,-7.606575899,-1.259366871,-0.05,0.05,0.01,-1,-6.04,0.95,0.05,0.99,5,2.03,0,0,0.01,0,-17.32452834,-2.546814899,-4.005635262,-6.288835526,-21.9933548,-0.703408086,-5.293634892,-4.902409673,-14.05621147,-15.75304425,-6.183461785,17.32452834,15.38276199,-3.805353498,-0.314441776,-21.77342125,-3.517040429,-10.74607883,0,0,-0.157530442,0
Tc,6,0.01,Li599TcP99S500Cl94F6,-7.564215805,-1.258604959,-0.06,0.06,0,-1,-6.01,0.94,0.06,0.99,5,2.02,0,0,0,0.01,-17.32593448,-2.546814899,-4.005635262,-6.288835526,-21.9933548,-0.703408086,-5.293634892,-5.632729053,-14.84741759,-18.15353596,-7.027638912,17.32593448,15.30635754,-3.765297146,-0.377330132,-21.77342125,-3.517040429,-10.69314248,0,0,0,-0.070276389
Tc,7,0.01,Li598TcP99S500Cl93F7,-7.552994685,-1.257784294,-0.07,0.07,0,-1,-6.005,0.93,0.07,0.99,5,2.01,0,0,0,0.01,-17.32768775,-2.546814899,-4.005635262,-6.288835526,-21.9933548,-0.703408086,-5.293634892,-6.608812332,-16.24100304,-20.87558806,-7.817881286,17.32768775,15.29362347,-3.725240793,-0.440218487,-21.77342125,-3.517040429,-10.64020613,0,0,0,-0.078178813
Tc,4,0.02,Li301TcP49S250Cl46F4,-7.589515146,-1.256542243,-0.08,0.08,0,-1,-6.04,0.92,0.08,0.98,5,2.08,0,0,0,0.02,-17.40434571,-2.546814899,-4.005635262,-6.288835526,-21.9933548,-0.703408086,-5.293634892,-4.007853568,-10.78096628,-12.84815669,-5.352142811,17.40434571,15.38276199,-3.685184441,-0.503106842,-21.5534877,-3.517040429,-11.01076057,0,0,0,-0.107042856
Tc,5,0.02,Li300TcP49S250Cl45F5,-7.630651404,-1.255041349,-0.1,0.1,0.02,-1,-6.08,0.9,0.1,0.98,5,2.06,0,0,0.02,0,-17.40914619,-2.546814899,-4.005635262,-6.288835526,-21.9933548,-0.703408086,-5.293634892,-4.902409673,-14.05621147,-15.75304425,-6.183461785,17.40914619,15.48463459,-3.605071735,-0.628883553,-21.5534877,-3.517040429,-10.90488788,0,0,-0.315060885,0
Tc,6,0.02,Li299TcP49S250Cl44F6,-7.54317354,-1.25301886,-0.12,0.12,0,-1,-6.02,0.88,0.12,0.98,5,2.04,0,0,0,0.02,-17.41471615,-2.546814899,-4.005635262,-6.288835526,-21.9933548,-0.703408086,-5.293634892,-5.632729053,-14.84741759,-18.15353596,-7.027638912,17.41471615,15.33182569,-3.52495903,-0.754660263,-21.5534877,-3.517040429,-10.79901518,0,0,0,-0.140552778
Tc,7,0.02,Li298TcP49S250Cl43F7,-7.518389074,-1.250979879,-0.14,0.14,0,-1,-6.01,0.86,0.14,0.98,5,2.02,0,0,0,0.02,-17.42056492,-2.546814899,-4.005635262,-6.288835526,-21.9933548,-0.703408086,-5.293634892,-6.608812332,-16.24100304,-20.87558806,-7.817881286,17.42056492,15.30635754,-3.444846325,-0.880436974,-21.5534877,-3.517040429,-10.69314248,0,0,0,-0.156357626
Tc,4,0.03,Li603Tc3P97S500Cl88F12,-7.591182193,-1.252670329,-0.12,0.12,0,-1,-6.06,0.88,0.12,0.97,5,2.12,0,0,0,0.03,-17.48840365,-2.546814899,-4.005635262,-6.288835526,-21.9933548,-0.703408086,-5.293634892,-4.007853568,-10.78096628,-12.84815669,-5.352142811,17.48840365,15.43369829,-3.52495903,-0.754660263,-21.33355415,-3.517040429,-11.22250597,0,0,0,-0.160564284
Tc,5,0.03,Li600Tc3P97S500Cl85F15,-7.650477575,-1.250078035,-0.15,0.15,0.03,-1,-6.12,0.85,0.15,0.97,5,2.09,0,0,0.03,0,-17.49801338,-2.546814899,-4.005635262,-6.288835526,-21.9933548,-0.703408086,-5.293634892,-4.902409673,-14.05621147,-15.75304425,-6.183461785,17.49801338,15.58650718,-3.404789972,-0.943325329,-21.33355415,-3.517040429,-11.06369692,0,0,-0.472591327,0
Tc,6,0.03,Li597Tc3P97S500Cl82F18,-7.51793159,-1.246754824,-0.18,0.18,0,-1,-6.03,0.82,0.18,0.97,5,2.06,0,0,0,0.03,-17.5076975,-2.546814899,-4.005635262,-6.288835526,-21.9933548,-0.703408086,-5.293634892,-5.632729053,-14.84741759,-18.15353596,-7.027638912,17.5076975,15.35729384,-3.284620914,-1.131990395,-21.33355415,-3.517040429,-10.90488788,0,0,0,-0.210829167
Tc,7,0.03,Li594Tc3P97S500Cl79F21,-7.481109038,-1.243742151,-0.21,0.21,0,-1,-6.015,0.79,0.21,0.97,5,2.03,0,0,0,0.03,-17.51611651,-2.546814899,-4.005635262,-6.288835526,-21.9933548,-0.703408086,-5.293634892,-6.608812332,-16.24100304,-20.87558806,-7.817881286,17.51611651,15.31909162,-3.164451857,-1.32065546,-21.33355415,-3.517040429,-10.74607883,0,0,0,-0.234536439
Tc,4,0.04,Li151TcP24S125Cl21F4,-7.590522479,-1.248441197,-0.16,0.16,0,-1,-6.08,0.84,0.16,0.96,5,2.16,0,0,0,0.04,-17.57478835,-2.546814899,-4.005635262,-6.288835526,-21.9933548,-0.703408086,-5.293634892,-4.007853568,-10.78096628,-12.84815669,-5.352142811,17.57478835,15.48463459,-3.36473362,-1.006213684,-21.11362061,-3.517040429,-11.43425137,0,0,0,-0.214085712
Tc,5,0.04,Li150TcP24S125Cl20F5,-7.668206974,-1.244838794,-0.2,0.2,0.04,-1,-6.16,0.8,0.2,0.96,5,2.12,0,0,0.04,0,-17.58897734,-2.546814899,-4.005635262,-6.288835526,-21.9933548,-0.703408086,-5.293634892,-4.902409673,-14.05621147,-15.75304425,-6.183461785,17.58897734,15.68837978,-3.204508209,-1.257767105,-21.11362061,-3.517040429,-11.22250597,0,0,-0.63012177,0
Tc,6,0.04,Li149TcP24S125Cl19F6,-7.492689942,-1.24051158,-0.24,0.24,0,-1,-6.04,0.76,0.24,0.96,5,2.08,0,0,0,0.04,-17.60067856,-2.546814899,-4.005635262,-6.288835526,-21.9933548,-0.703408086,-5.293634892,-5.632729053,-14.84741759,-18.15353596,-7.027638912,17.60067856,15.38276199,-3.044282799,-1.509320526,-21.11362061,-3.517040429,-11.01076057,0,0,0,-0.281105556
Tc,7,0.04,Li148TcP24S125Cl18F7,-7.449809123,-1.237509821,-0.28,0.28,0,-1,-6.02,0.72,0.28,0.96,5,2.04,0,0,0,0.04,-17.60568799,-2.546814899,-4.005635262,-6.288835526,-21.9933548,-0.703408086,-5.293634892,-6.608812332,-16.24100304,-20.87558806,-7.817881286,17.60568799,15.33182569,-2.884057388,-1.760873947,-21.11362061,-3.517040429,-10.79901518,0,0,0,-0.312715251
Tc,4,0.05,Li121TcP19S100Cl16F4,-7.588006941,-1.243935564,-0.2,0.2,0,-1,-6.1,0.8,0.2,0.95,5,2.2,0,0,0,0.05,-17.66302888,-2.546814899,-4.005635262,-6.288835526,-21.9933548,-0.703408086,-5.293634892,-4.007853568,-10.78096628,-12.84815669,-5.352142811,17.66302888,15.53557088,-3.204508209,-1.257767105,-20.89368706,-3.517040429,-11.64599676,0,0,0,-0.267607141
Tc,5,0.05,Li120TcP19S100Cl15F5,-7.685473006,-1.23959242,-0.25,0.25,0.05,-1,-6.2,0.75,0.25,0.95,5,2.15,0,0,0.05,0,-17.68040466,-2.546814899,-4.005635262,-6.288835526,-21.9933548,-0.703408086,-5.293634892,-4.902409673,-14.05621147,-15.75304425,-6.183461785,17.68040466,15.79025237,-3.004226446,-1.572208881,-20.89368706,-3.517040429,-11.38131502,0,0,-0.787652212,0
Tc,6,0.05,Li119TcP19S100Cl14F6,-7.472967919,-1.235201309,-0.3,0.3,0,-1,-6.05,0.7,0.3,0.95,5,2.1,-6.94E-18,6.94E-18,0,0.05,-17.68813999,-2.546814899,-4.005635262,-6.288835526,-21.9933548,-0.703408086,-5.293634892,-5.632729053,-14.84741759,-18.15353596,-7.027638912,17.68813999,15.40823014,-2.803944683,-1.886650658,-20.89368706,-3.517040429,-11.11663327,3.91E-17,-1.03E-16,0,-0.351381946
Tc,7,0.05,Li118TcP19S100Cl13F7,-7.435412447,-1.234093352,-0.35,0.35,0,-1,-6.025,0.65,0.35,0.95,5,2.05,-6.94E-18,6.94E-18,0,0.05,-17.67835622,-2.546814899,-4.005635262,-6.288835526,-21.9933548,-0.703408086,-5.293634892,-6.608812332,-16.24100304,-20.87558806,-7.817881286,17.67835622,15.34455977,-2.60366292,-2.201092434,-20.89368706,-3.517040429,-10.85195153,4.59E-17,-1.13E-16,0,-0.390894064
Tc,4,0.06,Li303Tc3P47S250Cl38F12,-7.584131324,-1.239237144,-0.24,0.24,0,-1,-6.12,0.76,0.24,0.94,5,2.24,0,0,0,0.06,-17.75262948,-2.546814899,-4.005635262,-6.288835526,-21.9933548,-0.703408086,-5.293634892,-4.007853568,-10.78096628,-12.84815669,-5.352142811,17.75262948,15.58650718,-3.044282799,-1.509320526,-20.67375351,-3.517040429,-11.85774216,0,0,0,-0.321128569
Tc,5,0.06,Li300Tc3P47S250Cl35F15,-7.70533637,-1.234829547,-0.3,0.3,0.06,-1,-6.24,0.7,0.3,0.94,5,2.18,0,0,0.06,0,-17.76923466,-2.546814899,-4.005635262,-6.288835526,-21.9933548,-0.703408086,-5.293634892,-4.902409673,-14.05621147,-15.75304425,-6.183461785,17.76923466,15.89212497,-2.803944683,-1.886650658,-20.67375351,-3.517040429,-11.54012406,0,0,-0.945182655,0
Tc,6,0.06,Li297Tc3P47S250Cl32F18,-7.465120837,-1.231868125,-0.36,0.36,0,-1,-6.06,0.64,0.36,0.94,5,2.12,0,0,0,0.06,-17.76372648,-2.546814899,-4.005635262,-6.288835526,-21.9933548,-0.703408086,-5.293634892,-5.632729053,-14.84741759,-18.15353596,-7.027638912,17.76372648,15.43369829,-2.563606567,-2.263980789,-20.67375351,-3.517040429,-11.22250597,0,0,0,-0.421658335
Tc,7,0.06,Li294Tc3P47S250Cl29F21,-7.440724048,-1.23395092,-0.42,0.42,0,-1,-6.03,0.58,0.42,0.94,5,2.06,0,0,0,0.06,-17.73131618,-2.546814899,-4.005635262,-6.288835526,-21.9933548,-0.703408086,-5.293634892,-6.608812332,-16.24100304,-20.87558806,-7.817881286,17.73131618,15.35729384,-2.323268452,-2.641310921,-20.67375351,-3.517040429,-10.90488788,0,0,0,-0.469072877
Tc,4,0.07,Li607Tc7P93S500Cl72F28,-7.58020466,-1.23456102,-0.28,0.28,0,-1,-6.14,0.72,0.28,0.93,5,2.28,0,0,0,0.07,-17.84228114,-2.546814899,-4.005635262,-6.288835526,-21.9933548,-0.703408086,-5.293634892,-4.007853568,-10.78096628,-12.84815669,-5.352142811,17.84228114,15.63744348,-2.884057388,-1.760873947,-20.45381996,-3.517040429,-12.06948755,0,0,0,-0.374649997
Tc,5,0.07,Li600Tc7P93S500Cl65F35,-7.731521046,-1.231133924,-0.35,0.35,0.07,-1,-6.28,0.65,0.35,0.93,5,2.21,-1.39E-17,1.39E-17,0.07,0,-17.85174334,-2.546814899,-4.005635262,-6.288835526,-21.9933548,-0.703408086,-5.293634892,-4.902409673,-14.05621147,-15.75304425,-6.183461785,17.85174334,15.99399757,-2.60366292,-2.201092434,-20.45381996,-3.517040429,-11.69893311,6.80E-17,-1.95E-16,-1.102713097,0
Tc,6,0.07,Li593Tc7P93S500Cl58F42,-7.47066136,-1.23075146,-0.42,0.42,0,-1,-6.07,0.58,0.42,0.93,5,2.14,-1.39E-17,1.39E-17,0,0.07,-17.82592536,-2.546814899,-4.005635262,-6.288835526,-21.9933548,-0.703408086,-5.293634892,-5.632729053,-14.84741759,-18.15353596,-7.027638912,17.82592536,15.45916644,-2.323268452,-2.641310921,-20.45381996,-3.517040429,-11.32837867,7.82E-17,-2.06E-16,0,-0.491934724
Tc,7,0.07,Li586Tc7P93S500Cl51F49,-7.454632596,-1.235233239,-0.49,0.49,0,-1,-6.035,0.51,0.49,0.93,5,2.07,-1.39E-17,1.39E-17,0,0.07,-17.77567919,-2.546814899,-4.005635262,-6.288835526,-21.9933548,-0.703408086,-5.293634892,-6.608812332,-16.24100304,-20.87558806,-7.817881286,17.77567919,15.37002792,-2.042873983,-3.081529408,-20.45381996,-3.517040429,-10.95782423,9.17E-17,-2.25E-16,0,-0.54725169
Tc,4,0.08,Li152Tc2P23S125Cl17F8,-7.578068581,-1.230205939,-0.32,0.32,0,-1,-6.16,0.68,0.32,0.92,5,2.32,0,0,0,0.08,-17.9301422,-2.546814899,-4.005635262,-6.288835526,-21.9933548,-0.703408086,-5.293634892,-4.007853568,-10.78096628,-12.84815669,-5.352142811,17.9301422,15.68837978,-2.723831978,-2.012427368,-20.23388641,-3.517040429,-12.28123295,0,0,0,-0.428171425
Tc,5,0.08,Li150Tc2P23S125Cl15F10,-7.765827807,-1.228770223,-0.4,0.4,0.08,-1,-6.32,0.6,0.4,0.92,5,2.24,0,0,0.08,0,-17.92612994,-2.546814899,-4.005635262,-6.288835526,-21.9933548,-0.703408086,-5.293634892,-4.902409673,-14.05621147,-15.75304425,-6.183461785,17.92612994,16.09587016,-2.403381157,-2.51553421,-20.23388641,-3.517040429,-11.85774216,0,0,-1.26024354,0
Tc,6,0.08,Li148Tc2P23S125Cl13F12,-7.482821983,-1.2307273,-0.48,0.48,0,-1,-6.08,0.52,0.48,0.92,5,2.16,0,0,0,0.08,-17.88150414,-2.546814899,-4.005635262,-6.288835526,-21.9933548,-0.703408086,-5.293634892,-5.632729053,-14.84741759,-18.15353596,-7.027638912,17.88150414,15.48463459,-2.082930336,-3.018641052,-20.23388641,-3.517040429,-11.43425137,0,0,0,-0.562211113
Tc,7,0.08,Li146Tc2P23S125Cl11F14,-7.444295843,-1.232499312,-0.56,0.56,0,-1,-6.04,0.44,0.56,0.92,5,2.08,0,0,0,0.08,-17.8442875,-2.546814899,-4.005635262,-6.288835526,-21.9933548,-0.703408086,-5.293634892,-6.608812332,-16.24100304,-20.87558806,-7.817881286,17.8442875,15.38276199,-1.762479515,-3.521747894,-20.23388641,-3.517040429,-11.01076057,0,0,0,-0.625430503
Tc,4,0.09,Li609Tc9P91S500Cl64F36,-7.578977382,-1.226371745,-0.36,0.36,0,-1,-6.18,0.64,0.36,0.91,5,2.36,0,0,0,0.09,-18.01495839,-2.546814899,-4.005635262,-6.288835526,-21.9933548,-0.703408086,-5.293634892,-4.007853568,-10.78096628,-12.84815669,-5.352142811,18.01495839,15.73931608,-2.563606567,-2.263980789,-20.01395287,-3.517040429,-12.49297834,0,0,0,-0.481692853
Tc,5,0.09,Li600Tc9P91S500Cl55F45,-7.806758076,-1.227477685,-0.45,0.45,0.09,-1,-6.36,0.55,0.45,0.91,5,2.27,0,0,0.09,0,-17.99389303,-2.546814899,-4.005635262,-6.288835526,-21.9933548,-0.703408086,-5.293634892,-4.902409673,-14.05621147,-15.75304425,-6.183461785,17.99389303,16.19774276,-2.203099394,-2.829975986,-20.01395287,-3.517040429,-12.0165512,0,0,-1.417773982,0
Tc,6,0.09,Li591Tc9P91S500Cl46F54,-7.480581906,-1.228338572,-0.54,0.54,0,-1,-6.09,0.46,0.54,0.91,5,2.18,1.39E-17,-1.39E-17,0,0.09,-17.95148362,-2.546814899,-4.005635262,-6.288835526,-21.9933548,-0.703408086,-5.293634892,-5.632729053,-14.84741759,-18.15353596,-7.027638912,17.95148362,15.51010274,-1.84259222,-3.395971184,-20.01395287,-3.517040429,-11.54012406,-7.82E-17,2.06E-16,0,-0.632487502
Tc,7,0.09,Li582Tc9P91S500Cl37F63,-7.418912127,-1.227280749,-0.63,0.63,0,-1,-6.045,0.37,0.63,0.91,5,2.09,0,0,0,0.09,-17.92794277,-2.546814899,-4.005635262,-6.288835526,-21.9933548,-0.703408086,-5.293634892,-6.608812332,-16.24100304,-20.87558806,-7.817881286,17.92794277,15.39549606,-1.482085047,-3.961966381,-20.01395287,-3.517040429,-11.06369692,0,0,0,-0.703609316
Tc,4,0.1,Li61TcP9S50Cl6F4,-7.583463012,-1.223139196,-0.4,0.4,0,-1,-6.2,0.6,0.4,0.9,5,2.4,0,0,0,0.1,-18.09619775,-2.546814899,-4.005635262,-6.288835526,-21.9933548,-0.703408086,-5.293634892,-4.007853568,-10.78096628,-12.84815669,-5.352142811,18.09619775,15.79025237,-2.403381157,-2.51553421,-19.79401932,-3.517040429,-12.70472374,0,0,0,-0.535214281
Tc,5,0.1,Li60TcP9S50Cl5F5,-7.846281198,-1.225981437,-0.5,0.5,0.1,-1,-6.4,0.5,0.5,0.9,5,2.3,0,0,0.1,0,-18.06306326,-2.546814899,-4.005635262,-6.288835526,-21.9933548,-0.703408086,-5.293634892,-4.902409673,-14.05621147,-15.75304425,-6.183461785,18.06306326,16.29961535,-2.002817631,-3.144417763,-19.79401932,-3.517040429,-12.17536025,0,0,-1.575304425,0
Tc,6,0.1,Li59TcP9S50Cl4F6,-7.458701727,-1.222737988,-0.6,0.6,0,-1,-6.1,0.4,0.6,0.9,5,2.2,-1.39E-17,1.39E-17,0,0.1,-18.04110321,-2.546814899,-4.005635262,-6.288835526,-21.9933548,-0.703408086,-5.293634892,-5.632729053,-14.84741759,-18.15353596,-7.027638912,18.04110321,15.53557088,-1.602254105,-3.773301315,-19.79401932,-3.517040429,-11.64599676,7.82E-17,-2.06E-16,0,-0.702763891
Tc,7,0.1,Li58TcP9S50Cl3F7,-7.421436574,-1.226683731,-0.7,0.7,0,-1,-6.05,0.3,0.7,0.9,5,2.1,-1.39E-17,1.39E-17,0,0.1,-17.98368988,-2.546814899,-4.005635262,-6.288835526,-21.9933548,-0.703408086,-5.293634892,-6.608812332,-16.24100304,-20.87558806,-7.817881286,17.98368988,15.40823014,-1.201690578,-4.402184868,-19.79401932,-3.517040429,-11.11663327,9.17E-17,-2.25E-16,0,-0.781788129
Th,4,0.01,Li601ThP99S500Cl96F4,-6.319190742,-1.049699459,-0.04,0.04,0,-1,-6.02,0.96,0.04,0.99,5,2.04,0,0,0,0.01,-18.66774406,-2.546814899,-4.005635262,-6.288835526,-21.9933548,-0.703408086,-5.293634892,-12.0855689,-22.16561317,-19.03879595,-13.23203659,18.66774406,15.33182569,-3.845409851,-0.251553421,-21.77342125,-3.517040429,-10.79901518,0,0,0,-0.132320366
Th,4,0.02,Li301ThP49S250Cl46F4,-6.380698803,-1.056407087,-0.08,0.08,0,-1,-6.04,0.92,0.08,0.98,5,2.08,0,0,0,0.02,-18.77075993,-2.546814899,-4.005635262,-6.288835526,-21.9933548,-0.703408086,-5.293634892,-12.0855689,-22.16561317,-19.03879595,-13.23203659,18.77075993,15.38276199,-3.685184441,-0.503106842,-21.5534877,-3.517040429,-11.01076057,0,0,0,-0.264640732
Th,4,0.03,Li603Th3P97S500Cl88F12,-6.441536329,-1.06295979,-0.12,0.12,0,-1,-6.06,0.88,0.12,0.97,5,2.12,0,0,0,0.03,-18.87444633,-2.546814899,-4.005635262,-6.288835526,-21.9933548,-0.703408086,-5.293634892,-12.0855689,-22.16561317,-19.03879595,-13.23203659,18.87444633,15.43369829,-3.52495903,-0.754660263,-21.33355415,-3.517040429,-11.22250597,0,0,0,-0.396961098
Th,4,0.04,Li151ThP24S125Cl21F4,-6.501706752,-1.069359663,-0.16,0.16,0,-1,-6.08,0.84,0.16,0.96,5,2.16,0,0,0,0.04,-18.97879983,-2.546814899,-4.005635262,-6.288835526,-21.9933548,-0.703408086,-5.293634892,-12.0855689,-22.16561317,-19.03879595,-13.23203659,18.97879983,15.48463459,-3.36473362,-1.006213684,-21.11362061,-3.517040429,-11.43425137,0,0,0,-0.529281464
Th,4,0.05,Li121ThP19S100Cl16F4,-6.559587833,-1.075342268,-0.2,0.2,0,-1,-6.1,0.8,0.2,0.95,5,2.2,0,0,0,0.05,-19.08544267,-2.546814899,-4.005635262,-6.288835526,-21.9933548,-0.703408086,-5.293634892,-12.0855689,-22.16561317,-19.03879595,-13.23203659,19.08544267,15.53557088,-3.204508209,-1.257767105,-20.89368706,-3.517040429,-11.64599676,0,0,0,-0.66160183
Th,4,0.06,Li303Th3P47S250Cl38F12,-6.613141351,-1.080578652,-0.24,0.24,0,-1,-6.12,0.76,0.24,0.94,5,2.24,0,0,0,0.06,-19.19641308,-2.546814899,-4.005635262,-6.288835526,-21.9933548,-0.703408086,-5.293634892,-12.0855689,-22.16561317,-19.03879595,-13.23203659,19.19641308,15.58650718,-3.044282799,-1.509320526,-20.67375351,-3.517040429,-11.85774216,0,0,0,-0.793922195
Th,4,0.07,Li607Th7P93S500Cl72F28,-6.661798342,-1.084983443,-0.28,0.28,0,-1,-6.14,0.72,0.28,0.93,5,2.28,0,0,0,0.07,-19.31228002,-2.546814899,-4.005635262,-6.288835526,-21.9933548,-0.703408086,-5.293634892,-12.0855689,-22.16561317,-19.03879595,-13.23203659,19.31228002,15.63744348,-2.884057388,-1.760873947,-20.45381996,-3.517040429,-12.06948755,0,0,0,-0.926242561
Th,4,0.08,Li152Th2P23S125Cl17F8,-6.707316104,-1.088850017,-0.32,0.32,0,-1,-6.16,0.68,0.32,0.92,5,2.32,0,0,0,0.08,-19.43128618,-2.546814899,-4.005635262,-6.288835526,-21.9933548,-0.703408086,-5.293634892,-12.0855689,-22.16561317,-19.03879595,-13.23203659,19.43128618,15.68837978,-2.723831978,-2.012427368,-20.23388641,-3.517040429,-12.28123295,0,0,0,-1.058562927
Th,4,0.09,Li609Th9P91S500Cl64F36,-6.753487487,-1.092797328,-0.36,0.36,0,-1,-6.18,0.64,0.36,0.91,5,2.36,0,0,0,0.09,-19.54963873,-2.546814899,-4.005635262,-6.288835526,-21.9933548,-0.703408086,-5.293634892,-12.0855689,-22.16561317,-19.03879595,-13.23203659,19.54963873,15.73931608,-2.563606567,-2.263980789,-20.01395287,-3.517040429,-12.49297834,0,0,0,-1.190883293
Th,4,0.1,Li61ThP9S50Cl6F4,-6.804974293,-1.097576499,-0.4,0.4,0,-1,-6.2,0.6,0.4,0.9,5,2.4,0,0,0,0.1,-19.66267585,-2.546814899,-4.005635262,-6.288835526,-21.9933548,-0.703408086,-5.293634892,-12.0855689,-22.16561317,-19.03879595,-13.23203659,19.66267585,15.79025237,-2.403381157,-2.51553421,-19.79401932,-3.517040429,-12.70472374,0,0,0,-1.323203659
Ti,2,0.01,Li603TiP99S500Cl98F2,-7.248740228,-1.200122554,-0.02,0.02,0.01,-1,-6.04,0.98,0.02,0.99,5,2.06,0,0,0.01,0,-17.71219026,-2.546814899,-4.005635262,-6.288835526,-21.9933548,-0.703408086,-5.293634892,-4.808730125,-10.39964676,-9.70436573,-5.660446644,17.71219026,15.38276199,-3.925522556,-0.125776711,-21.77342125,-3.517040429,-10.90488788,0,0,-0.097043657,0
Ti,3,0.01,Li602TiP99S500Cl97F3,-7.241882301,-1.201972166,-0.03,0.03,0,-1,-6.025,0.97,0.03,0.99,5,2.05,0,0,0,0.01,-17.71176803,-2.546814899,-4.005635262,-6.288835526,-21.9933548,-0.703408086,-5.293634892,-7.098315239,-14.69857216,-13.245193,-8.166562319,17.71176803,15.34455977,-3.885466204,-0.188665066,-21.77342125,-3.517040429,-10.85195153,0,0,0,-0.081665623
Ti,4,0.01,Li601TiP99S500Cl96F4,-7.246307673,-1.203705593,-0.04,0.04,0,-1,-6.02,0.96,0.04,0.99,5,2.04,0,0,0,0.01,-17.71184512,-2.546814899,-4.005635262,-6.288835526,-21.9933548,-0.703408086,-5.293634892,-8.536599874,-18.29090834,-17.48418438,-10.35383606,17.71184512,15.33182569,-3.845409851,-0.251553421,-21.77342125,-3.517040429,-10.79901518,0,0,0,-0.103538361
Ti,2,0.02,Li303TiP49S250Cl48F2,-7.303376068,-1.201213169,-0.04,0.04,0.02,-1,-6.08,0.96,0.04,0.98,5,2.12,0,0,0.02,0,-17.79607403,-2.546814899,-4.005635262,-6.288835526,-21.9933548,-0.703408086,-5.293634892,-4.808730125,-10.39964676,-9.70436573,-5.660446644,17.79607403,15.48463459,-3.845409851,-0.251553421,-21.5534877,-3.517040429,-11.22250597,0,0,-0.194087315,0
Ti,3,0.02,Li302TiP49S250Cl47F3,-7.286789745,-1.204428057,-0.06,0.06,0,-1,-6.05,0.94,0.06,0.98,5,2.1,0,0,0,0.02,-17.79810004,-2.546814899,-4.005635262,-6.288835526,-21.9933548,-0.703408086,-5.293634892,-7.098315239,-14.69857216,-13.245193,-8.166562319,17.79810004,15.40823014,-3.765297146,-0.377330132,-21.5534877,-3.517040429,-11.11663327,0,0,0,-0.163331246
Ti,4,0.02,Li301TiP49S250Cl46F4,-7.292208591,-1.207319303,-0.08,0.08,0,-1,-6.04,0.92,0.08,0.98,5,2.08,0,0,0,0.02,-17.80168613,-2.546814899,-4.005635262,-6.288835526,-21.9933548,-0.703408086,-5.293634892,-8.536599874,-18.29090834,-17.48418438,-10.35383606,17.80168613,15.38276199,-3.685184441,-0.503106842,-21.5534877,-3.517040429,-11.01076057,0,0,0,-0.207076721
Ti,2,0.03,Li609Ti3P97S500Cl94F6,-7.356735612,-1.202080982,-0.06,0.06,0.03,-1,-6.12,0.94,0.06,0.97,5,2.18,0,0,0.03,0,-17.8812341,-2.546814899,-4.005635262,-6.288835526,-21.9933548,-0.703408086,-5.293634892,-4.808730125,-10.39964676,-9.70436573,-5.660446644,17.8812341,15.58650718,-3.765297146,-0.377330132,-21.33355415,-3.517040429,-11.54012406,0,0,-0.291130972,0
Ti,3,0.03,Li606Ti3P97S500Cl91F9,-7.328293096,-1.20630339,-0.09,0.09,0,-1,-6.075,0.91,0.09,0.97,5,2.15,0,0,0,0.03,-17.88783615,-2.546814899,-4.005635262,-6.288835526,-21.9933548,-0.703408086,-5.293634892,-7.098315239,-14.69857216,-13.245193,-8.166562319,17.88783615,15.47190051,-3.645128088,-0.565995197,-21.33355415,-3.517040429,-11.38131502,0,0,0,-0.24499687
Ti,4,0.03,Li603Ti3P97S500Cl88F12,-7.33274538,-1.21002399,-0.12,0.12,0,-1,-6.06,0.88,0.12,0.97,5,2.12,0,0,0,0.03,-17.89689126,-2.546814899,-4.005635262,-6.288835526,-21.9933548,-0.703408086,-5.293634892,-8.536599874,-18.29090834,-17.48418438,-10.35383606,17.89689126,15.43369829,-3.52495903,-0.754660263,-21.33355415,-3.517040429,-11.22250597,0,0,0,-0.310615082
Ti,2,0.04,Li153TiP24S125Cl23F2,-7.408767653,-1.202722022,-0.08,0.08,0.04,-1,-6.16,0.92,0.08,0.96,5,2.24,0,0,0.04,0,-17.96772167,-2.546814899,-4.005635262,-6.288835526,-21.9933548,-0.703408086,-5.293634892,-4.808730125,-10.39964676,-9.70436573,-5.660446644,17.96772167,15.68837978,-3.685184441,-0.503106842,-21.11362061,-3.517040429,-11.85774216,0,0,-0.388174629,0
Ti,3,0.04,Li152TiP24S125Cl22F3,-7.366976304,-1.207701033,-0.12,0.12,0,-1,-6.1,0.88,0.12,0.96,5,2.2,0,0,0,0.04,-17.98039239,-2.546814899,-4.005635262,-6.288835526,-21.9933548,-0.703408086,-5.293634892,-7.098315239,-14.69857216,-13.245193,-8.166562319,17.98039239,15.53557088,-3.52495903,-0.754660263,-21.11362061,-3.517040429,-11.64599676,0,0,0,-0.326662493
Ti,4,0.04,Li151TiP24S125Cl21F4,-7.369227275,-1.21204396,-0.16,0.16,0,-1,-6.08,0.84,0.16,0.96,5,2.16,0,0,0,0.04,-17.99615129,-2.546814899,-4.005635262,-6.288835526,-21.9933548,-0.703408086,-5.293634892,-8.536599874,-18.29090834,-17.48418438,-10.35383606,17.99615129,15.48463459,-3.36473362,-1.006213684,-21.11362061,-3.517040429,-11.43425137,0,0,0,-0.414153442
Ti,2,0.05,Li123TiP19S100Cl18F2,-7.459307717,-1.203114148,-0.1,0.1,0.05,-1,-6.2,0.9,0.1,0.95,5,2.3,0,0,0.05,0,-18.05570122,-2.546814899,-4.005635262,-6.288835526,-21.9933548,-0.703408086,-5.293634892,-4.808730125,-10.39964676,-9.70436573,-5.660446644,18.05570122,15.79025237,-3.605071735,-0.628883553,-20.89368706,-3.517040429,-12.17536025,0,0,-0.485218287,0
Ti,3,0.05,Li122TiP19S100Cl17F3,-7.402911637,-1.208638635,-0.15,0.15,0,-1,-6.125,0.85,0.15,0.95,5,2.25,-6.94E-18,6.94E-18,0,0.05,-18.07569652,-2.546814899,-4.005635262,-6.288835526,-21.9933548,-0.703408086,-5.293634892,-7.098315239,-14.69857216,-13.245193,-8.166562319,18.07569652,15.59924126,-3.404789972,-0.943325329,-20.89368706,-3.517040429,-11.91067851,4.93E-17,-1.02E-16,0,-0.408328116
Ti,4,0.05,Li121TiP19S100Cl16F4,-7.401544115,-1.213367888,-0.2,0.2,0,-1,-6.1,0.8,0.2,0.95,5,2.2,0,0,0,0.05,-18.09957637,-2.546814899,-4.005635262,-6.288835526,-21.9933548,-0.703408086,-5.293634892,-8.536599874,-18.29090834,-17.48418438,-10.35383606,18.09957637,15.53557088,-3.204508209,-1.257767105,-20.89368706,-3.517040429,-11.64599676,0,0,0,-0.517691803
Ti,2,0.06,Li309Ti3P47S250Cl44F6,-7.508021784,-1.203208619,-0.12,0.12,0.06,-1,-6.24,0.88,0.12,0.94,5,2.36,0,0,0.06,0,-18.14550677,-2.546814899,-4.005635262,-6.288835526,-21.9933548,-0.703408086,-5.293634892,-4.808730125,-10.39964676,-9.70436573,-5.660446644,18.14550677,15.89212497,-3.52495903,-0.754660263,-20.67375351,-3.517040429,-12.49297834,0,0,-0.582261944,0
Ti,3,0.06,Li306Ti3P47S250Cl41F9,-7.435912252,-1.209091423,-0.18,0.18,0,-1,-6.15,0.82,0.18,0.94,5,2.3,0,0,0,0.06,-18.17393536,-2.546814899,-4.005635262,-6.288835526,-21.9933548,-0.703408086,-5.293634892,-7.098315239,-14.69857216,-13.245193,-8.166562319,18.17393536,15.66291163,-3.284620914,-1.131990395,-20.67375351,-3.517040429,-12.17536025,0,0,0,-0.489993739
Ti,4,0.06,Li303Ti3P47S250Cl38F12,-7.43003381,-1.214057812,-0.24,0.24,0,-1,-6.12,0.76,0.24,0.94,5,2.24,0,0,0,0.06,-18.20682859,-2.546814899,-4.005635262,-6.288835526,-21.9933548,-0.703408086,-5.293634892,-8.536599874,-18.29090834,-17.48418438,-10.35383606,18.20682859,15.58650718,-3.044282799,-1.509320526,-20.67375351,-3.517040429,-11.85774216,0,0,0,-0.621230164
Ti,2,0.07,Li621Ti7P93S500Cl86F14,-7.554538226,-1.202951947,-0.14,0.14,0.07,-1,-6.28,0.86,0.14,0.93,5,2.42,0,0,0.07,0,-18.23750994,-2.546814899,-4.005635262,-6.288835526,-21.9933548,-0.703408086,-5.293634892,-4.808730125,-10.39964676,-9.70436573,-5.660446644,18.23750994,15.99399757,-3.444846325,-0.880436974,-20.45381996,-3.517040429,-12.81059644,0,0,-0.679305601,0
Ti,3,0.07,Li614Ti7P93S500Cl79F21,-7.466188105,-1.209099288,-0.21,0.21,0,-1,-6.175,0.79,0.21,0.93,5,2.35,-1.39E-17,1.39E-17,0,0.07,-18.27489896,-2.546814899,-4.005635262,-6.288835526,-21.9933548,-0.703408086,-5.293634892,-7.098315239,-14.69857216,-13.245193,-8.166562319,18.27489896,15.726582,-3.164451857,-1.32065546,-20.45381996,-3.517040429,-12.440042,9.85E-17,-2.04E-16,0,-0.571659362
Ti,4,0.07,Li607Ti7P93S500Cl72F28,-7.456118188,-1.214351496,-0.28,0.28,0,-1,-6.14,0.72,0.28,0.93,5,2.28,0,0,0,0.07,-18.31648613,-2.546814899,-4.005635262,-6.288835526,-21.9933548,-0.703408086,-5.293634892,-8.536599874,-18.29090834,-17.48418438,-10.35383606,18.31648613,15.63744348,-2.884057388,-1.760873947,-20.45381996,-3.517040429,-12.06948755,0,0,0,-0.724768524
Ti,2,0.08,Li156Ti2P23S125Cl21F4,-7.598636817,-1.202315952,-0.16,0.16,0.08,-1,-6.32,0.84,0.16,0.92,5,2.48,0,0,0.08,0,-18.33193096,-2.546814899,-4.005635262,-6.288835526,-21.9933548,-0.703408086,-5.293634892,-4.808730125,-10.39964676,-9.70436573,-5.660446644,18.33193096,16.09587016,-3.36473362,-1.006213684,-20.23388641,-3.517040429,-13.12821453,0,0,-0.776349258,0
Ti,3,0.08,Li154Ti2P23S125Cl19F6,-7.494306623,-1.208759133,-0.24,0.24,0,-1,-6.2,0.76,0.24,0.92,5,2.4,0,0,0,0.08,-18.3780199,-2.546814899,-4.005635262,-6.288835526,-21.9933548,-0.703408086,-5.293634892,-7.098315239,-14.69857216,-13.245193,-8.166562319,18.3780199,15.79025237,-3.044282799,-1.509320526,-20.23388641,-3.517040429,-12.70472374,0,0,0,-0.653324986
Ti,4,0.08,Li152Ti2P23S125Cl17F8,-7.480970856,-1.214443321,-0.32,0.32,0,-1,-6.16,0.68,0.32,0.92,5,2.32,0,0,0,0.08,-18.42737539,-2.546814899,-4.005635262,-6.288835526,-21.9933548,-0.703408086,-5.293634892,-8.536599874,-18.29090834,-17.48418438,-10.35383606,18.42737539,15.68837978,-2.723831978,-2.012427368,-20.23388641,-3.517040429,-12.28123295,0,0,0,-0.828306885
Ti,2,0.09,Li627Ti9P91S500Cl82F18,-7.640346981,-1.201312418,-0.18,0.18,0.09,-1,-6.36,0.82,0.18,0.91,5,2.54,0,0,0.09,0,-18.4287404,-2.546814899,-4.005635262,-6.288835526,-21.9933548,-0.703408086,-5.293634892,-4.808730125,-10.39964676,-9.70436573,-5.660446644,18.4287404,16.19774276,-3.284620914,-1.131990395,-20.01395287,-3.517040429,-13.44583262,0,0,-0.873392916,0
Ti,3,0.09,Li618Ti9P91S500Cl73F27,-7.520661208,-1.208138347,-0.27,0.27,0,-1,-6.225,0.73,0.27,0.91,5,2.45,1.39E-17,-1.39E-17,0,0.09,-18.48290477,-2.546814899,-4.005635262,-6.288835526,-21.9933548,-0.703408086,-5.293634892,-7.098315239,-14.69857216,-13.245193,-8.166562319,18.48290477,15.85392275,-2.924113741,-1.697985592,-20.01395287,-3.517040429,-12.96940548,-9.85E-17,2.04E-16,0,-0.734990609
Ti,4,0.09,Li609Ti9P91S500Cl64F36,-7.505843924,-1.214537852,-0.36,0.36,0,-1,-6.18,0.64,0.36,0.91,5,2.36,0,0,0,0.09,-18.53824424,-2.546814899,-4.005635262,-6.288835526,-21.9933548,-0.703408086,-5.293634892,-8.536599874,-18.29090834,-17.48418438,-10.35383606,18.53824424,15.73931608,-2.563606567,-2.263980789,-20.01395287,-3.517040429,-12.49297834,0,0,0,-0.931845245
Ti,2,0.1,Li63TiP9S50Cl8F2,-7.679891971,-1.19998312,-0.2,0.2,0.1,-1,-6.4,0.8,0.2,0.9,5,2.6,0,0,0.1,0,-18.52771503,-2.546814899,-4.005635262,-6.288835526,-21.9933548,-0.703408086,-5.293634892,-4.808730125,-10.39964676,-9.70436573,-5.660446644,18.52771503,16.29961535,-3.204508209,-1.257767105,-19.79401932,-3.517040429,-13.76345072,0,0,-0.970436573,0
Ti,3,0.1,Li62TiP9S50Cl7F3,-7.545290506,-1.207246481,-0.3,0.3,0,-1,-6.25,0.7,0.3,0.9,5,2.5,-1.39E-17,1.39E-17,0,0.1,-18.58951492,-2.546814899,-4.005635262,-6.288835526,-21.9933548,-0.703408086,-5.293634892,-7.098315239,-14.69857216,-13.245193,-8.166562319,18.58951492,15.91759312,-2.803944683,-1.886650658,-19.79401932,-3.517040429,-13.23408723,9.85E-17,-2.04E-16,0,-0.816656232
Ti,4,0.1,Li61TiP9S50Cl6F4,-7.532711696,-1.214953499,-0.4,0.4,0,-1,-6.2,0.6,0.4,0.9,5,2.4,0,0,0,0.1,-18.64711839,-2.546814899,-4.005635262,-6.288835526,-21.9933548,-0.703408086,-5.293634892,-8.536599874,-18.29090834,-17.48418438,-10.35383606,18.64711839,15.79025237,-2.403381157,-2.51553421,-19.79401932,-3.517040429,-12.70472374,0,0,0,-1.035383606
Tl,1,0.01,Li604TlP99S500Cl99F,-7.185418061,-1.189638752,-0.02,0.01,0,-1,-6.04,0.98,0.01,0.99,5,2.08,0.01,0,0,0,-17.74784652,-2.546814899,-4.005635262,-6.288835526,-21.9933548,-0.703408086,-5.293634892,-2.639340401,-3.719282627,-2.94320941,-1.198011696,17.74784652,15.38276199,-3.925522556,-0.062888355,-21.77342125,-3.517040429,-11.01076057,-0.026393404,0,0,0
Tl,3,0.01,Li602TlP99S500Cl97F3,-7.18841761,-1.190135366,-0.06,0.03,0,-1,-6.04,0.94,0.03,0.99,5,2.08,0.01,0,0,0,-17.73439462,-2.546814899,-4.005635262,-6.288835526,-21.9933548,-0.703408086,-5.293634892,-5.038975239,-7.789525509,-8.238325238,-2.699317932,17.73439462,15.38276199,-3.765297146,-0.188665066,-21.77342125,-3.517040429,-11.01076057,-0.050389752,0,0,0
Tl,1,0.02,Li304TlP49S250Cl49F,-7.219464525,-1.187411929,-0.04,0.02,0,-1,-6.08,0.96,0.02,0.98,5,2.16,0.02,0,0,0,-17.82465375,-2.546814899,-4.005635262,-6.288835526,-21.9933548,-0.703408086,-5.293634892,-2.639340401,-3.719282627,-2.94320941,-1.198011696,17.82465375,15.48463459,-3.845409851,-0.125776711,-21.5534877,-3.517040429,-11.43425137,-0.052786808,0,0,0
Tl,3,0.02,Li302TlP49S250Cl47F3,-7.216604261,-1.18694149,-0.12,0.06,0,-1,-6.08,0.88,0.06,0.98,5,2.16,0.02,0,0,0,-17.80660932,-2.546814899,-4.005635262,-6.288835526,-21.9933548,-0.703408086,-5.293634892,-5.038975239,-7.789525509,-8.238325238,-2.699317932,17.80660932,15.48463459,-3.52495903,-0.377330132,-21.5534877,-3.517040429,-11.43425137,-0.100779505,0,0,0
Tl,1,0.03,Li612Tl3P97S500Cl97F3,-7.256700878,-1.185735438,-0.06,0.03,0,-1,-6.12,0.94,0.03,0.97,5,2.24,0.03,0,0,0,-17.8982711,-2.546814899,-4.005635262,-6.288835526,-21.9933548,-0.703408086,-5.293634892,-2.639340401,-3.719282627,-2.94320941,-1.198011696,17.8982711,15.58650718,-3.765297146,-0.188665066,-21.33355415,-3.517040429,-11.85774216,-0.079180212,0,0,0
Tl,3,0.03,Li606Tl3P97S500Cl91F9,-7.239485695,-1.182922499,-0.18,0.09,0,-1,-6.12,0.82,0.09,0.97,5,2.24,0.03,0,0,0,-17.88412923,-2.546814899,-4.005635262,-6.288835526,-21.9933548,-0.703408086,-5.293634892,-5.038975239,-7.789525509,-8.238325238,-2.699317932,17.88412923,15.58650718,-3.284620914,-0.565995197,-21.33355415,-3.517040429,-11.85774216,-0.151169257,0,0,0
Tl,1,0.04,Li154TlP24S125Cl24F,-7.296810842,-1.184547215,-0.08,0.04,0,-1,-6.16,0.92,0.04,0.96,5,2.32,0.04,0,0,0,-17.96901484,-2.546814899,-4.005635262,-6.288835526,-21.9933548,-0.703408086,-5.293634892,-2.639340401,-3.719282627,-2.94320941,-1.198011696,17.96901484,15.68837978,-3.685184441,-0.251553421,-21.11362061,-3.517040429,-12.28123295,-0.105573616,0,0,0
Tl,3,0.04,Li152TlP24S125Cl22F3,-7.258438388,-1.17831792,-0.24,0.12,0,-1,-6.16,0.76,0.12,0.96,5,2.32,0.04,0,0,0,-17.96557789,-2.546814899,-4.005635262,-6.288835526,-21.9933548,-0.703408086,-5.293634892,-5.038975239,-7.789525509,-8.238325238,-2.699317932,17.96557789,15.68837978,-3.044282799,-0.754660263,-21.11362061,-3.517040429,-12.28123295,-0.20155901,0,0,0
Tl,1,0.05,Li124TlP19S100Cl19F,-7.339110433,-1.183727489,-0.1,0.05,0,-1,-6.2,0.9,0.05,0.95,5,2.4,0.05,0,0,0,-18.03756895,-2.546814899,-4.005635262,-6.288835526,-21.9933548,-0.703408086,-5.293634892,-2.639340401,-3.719282627,-2.94320941,-1.198011696,18.03756895,15.79025237,-3.605071735,-0.314441776,-20.89368706,-3.517040429,-12.70472374,-0.13196702,0,0,0
Tl,3,0.05,Li122TlP19S100Cl17F3,-7.274961375,-1.173380867,-0.3,0.15,0,-1,-6.2,0.7,0.15,0.95,5,2.4,0.05,6.94E-18,0,6.94E-18,-18.04945625,-2.546814899,-4.005635262,-6.288835526,-21.9933548,-0.703408086,-5.293634892,-5.038975239,-7.789525509,-8.238325238,-2.699317932,18.04945625,15.79025237,-2.803944683,-0.943325329,-20.89368706,-3.517040429,-12.70472374,-0.251948762,-5.41E-17,0,-1.87E-17
Tl,1,0.06,Li312Tl3P47S250Cl47F3,-7.382526667,-1.183097222,-0.12,0.06,0,-1,-6.24,0.88,0.06,0.94,5,2.48,0.06,0,0,0,-18.10500642,-2.546814899,-4.005635262,-6.288835526,-21.9933548,-0.703408086,-5.293634892,-2.639340401,-3.719282627,-2.94320941,-1.198011696,18.10500642,15.89212497,-3.52495903,-0.377330132,-20.67375351,-3.517040429,-13.12821453,-0.158360424,0,0,0
Tl,3,0.06,Li306Tl3P47S250Cl41F9,-7.289712126,-1.168223097,-0.36,0.18,0,-1,-6.24,0.64,0.18,0.94,5,2.48,0.06,0,0,0,-18.13510685,-2.546814899,-4.005635262,-6.288835526,-21.9933548,-0.703408086,-5.293634892,-5.038975239,-7.789525509,-8.238325238,-2.699317932,18.13510685,15.89212497,-2.563606567,-1.131990395,-20.67375351,-3.517040429,-13.12821453,-0.302338514,0,0,0
Tl,1,0.07,Li628Tl7P93S500Cl93F7,-7.425780204,-1.182449077,-0.14,0.07,0,-1,-6.28,0.86,0.07,0.93,5,2.56,0.07,0,0,0,-18.17260658,-2.546814899,-4.005635262,-6.288835526,-21.9933548,-0.703408086,-5.293634892,-2.639340401,-3.719282627,-2.94320941,-1.198011696,18.17260658,15.99399757,-3.444846325,-0.440218487,-20.45381996,-3.517040429,-13.55170532,-0.184753828,0,0,0
Tl,3,0.07,Li614Tl7P93S500Cl79F21,-7.302894789,-1.162881336,-0.42,0.21,0,-1,-6.28,0.58,0.21,0.93,5,2.56,0.07,1.39E-17,0,1.39E-17,-18.22232554,-2.546814899,-4.005635262,-6.288835526,-21.9933548,-0.703408086,-5.293634892,-5.038975239,-7.789525509,-8.238325238,-2.699317932,18.22232554,15.99399757,-2.323268452,-1.32065546,-20.45381996,-3.517040429,-13.55170532,-0.352728267,-1.08E-16,0,-3.75E-17
Tl,1,0.08,Li158Tl2P23S125Cl23F2,-7.467979478,-1.181642322,-0.16,0.08,0,-1,-6.32,0.84,0.08,0.92,5,2.64,0.08,0,0,0,-18.24126101,-2.546814899,-4.005635262,-6.288835526,-21.9933548,-0.703408086,-5.293634892,-2.639340401,-3.719282627,-2.94320941,-1.198011696,18.24126101,16.09587016,-3.36473362,-0.503106842,-20.23388641,-3.517040429,-13.97519611,-0.211147232,0,0,0
Tl,3,0.08,Li154Tl2P23S125Cl19F6,-7.31518073,-1.157465305,-0.48,0.24,0,-1,-6.32,0.52,0.24,0.92,5,2.64,0.08,0,0,0,-18.31044095,-2.546814899,-4.005635262,-6.288835526,-21.9933548,-0.703408086,-5.293634892,-5.038975239,-7.789525509,-8.238325238,-2.699317932,18.31044095,16.09587016,-2.082930336,-1.509320526,-20.23388641,-3.517040429,-13.97519611,-0.403118019,0,0,0
Tl,1,0.09,Li636Tl9P91S500Cl91F9,-7.509158692,-1.180685329,-0.18,0.09,0,-1,-6.36,0.82,0.09,0.91,5,2.72,0.09,0,0,0,-18.3109355,-2.546814899,-4.005635262,-6.288835526,-21.9933548,-0.703408086,-5.293634892,-2.639340401,-3.719282627,-2.94320941,-1.198011696,18.3109355,16.19774276,-3.284620914,-0.565995197,-20.01395287,-3.517040429,-14.3986869,-0.237540636,0,0,0
Tl,3,0.09,Li618Tl9P91S500Cl73F27,-7.327438693,-1.152113002,-0.54,0.27,0,-1,-6.36,0.46,0.27,0.91,5,2.72,0.09,-1.39E-17,0,-1.39E-17,-18.39858433,-2.546814899,-4.005635262,-6.288835526,-21.9933548,-0.703408086,-5.293634892,-5.038975239,-7.789525509,-8.238325238,-2.699317932,18.39858433,16.19774276,-1.84259222,-1.697985592,-20.01395287,-3.517040429,-14.3986869,-0.453507771,1.08E-16,0,3.75E-17
Tl,1,0.1,Li64TlP9S50Cl9F,-7.549747124,-1.179647988,-0.2,0.1,0,-1,-6.4,0.8,0.1,0.9,5,2.8,0.1,0,0,0,-18.38120077,-2.546814899,-4.005635262,-6.288835526,-21.9933548,-0.703408086,-5.293634892,-2.639340401,-3.719282627,-2.94320941,-1.198011696,18.38120077,16.29961535,-3.204508209,-0.628883553,-19.79401932,-3.517040429,-14.8221777,-0.26393404,0,0,0
Tl,3,0.1,Li62TlP9S50Cl7F3,-7.340040746,-1.146881367,-0.6,0.3,0,-1,-6.4,0.4,0.3,0.9,5,2.8,0.1,1.39E-17,0,1.39E-17,-18.48638363,-2.546814899,-4.005635262,-6.288835526,-21.9933548,-0.703408086,-5.293634892,-5.038975239,-7.789525509,-8.238325238,-2.699317932,18.48638363,16.29961535,-1.602254105,-1.886650658,-19.79401932,-3.517040429,-14.8221777,-0.503897524,-1.08E-16,0,-3.75E-17
Tm,2,0.01,Li603TmP99S500Cl98F2,-6.633174766,-1.098207743,-0.02,0.02,0.01,-1,-6.04,0.98,0.02,0.99,5,2.06,0,0,0.01,0,-18.34207085,-2.546814899,-4.005635262,-6.288835526,-21.9933548,-0.703408086,-5.293634892,-6.446648598,-12.91895342,-11.13587856,-6.647715569,18.34207085,15.38276199,-3.925522556,-0.125776711,-21.77342125,-3.517040429,-10.90488788,0,0,-0.111358786,0
Tm,3,0.01,Li602TmP99S500Cl97F3,-6.629316783,-1.100301541,-0.03,0.03,0,-1,-6.025,0.97,0.03,0.99,5,2.05,0,0,0,0.01,-18.3439559,-2.546814899,-4.005635262,-6.288835526,-21.9933548,-0.703408086,-5.293634892,-10.06028366,-16.74168205,-14.55885792,-10.12879729,18.3439559,15.34455977,-3.885466204,-0.188665066,-21.77342125,-3.517040429,-10.85195153,0,0,0,-0.101287973
Tm,2,0.02,Li303TmP49S250Cl48F2,-6.694178678,-1.10101623,-0.04,0.04,0.02,-1,-6.08,0.96,0.04,0.98,5,2.12,0,0,0.02,0,-18.43390168,-2.546814899,-4.005635262,-6.288835526,-21.9933548,-0.703408086,-5.293634892,-6.446648598,-12.91895342,-11.13587856,-6.647715569,18.43390168,15.48463459,-3.845409851,-0.251553421,-21.5534877,-3.517040429,-11.22250597,0,0,-0.222717571,0
Tm,3,0.02,Li302TmP49S250Cl47F3,-6.683952707,-1.104785571,-0.06,0.06,0,-1,-6.05,0.94,0.06,0.98,5,2.1,0,0,0,0.02,-18.44018178,-2.546814899,-4.005635262,-6.288835526,-21.9933548,-0.703408086,-5.293634892,-10.06028366,-16.74168205,-14.55885792,-10.12879729,18.44018178,15.40823014,-3.765297146,-0.377330132,-21.5534877,-3.517040429,-11.11663327,0,0,0,-0.202575946
Tm,2,0.03,Li609Tm3P97S500Cl94F6,-6.75593624,-1.10391115,-0.06,0.06,0.03,-1,-6.12,0.94,0.06,0.97,5,2.18,0,0,0.03,0,-18.52497886,-2.546814899,-4.005635262,-6.288835526,-21.9933548,-0.703408086,-5.293634892,-6.446648598,-12.91895342,-11.13587856,-6.647715569,18.52497886,15.58650718,-3.765297146,-0.377330132,-21.33355415,-3.517040429,-11.54012406,0,0,-0.334076357,0
Tm,3,0.03,Li606Tm3P97S500Cl91F9,-6.73774002,-1.109093007,-0.09,0.09,0,-1,-6.075,0.91,0.09,0.97,5,2.15,0,0,0,0.03,-18.53725627,-2.546814899,-4.005635262,-6.288835526,-21.9933548,-0.703408086,-5.293634892,-10.06028366,-16.74168205,-14.55885792,-10.12879729,18.53725627,15.47190051,-3.645128088,-0.565995197,-21.33355415,-3.517040429,-11.38131502,0,0,0,-0.303863919
Tm,2,0.04,Li153TmP24S125Cl23F2,-6.818049117,-1.106826155,-0.08,0.08,0.04,-1,-6.16,0.92,0.08,0.96,5,2.24,0,0,0.04,0,-18.61570072,-2.546814899,-4.005635262,-6.288835526,-21.9933548,-0.703408086,-5.293634892,-6.446648598,-12.91895342,-11.13587856,-6.647715569,18.61570072,15.68837978,-3.685184441,-0.503106842,-21.11362061,-3.517040429,-11.85774216,0,0,-0.445435143,0
Tm,3,0.04,Li152TmP24S125Cl22F3,-6.790655512,-1.113222215,-0.12,0.12,0,-1,-6.1,0.88,0.12,0.96,5,2.2,0,0,0,0.04,-18.63520258,-2.546814899,-4.005635262,-6.288835526,-21.9933548,-0.703408086,-5.293634892,-10.06028366,-16.74168205,-14.55885792,-10.12879729,18.63520258,15.53557088,-3.52495903,-0.754660263,-21.11362061,-3.517040429,-11.64599676,0,0,0,-0.405151892
Tm,2,0.05,Li123TmP19S100Cl18F2,-6.879884832,-1.109658844,-0.1,0.1,0.05,-1,-6.2,0.9,0.1,0.95,5,2.3,0,0,0.05,0,-18.70669975,-2.546814899,-4.005635262,-6.288835526,-21.9933548,-0.703408086,-5.293634892,-6.446648598,-12.91895342,-11.13587856,-6.647715569,18.70669975,15.79025237,-3.605071735,-0.628883553,-20.89368706,-3.517040429,-12.17536025,0,0,-0.556793928,0
Tm,3,0.05,Li122TmP19S100Cl17F3,-6.842194865,-1.117093039,-0.15,0.15,0,-1,-6.125,0.85,0.15,0.95,5,2.25,-6.94E-18,6.94E-18,0,0.05,-18.73452504,-2.546814899,-4.005635262,-6.288835526,-21.9933548,-0.703408086,-5.293634892,-10.06028366,-16.74168205,-14.55885792,-10.12879729,18.73452504,15.59924126,-3.404789972,-0.943325329,-20.89368706,-3.517040429,-11.91067851,6.98E-17,-1.16E-16,0,-0.506439865
Tm,2,0.06,Li309Tm3P47S250Cl44F6,-6.940765822,-1.112302215,-0.12,0.12,0.06,-1,-6.24,0.88,0.12,0.94,5,2.36,0,0,0.06,0,-18.7986535,-2.546814899,-4.005635262,-6.288835526,-21.9933548,-0.703408086,-5.293634892,-6.446648598,-12.91895342,-11.13587856,-6.647715569,18.7986535,15.89212497,-3.52495903,-0.754660263,-20.67375351,-3.517040429,-12.49297834,0,0,-0.668152714,0
Tm,3,0.06,Li306Tm3P47S250Cl41F9,-6.891922641,-1.120637828,-0.18,0.18,0,-1,-6.15,0.82,0.18,0.94,5,2.3,0,0,0,0.06,-18.83565907,-2.546814899,-4.005635262,-6.288835526,-21.9933548,-0.703408086,-5.293634892,-10.06028366,-16.74168205,-14.55885792,-10.12879729,18.83565907,15.66291163,-3.284620914,-1.131990395,-20.67375351,-3.517040429,-12.17536025,0,0,0,-0.607727838
Tm,2,0.07,Li621Tm7P93S500Cl86F14,-7.000099692,-1.114665556,-0.14,0.14,0.07,-1,-6.28,0.86,0.14,0.93,5,2.42,0,0,0.07,0,-18.89215437,-2.546814899,-4.005635262,-6.288835526,-21.9933548,-0.703408086,-5.293634892,-6.446648598,-12.91895342,-11.13587856,-6.647715569,18.89215437,15.99399757,-3.444846325,-0.880436974,-20.45381996,-3.517040429,-12.81059644,0,0,-0.779511499,0
Tm,3,0.07,Li614Tm7P93S500Cl79F21,-6.939598151,-1.123821563,-0.21,0.21,0,-1,-6.175,0.79,0.21,0.93,5,2.35,-1.39E-17,1.39E-17,0,0.07,-18.93884536,-2.546814899,-4.005635262,-6.288835526,-21.9933548,-0.703408086,-5.293634892,-10.06028366,-16.74168205,-14.55885792,-10.12879729,18.93884536,15.726582,-3.164451857,-1.32065546,-20.45381996,-3.517040429,-12.440042,1.40E-16,-2.32E-16,0,-0.70901581
Tm,2,0.08,Li156Tm2P23S125Cl21F4,-7.057454437,-1.116685829,-0.16,0.16,0.08,-1,-6.32,0.84,0.16,0.92,5,2.48,0,0,0.08,0,-18.98763436,-2.546814899,-4.005635262,-6.288835526,-21.9933548,-0.703408086,-5.293634892,-6.446648598,-12.91895342,-11.13587856,-6.647715569,18.98763436,16.09587016,-3.36473362,-1.006213684,-20.23388641,-3.517040429,-13.12821453,0,0,-0.890870285,0
Tm,3,0.08,Li154Tm2P23S125Cl19F6,-6.984958889,-1.126606272,-0.24,0.24,0,-1,-6.2,0.76,0.24,0.92,5,2.4,0,0,0,0.08,-19.04434643,-2.546814899,-4.005635262,-6.288835526,-21.9933548,-0.703408086,-5.293634892,-10.06028366,-16.74168205,-14.55885792,-10.12879729,19.04434643,15.79025237,-3.044282799,-1.509320526,-20.23388641,-3.517040429,-12.70472374,0,0,0,-0.810303783
Tm,2,0.09,Li627Tm9P91S500Cl82F18,-7.112664726,-1.11834351,-0.18,0.18,0.09,-1,-6.36,0.82,0.18,0.91,5,2.54,0,0,0.09,0,-19.08525882,-2.546814899,-4.005635262,-6.288835526,-21.9933548,-0.703408086,-5.293634892,-6.446648598,-12.91895342,-11.13587856,-6.647715569,19.08525882,16.19774276,-3.284620914,-1.131990395,-20.01395287,-3.517040429,-13.44583262,0,0,-1.002229071,0
Tm,3,0.09,Li618Tm9P91S500Cl73F27,-7.027621393,-1.128935164,-0.27,0.27,0,-1,-6.225,0.73,0.27,0.91,5,2.45,1.39E-17,-1.39E-17,0,0.09,-19.15254573,-2.546814899,-4.005635262,-6.288835526,-21.9933548,-0.703408086,-5.293634892,-10.06028366,-16.74168205,-14.55885792,-10.12879729,19.15254573,15.85392275,-2.924113741,-1.697985592,-20.01395287,-3.517040429,-12.96940548,-1.40E-16,2.32E-16,0,-0.911591756
Tm,2,0.1,Li63TmP9S50Cl8F2,-7.165866664,-1.119666666,-0.2,0.2,0.1,-1,-6.4,0.8,0.2,0.9,5,2.6,0,0,0.1,0,-19.18489162,-2.546814899,-4.005635262,-6.288835526,-21.9933548,-0.703408086,-5.293634892,-6.446648598,-12.91895342,-11.13587856,-6.647715569,19.18489162,16.29961535,-3.204508209,-1.257767105,-19.79401932,-3.517040429,-13.76345072,0,0,-1.113587856,0
Tm,3,0.1,Li62TmP9S50Cl7F3,-7.067251861,-1.130760298,-0.3,0.3,0,-1,-6.25,0.7,0.3,0.9,5,2.5,-1.39E-17,1.39E-17,0,0.1,-19.26377707,-2.546814899,-4.005635262,-6.288835526,-21.9933548,-0.703408086,-5.293634892,-10.06028366,-16.74168205,-14.55885792,-10.12879729,19.26377707,15.91759312,-2.803944683,-1.886650658,-19.79401932,-3.517040429,-13.23408723,1.40E-16,-2.32E-16,0,-1.012879729
U,3,0.01,Li602UP99S500Cl97F3,-7.226165691,-1.1993636,-0.03,0.03,0,-1,-6.025,0.97,0.03,0.99,5,2.05,0,0,0,0.01,-17.73005028,-2.546814899,-4.005635262,-6.288835526,-21.9933548,-0.703408086,-5.293634892,-8.822314262,-16.15359497,-13.05272198,-8.423125744,17.73005028,15.34455977,-3.885466204,-0.188665066,-21.77342125,-3.517040429,-10.85195153,0,0,0,-0.084231257
U,4,0.01,Li601UP99S500Cl96F4,-7.238398111,-1.202391713,-0.04,0.04,0,-1,-6.02,0.96,0.04,0.99,5,2.04,0,0,0,0.01,-17.72894084,-2.546814899,-4.005635262,-6.288835526,-21.9933548,-0.703408086,-5.293634892,-10.29394507,-20.33258677,-16.82475793,-11.27245116,17.72894084,15.33182569,-3.845409851,-0.251553421,-21.77342125,-3.517040429,-10.79901518,0,0,0,-0.112724512
U,5,0.01,Li600UP99S500Cl95F5,-7.239811037,-1.203626108,-0.05,0.05,0,-1,-6.015,0.95,0.05,0.99,5,2.03,0,0,0,0.01,-17.72834837,-2.546814899,-4.005635262,-6.288835526,-21.9933548,-0.703408086,-5.293634892,-11.00568724,-22.5554266,-20.38155937,-13.0915246,17.72834837,15.31909162,-3.805353498,-0.314441776,-21.77342125,-3.517040429,-10.74607883,0,0,0,-0.130915246
U,6,0.01,Li599UP99S500Cl94F6,-7.234281199,-1.203707354,-0.06,0.06,0,-1,-6.01,0.94,0.06,0.99,5,2.02,0,0,0,0.01,-17.728219,-2.546814899,-4.005635262,-6.288835526,-21.9933548,-0.703408086,-5.293634892,-11.31432354,-24.36483836,-24.28297293,-14.26263046,17.728219,15.30635754,-3.765297146,-0.377330132,-21.77342125,-3.517040429,-10.69314248,0,0,0,-0.142626305
U,3,0.02,Li302UP49S250Cl47F3,-7.275598877,-1.202578327,-0.06,0.06,0,-1,-6.05,0.94,0.06,0.98,5,2.1,0,0,0,0.02,-17.81442218,-2.546814899,-4.005635262,-6.288835526,-21.9933548,-0.703408086,-5.293634892,-8.822314262,-16.15359497,-13.05272198,-8.423125744,17.81442218,15.40823014,-3.765297146,-0.377330132,-21.5534877,-3.517040429,-11.11663327,0,0,0,-0.168462515
U,4,0.02,Li301UP49S250Cl46F4,-7.29749044,-1.208193781,-0.08,0.08,0,-1,-6.04,0.92,0.08,0.98,5,2.08,0,0,0,0.02,-17.81477658,-2.546814899,-4.005635262,-6.288835526,-21.9933548,-0.703408086,-5.293634892,-10.29394507,-20.33258677,-16.82475793,-11.27245116,17.81477658,15.38276199,-3.685184441,-0.503106842,-21.5534877,-3.517040429,-11.01076057,0,0,0,-0.225449023
U,5,0.02,Li300UP49S250Cl45F5,-7.297369612,-1.210177382,-0.1,0.1,0,-1,-6.03,0.9,0.1,0.98,5,2.06,0,0,0,0.02,-17.81653833,-2.546814899,-4.005635262,-6.288835526,-21.9933548,-0.703408086,-5.293634892,-11.00568724,-22.5554266,-20.38155937,-13.0915246,17.81653833,15.35729384,-3.605071735,-0.628883553,-21.5534877,-3.517040429,-10.90488788,0,0,0,-0.261830492
U,6,0.02,Li299UP49S250Cl44F6,-7.283269613,-1.209845451,-0.12,0.12,0,-1,-6.02,0.88,0.12,0.98,5,2.04,0,0,0,0.02,-17.81931991,-2.546814899,-4.005635262,-6.288835526,-21.9933548,-0.703408086,-5.293634892,-11.31432354,-24.36483836,-24.28297293,-14.26263046,17.81931991,15.33182569,-3.52495903,-0.754660263,-21.5534877,-3.517040429,-10.79901518,0,0,0,-0.285252609
U,3,0.03,Li606U3P97S500Cl91F9,-7.324358598,-1.205655736,-0.09,0.09,0,-1,-6.075,0.91,0.09,0.97,5,2.15,0,0,0,0.03,-17.89946755,-2.546814899,-4.005635262,-6.288835526,-21.9933548,-0.703408086,-5.293634892,-8.822314262,-16.15359497,-13.05272198,-8.423125744,17.89946755,15.47190051,-3.645128088,-0.565995197,-21.33355415,-3.517040429,-11.38131502,0,0,0,-0.252693772
U,4,0.03,Li603U3P97S500Cl88F12,-7.354343833,-1.213588091,-0.12,0.12,0,-1,-6.06,0.88,0.12,0.97,5,2.12,0,0,0,0.03,-17.90285126,-2.546814899,-4.005635262,-6.288835526,-21.9933548,-0.703408086,-5.293634892,-10.29394507,-20.33258677,-16.82475793,-11.27245116,17.90285126,15.43369829,-3.52495903,-0.754660263,-21.33355415,-3.517040429,-11.22250597,0,0,0,-0.338173535
U,5,0.03,Li600U3P97S500Cl85F15,-7.351287893,-1.216093944,-0.15,0.15,0,-1,-6.045,0.85,0.15,0.97,5,2.09,0,0,0,0.03,-17.90836859,-2.546814899,-4.005635262,-6.288835526,-21.9933548,-0.703408086,-5.293634892,-11.00568724,-22.5554266,-20.38155937,-13.0915246,17.90836859,15.39549606,-3.404789972,-0.943325329,-21.33355415,-3.517040429,-11.06369692,0,0,0,-0.392745738
U,6,0.03,Li597U3P97S500Cl82F18,-7.327555257,-1.215183293,-0.18,0.18,0,-1,-6.03,0.82,0.18,0.97,5,2.06,0,0,0,0.03,-17.91512358,-2.546814899,-4.005635262,-6.288835526,-21.9933548,-0.703408086,-5.293634892,-11.31432354,-24.36483836,-24.28297293,-14.26263046,17.91512358,15.35729384,-3.284620914,-1.131990395,-21.33355415,-3.517040429,-10.90488788,0,0,0,-0.427878914
U,3,0.04,Li152UP24S125Cl22F3,-7.372350568,-1.20858206,-0.12,0.12,0,-1,-6.1,0.88,0.12,0.96,5,2.2,0,0,0,0.04,-17.98528067,-2.546814899,-4.005635262,-6.288835526,-21.9933548,-0.703408086,-5.293634892,-8.822314262,-16.15359497,-13.05272198,-8.423125744,17.98528067,15.53557088,-3.52495903,-0.754660263,-21.11362061,-3.517040429,-11.64599676,0,0,0,-0.33692503
U,4,0.04,Li151UP24S125Cl21F4,-7.409293822,-1.218633852,-0.16,0.16,0,-1,-6.08,0.84,0.16,0.96,5,2.16,0,0,0,0.04,-17.99282934,-2.546814899,-4.005635262,-6.288835526,-21.9933548,-0.703408086,-5.293634892,-10.29394507,-20.33258677,-16.82475793,-11.27245116,17.99282934,15.48463459,-3.36473362,-1.006213684,-21.11362061,-3.517040429,-11.43425137,0,0,0,-0.450898046
U,5,0.04,Li150UP24S125Cl20F5,-7.402114481,-1.221471036,-0.2,0.2,0,-1,-6.06,0.8,0.2,0.96,5,2.12,0,0,0,0.04,-18.00329053,-2.546814899,-4.005635262,-6.288835526,-21.9933548,-0.703408086,-5.293634892,-11.00568724,-22.5554266,-20.38155937,-13.0915246,18.00329053,15.43369829,-3.204508209,-1.257767105,-21.11362061,-3.517040429,-11.22250597,0,0,0,-0.523660984
U,6,0.04,Li149UP24S125Cl19F6,-7.36763913,-1.219807803,-0.24,0.24,0,-1,-6.04,0.76,0.24,0.96,5,2.08,0,0,0,0.04,-18.01512903,-2.546814899,-4.005635262,-6.288835526,-21.9933548,-0.703408086,-5.293634892,-11.31432354,-24.36483836,-24.28297293,-14.26263046,18.01512903,15.38276199,-3.044282799,-1.509320526,-21.11362061,-3.517040429,-11.01076057,0,0,0,-0.570505219
U,3,0.05,Li122UP19S100Cl17F3,-7.419066105,-1.211276099,-0.15,0.15,0,-1,-6.125,0.85,0.15,0.95,5,2.25,-6.94E-18,6.94E-18,0,0.05,-18.07237022,-2.546814899,-4.005635262,-6.288835526,-21.9933548,-0.703408086,-5.293634892,-8.822314262,-16.15359497,-13.05272198,-8.423125744,18.07237022,15.59924126,-3.404789972,-0.943325329,-20.89368706,-3.517040429,-11.91067851,6.12E-17,-1.12E-16,0,-0.421156287
U,4,0.05,Li121UP19S100Cl16F4,-7.461625347,-1.22321727,-0.2,0.2,0,-1,-6.1,0.8,0.2,0.95,5,2.2,0,0,0,0.05,-18.08542589,-2.546814899,-4.005635262,-6.288835526,-21.9933548,-0.703408086,-5.293634892,-10.29394507,-20.33258677,-16.82475793,-11.27245116,18.08542589,15.53557088,-3.204508209,-1.257767105,-20.89368706,-3.517040429,-11.64599676,0,0,0,-0.563622558
U,5,0.05,Li120UP19S100Cl15F5,-7.448499569,-1.226090464,-0.25,0.25,0,-1,-6.075,0.75,0.25,0.95,5,2.15,0,0,0,0.05,-18.10265398,-2.546814899,-4.005635262,-6.288835526,-21.9933548,-0.703408086,-5.293634892,-11.00568724,-22.5554266,-20.38155937,-13.0915246,18.10265398,15.47190051,-3.004226446,-1.572208881,-20.89368706,-3.517040429,-11.38131502,0,0,0,-0.65457623
U,6,0.05,Li119UP19S100Cl14F6,-7.4033708,-1.223697653,-0.3,0.3,0,-1,-6.05,0.7,0.3,0.95,5,2.1,-6.94E-18,6.94E-18,0,0.05,-18.11948668,-2.546814899,-4.005635262,-6.288835526,-21.9933548,-0.703408086,-5.293634892,-11.31432354,-24.36483836,-24.28297293,-14.26263046,18.11948668,15.40823014,-2.803944683,-1.886650658,-20.89368706,-3.517040429,-11.11663327,7.85E-17,-1.69E-16,0,-0.713131523
U,3,0.06,Li306U3P47S250Cl41F9,-7.463766652,-1.213620594,-0.18,0.18,0,-1,-6.15,0.82,0.18,0.94,5,2.3,0,0,0,0.06,-18.16147476,-2.546814899,-4.005635262,-6.288835526,-21.9933548,-0.703408086,-5.293634892,-8.822314262,-16.15359497,-13.05272198,-8.423125744,18.16147476,15.66291163,-3.284620914,-1.131990395,-20.67375351,-3.517040429,-12.17536025,0,0,0,-0.505387545
U,4,0.06,Li303U3P47S250Cl38F12,-7.510118294,-1.227143512,-0.24,0.24,0,-1,-6.12,0.76,0.24,0.94,5,2.24,0,0,0,0.06,-18.18186101,-2.546814899,-4.005635262,-6.288835526,-21.9933548,-0.703408086,-5.293634892,-10.29394507,-20.33258677,-16.82475793,-11.27245116,18.18186101,15.58650718,-3.044282799,-1.509320526,-20.67375351,-3.517040429,-11.85774216,0,0,0,-0.67634707
U,5,0.06,Li300U3P47S250Cl35F15,-7.490108418,-1.22990286,-0.3,0.3,0,-1,-6.09,0.7,0.3,0.94,5,2.18,0,0,0,0.06,-18.20679367,-2.546814899,-4.005635262,-6.288835526,-21.9933548,-0.703408086,-5.293634892,-11.00568724,-22.5554266,-20.38155937,-13.0915246,18.20679367,15.51010274,-2.803944683,-1.886650658,-20.67375351,-3.517040429,-11.54012406,0,0,0,-0.785491476
U,6,0.06,Li297U3P47S250Cl32F18,-7.439564313,-1.227650877,-0.36,0.36,0,-1,-6.06,0.64,0.36,0.94,5,2.12,0,0,0,0.06,-18.22338249,-2.546814899,-4.005635262,-6.288835526,-21.9933548,-0.703408086,-5.293634892,-11.31432354,-24.36483836,-24.28297293,-14.26263046,18.22338249,15.43369829,-2.563606567,-2.263980789,-20.67375351,-3.517040429,-11.22250597,0,0,0,-0.855757828
U,3,0.07,Li614U7P93S500Cl79F21,-7.505718578,-1.215500984,-0.21,0.21,0,-1,-6.175,0.79,0.21,0.93,5,2.35,-1.39E-17,1.39E-17,0,0.07,-18.25332793,-2.546814899,-4.005635262,-6.288835526,-21.9933548,-0.703408086,-5.293634892,-8.822314262,-16.15359497,-13.05272198,-8.423125744,18.25332793,15.726582,-3.164451857,-1.32065546,-20.45381996,-3.517040429,-12.440042,1.22E-16,-2.24E-16,0,-0.589618802
U,4,0.07,Li607U7P93S500Cl72F28,-7.554045855,-1.230300628,-0.28,0.28,0,-1,-6.14,0.72,0.28,0.93,5,2.28,0,0,0,0.07,-18.28286152,-2.546814899,-4.005635262,-6.288835526,-21.9933548,-0.703408086,-5.293634892,-10.29394507,-20.33258677,-16.82475793,-11.27245116,18.28286152,15.63744348,-2.884057388,-1.760873947,-20.45381996,-3.517040429,-12.06948755,0,0,0,-0.789071581
U,5,0.07,Li600U7P93S500Cl65F35,-7.529470172,-1.233328447,-0.35,0.35,0,-1,-6.105,0.65,0.35,0.93,5,2.21,-1.39E-17,1.39E-17,0,0.07,-18.31318045,-2.546814899,-4.005635262,-6.288835526,-21.9933548,-0.703408086,-5.293634892,-11.00568724,-22.5554266,-20.38155937,-13.0915246,18.31318045,15.54830496,-2.60366292,-2.201092434,-20.45381996,-3.517040429,-11.69893311,1.53E-16,-3.13E-16,0,-0.916406722
U,6,0.07,Li593U7P93S500Cl58F42,-7.48792269,-1.233595171,-0.42,0.42,0,-1,-6.07,0.58,0.42,0.93,5,2.14,-1.39E-17,1.39E-17,0,0.07,-18.31511344,-2.546814899,-4.005635262,-6.288835526,-21.9933548,-0.703408086,-5.293634892,-11.31432354,-24.36483836,-24.28297293,-14.26263046,18.31511344,15.45916644,-2.323268452,-2.641310921,-20.45381996,-3.517040429,-11.32837867,1.57E-16,-3.38E-16,0,-0.998384132
U,3,0.08,Li154U2P23S125Cl19F6,-7.544281103,-1.216819533,-0.24,0.24,0,-1,-6.2,0.76,0.24,0.92,5,2.4,0,0,0,0.08,-18.34857049,-2.546814899,-4.005635262,-6.288835526,-21.9933548,-0.703408086,-5.293634892,-8.822314262,-16.15359497,-13.05272198,-8.423125744,18.34857049,15.79025237,-3.044282799,-1.509320526,-20.23388641,-3.517040429,-12.70472374,0,0,0,-0.67385006
U,4,0.08,Li152U2P23S125Cl17F8,-7.593553768,-1.232719768,-0.32,0.32,0,-1,-6.16,0.68,0.32,0.92,5,2.32,0,0,0,0.08,-18.38828168,-2.546814899,-4.005635262,-6.288835526,-21.9933548,-0.703408086,-5.293634892,-10.29394507,-20.33258677,-16.82475793,-11.27245116,18.38828168,15.68837978,-2.723831978,-2.012427368,-20.23388641,-3.517040429,-12.28123295,0,0,0,-0.901796093
U,5,0.08,Li150U2P23S125Cl15F10,-7.573067312,-1.237429299,-0.4,0.4,0,-1,-6.12,0.6,0.4,0.92,5,2.24,0,0,0,0.08,-18.41533184,-2.546814899,-4.005635262,-6.288835526,-21.9933548,-0.703408086,-5.293634892,-11.00568724,-22.5554266,-20.38155937,-13.0915246,18.41533184,15.58650718,-2.403381157,-2.51553421,-20.23388641,-3.517040429,-11.85774216,0,0,0,-1.047321968
U,6,0.08,Li148U2P23S125Cl13F12,-7.552616672,-1.242206689,-0.48,0.48,0,-1,-6.08,0.52,0.48,0.92,5,2.16,0,0,0,0.08,-18.39050878,-2.546814899,-4.005635262,-6.288835526,-21.9933548,-0.703408086,-5.293634892,-11.31432354,-24.36483836,-24.28297293,-14.26263046,18.39050878,15.48463459,-2.082930336,-3.018641052,-20.23388641,-3.517040429,-11.43425137,0,0,0,-1.141010437
U,3,0.09,Li618U9P91S500Cl73F27,-7.578823762,-1.217481729,-0.27,0.27,0,-1,-6.225,0.73,0.27,0.91,5,2.45,1.39E-17,-1.39E-17,0,0.09,-18.44783292,-2.546814899,-4.005635262,-6.288835526,-21.9933548,-0.703408086,-5.293634892,-8.822314262,-16.15359497,-13.05272198,-8.423125744,18.44783292,15.85392275,-2.924113741,-1.697985592,-20.01395287,-3.517040429,-12.96940548,-1.22E-16,2.24E-16,0,-0.758081317
U,4,0.09,Li609U9P91S500Cl64F36,-7.630200453,-1.234660267,-0.36,0.36,0,-1,-6.18,0.64,0.36,0.91,5,2.36,0,0,0,0.09,-18.49656307,-2.546814899,-4.005635262,-6.288835526,-21.9933548,-0.703408086,-5.293634892,-10.29394507,-20.33258677,-16.82475793,-11.27245116,18.49656307,15.73931608,-2.563606567,-2.263980789,-20.01395287,-3.517040429,-12.49297834,0,0,0,-1.014520605
U,5,0.09,Li600U9P91S500Cl55F45,-7.627535744,-1.24328211,-0.45,0.45,0,-1,-6.135,0.55,0.45,0.91,5,2.27,0,0,0,0.09,-18.50661194,-2.546814899,-4.005635262,-6.288835526,-21.9933548,-0.703408086,-5.293634892,-11.00568724,-22.5554266,-20.38155937,-13.0915246,18.50661194,15.62470941,-2.203099394,-2.829975986,-20.01395287,-3.517040429,-12.0165512,0,0,0,-1.178237214
U,6,0.09,Li591U9P91S500Cl46F54,-7.612038196,-1.24992417,-0.54,0.54,0,-1,-6.09,0.46,0.54,0.91,5,2.18,1.39E-17,-1.39E-17,0,0.09,-18.47117657,-2.546814899,-4.005635262,-6.288835526,-21.9933548,-0.703408086,-5.293634892,-11.31432354,-24.36483836,-24.28297293,-14.26263046,18.47117657,15.51010274,-1.84259222,-3.395971184,-20.01395287,-3.517040429,-11.54012406,-1.57E-16,3.38E-16,0,-1.283636742
U,3,0.1,Li62UP9S50Cl7F3,-7.60877372,-1.217403795,-0.3,0.3,0,-1,-6.25,0.7,0.3,0.9,5,2.5,-1.39E-17,1.39E-17,0,0.1,-18.55168805,-2.546814899,-4.005635262,-6.288835526,-21.9933548,-0.703408086,-5.293634892,-8.822314262,-16.15359497,-13.05272198,-8.423125744,18.55168805,15.91759312,-2.803944683,-1.886650658,-19.79401932,-3.517040429,-13.23408723,1.22E-16,-2.24E-16,0,-0.842312574
U,4,0.1,Li61UP9S50Cl6F4,-7.667719804,-1.236729001,-0.4,0.4,0,-1,-6.2,0.6,0.4,0.9,5,2.4,0,0,0,0.1,-18.60397179,-2.546814899,-4.005635262,-6.288835526,-21.9933548,-0.703408086,-5.293634892,-10.29394507,-20.33258677,-16.82475793,-11.27245116,18.60397179,15.79025237,-2.403381157,-2.51553421,-19.79401932,-3.517040429,-12.70472374,0,0,0,-1.127245116
U,5,0.1,Li60UP9S50Cl5F5,-7.687601767,-1.250016548,-0.5,0.5,0,-1,-6.15,0.5,0.5,0.9,5,2.3,0,0,0,0.1,-18.59229445,-2.546814899,-4.005635262,-6.288835526,-21.9933548,-0.703408086,-5.293634892,-11.00568724,-22.5554266,-20.38155937,-13.0915246,18.59229445,15.66291163,-2.002817631,-3.144417763,-19.79401932,-3.517040429,-12.17536025,0,0,0,-1.30915246
U,6,0.1,Li59UP9S50Cl4F6,-7.6574882,-1.255325934,-0.6,0.6,0,-1,-6.1,0.4,0.6,0.9,5,2.2,-1.39E-17,1.39E-17,0,0.1,-18.56581589,-2.546814899,-4.005635262,-6.288835526,-21.9933548,-0.703408086,-5.293634892,-11.31432354,-24.36483836,-24.28297293,-14.26263046,18.56581589,15.53557088,-1.602254105,-3.773301315,-19.79401932,-3.517040429,-11.64599676,1.57E-16,-3.38E-16,0,-1.426263046
V,2,0.01,Li603VP99S500Cl98F2,-7.521141746,-1.245222143,-0.02,0.02,0.01,-1,-6.04,0.98,0.02,0.99,5,2.06,0,0,0.01,0,-17.42277219,-2.546814899,-4.005635262,-6.288835526,-21.9933548,-0.703408086,-5.293634892,-4.800879478,-9.060732365,-8.002710342,-4.106553078,17.42277219,15.38276199,-3.925522556,-0.125776711,-21.77342125,-3.517040429,-10.90488788,0,0,-0.080027103,0
V,3,0.01,Li602VP99S500Cl97F3,-7.511515493,-1.246724563,-0.03,0.03,0,-1,-6.025,0.97,0.03,0.99,5,2.05,0,0,0,0.01,-17.42236254,-2.546814899,-4.005635262,-6.288835526,-21.9933548,-0.703408086,-5.293634892,-5.242888927,-12.94714928,-11.00346696,-6.189332604,17.42236254,15.34455977,-3.885466204,-0.188665066,-21.77342125,-3.517040429,-10.85195153,0,0,0,-0.061893326
V,4,0.01,Li601VP99S500Cl96F4,-7.505204392,-1.246711693,-0.04,0.04,0,-1,-6.02,0.96,0.04,0.99,5,2.04,0,0,0,0.01,-17.42262004,-2.546814899,-4.005635262,-6.288835526,-21.9933548,-0.703408086,-5.293634892,-6.339431405,-15.05864739,-14.40887833,-7.320999384,17.42262004,15.33182569,-3.845409851,-0.251553421,-21.77342125,-3.517040429,-10.79901518,0,0,0,-0.073209994
V,5,0.01,Li600VP99S500Cl95F5,-7.526180635,-1.246056397,-0.05,0.05,0.01,-1,-6.04,0.95,0.05,0.99,5,2.03,0,0,0.01,0,-17.42346561,-2.546814899,-4.005635262,-6.288835526,-21.9933548,-0.703408086,-5.293634892,-6.633602858,-16.92017841,-17.60724521,-7.834082842,17.42346561,15.38276199,-3.805353498,-0.314441776,-21.77342125,-3.517040429,-10.74607883,0,0,-0.176072452,0
V,2,0.02,Li303VP49S250Cl48F2,-7.555142867,-1.242622182,-0.04,0.04,0.02,-1,-6.08,0.96,0.04,0.98,5,2.12,0,0,0.02,0,-17.51027413,-2.546814899,-4.005635262,-6.288835526,-21.9933548,-0.703408086,-5.293634892,-4.800879478,-9.060732365,-8.002710342,-4.106553078,17.51027413,15.48463459,-3.845409851,-0.251553421,-21.5534877,-3.517040429,-11.22250597,0,0,-0.160054207,0
V,3,0.02,Li302VP49S250Cl47F3,-7.533958236,-1.245282353,-0.06,0.06,0,-1,-6.05,0.94,0.06,0.98,5,2.1,0,0,0,0.02,-17.51138696,-2.546814899,-4.005635262,-6.288835526,-21.9933548,-0.703408086,-5.293634892,-5.242888927,-12.94714928,-11.00346696,-6.189332604,17.51138696,15.40823014,-3.765297146,-0.377330132,-21.5534877,-3.517040429,-11.11663327,0,0,0,-0.123786652
V,4,0.02,Li301VP49S250Cl46F4,-7.518790608,-1.244832882,-0.08,0.08,0,-1,-6.04,0.92,0.08,0.98,5,2.08,0,0,0,0.02,-17.51444738,-2.546814899,-4.005635262,-6.288835526,-21.9933548,-0.703408086,-5.293634892,-6.339431405,-15.05864739,-14.40887833,-7.320999384,17.51444738,15.38276199,-3.685184441,-0.503106842,-21.5534877,-3.517040429,-11.01076057,0,0,0,-0.146419988
V,5,0.02,Li300VP49S250Cl45F5,-7.558084931,-1.243106074,-0.1,0.1,0.02,-1,-6.08,0.9,0.1,0.98,5,2.06,0,0,0.02,0,-17.51879668,-2.546814899,-4.005635262,-6.288835526,-21.9933548,-0.703408086,-5.293634892,-6.633602858,-16.92017841,-17.60724521,-7.834082842,17.51879668,15.48463459,-3.605071735,-0.628883553,-21.5534877,-3.517040429,-10.90488788,0,0,-0.352144904,0
V,2,0.03,Li609V3P97S500Cl94F6,-7.58799469,-1.239868413,-0.06,0.06,0.03,-1,-6.12,0.94,0.06,0.97,5,2.18,0,0,0.03,0,-17.59892536,-2.546814899,-4.005635262,-6.288835526,-21.9933548,-0.703408086,-5.293634892,-4.800879478,-9.060732365,-8.002710342,-4.106553078,17.59892536,15.58650718,-3.765297146,-0.377330132,-21.33355415,-3.517040429,-11.54012406,0,0,-0.24008131,0
V,3,0.03,Li606V3P97S500Cl91F9,-7.554365096,-1.243516888,-0.09,0.09,0,-1,-6.075,0.91,0.09,0.97,5,2.15,0,0,0,0.03,-17.60244725,-2.546814899,-4.005635262,-6.288835526,-21.9933548,-0.703408086,-5.293634892,-5.242888927,-12.94714928,-11.00346696,-6.189332604,17.60244725,15.47190051,-3.645128088,-0.565995197,-21.33355415,-3.517040429,-11.38131502,0,0,0,-0.185679978
V,4,0.03,Li603V3P97S500Cl88F12,-7.529715146,-1.242527252,-0.12,0.12,0,-1,-6.06,0.88,0.12,0.97,5,2.12,0,0,0,0.03,-17.60893639,-2.546814899,-4.005635262,-6.288835526,-21.9933548,-0.703408086,-5.293634892,-6.339431405,-15.05864739,-14.40887833,-7.320999384,17.60893639,15.43369829,-3.52495903,-0.754660263,-21.33355415,-3.517040429,-11.22250597,0,0,0,-0.219629982
V,5,0.03,Li600V3P97S500Cl85F15,-7.587474029,-1.239783338,-0.15,0.15,0.03,-1,-6.12,0.85,0.15,0.97,5,2.09,0,0,0.03,0,-17.61664295,-2.546814899,-4.005635262,-6.288835526,-21.9933548,-0.703408086,-5.293634892,-6.633602858,-16.92017841,-17.60724521,-7.834082842,17.61664295,15.58650718,-3.404789972,-0.943325329,-21.33355415,-3.517040429,-11.06369692,0,0,-0.528217356,0
V,2,0.04,Li153VP24S125Cl23F2,-7.620139685,-1.237035663,-0.08,0.08,0.04,-1,-6.16,0.92,0.08,0.96,5,2.24,0,0,0.04,0,-17.68828342,-2.546814899,-4.005635262,-6.288835526,-21.9933548,-0.703408086,-5.293634892,-4.800879478,-9.060732365,-8.002710342,-4.106553078,17.68828342,15.68837978,-3.685184441,-0.503106842,-21.11362061,-3.517040429,-11.85774216,0,0,-0.320108414,0
V,3,0.04,Li152VP24S125Cl22F3,-7.57362885,-1.2415785,-0.12,0.12,0,-1,-6.1,0.88,0.12,0.96,5,2.2,0,0,0,0.04,-17.69465066,-2.546814899,-4.005635262,-6.288835526,-21.9933548,-0.703408086,-5.293634892,-5.242888927,-12.94714928,-11.00346696,-6.189332604,17.69465066,15.53557088,-3.52495903,-0.754660263,-21.11362061,-3.517040429,-11.64599676,0,0,0,-0.247573304
V,4,0.04,Li151VP24S125Cl21F4,-7.539551515,-1.240057815,-0.16,0.16,0,-1,-6.08,0.84,0.16,0.96,5,2.16,0,0,0,0.04,-17.70451358,-2.546814899,-4.005635262,-6.288835526,-21.9933548,-0.703408086,-5.293634892,-6.339431405,-15.05864739,-14.40887833,-7.320999384,17.70451358,15.48463459,-3.36473362,-1.006213684,-21.11362061,-3.517040429,-11.43425137,0,0,0,-0.292839975
V,5,0.04,Li150VP24S125Cl20F5,-7.616330024,-1.236417212,-0.2,0.2,0.04,-1,-6.16,0.8,0.2,0.96,5,2.12,0,0,0.04,0,-17.71502233,-2.546814899,-4.005635262,-6.288835526,-21.9933548,-0.703408086,-5.293634892,-6.633602858,-16.92017841,-17.60724521,-7.834082842,17.71502233,15.68837978,-3.204508209,-1.257767105,-21.11362061,-3.517040429,-11.22250597,0,0,-0.704289808,0
V,2,0.05,Li123VP19S100Cl18F2,-7.651793992,-1.234160321,-0.1,0.1,0.05,-1,-6.2,0.9,0.1,0.95,5,2.3,0,0,0.05,0,-17.77813218,-2.546814899,-4.005635262,-6.288835526,-21.9933548,-0.703408086,-5.293634892,-4.800879478,-9.060732365,-8.002710342,-4.106553078,17.77813218,15.79025237,-3.605071735,-0.628883553,-20.89368706,-3.517040429,-12.17536025,0,0,-0.400135517,0
V,3,0.05,Li122VP19S100Cl17F3,-7.591863839,-1.239487974,-0.15,0.15,0,-1,-6.125,0.85,0.15,0.95,5,2.25,-6.94E-18,6.94E-18,0,0.05,-17.78788283,-2.546814899,-4.005635262,-6.288835526,-21.9933548,-0.703408086,-5.293634892,-5.242888927,-12.94714928,-11.00346696,-6.189332604,17.78788283,15.59924126,-3.404789972,-0.943325329,-20.89368706,-3.517040429,-11.91067851,3.64E-17,-8.98E-17,0,-0.30946663
V,4,0.05,Li121VP19S100Cl16F4,-7.548098371,-1.237393176,-0.2,0.2,0,-1,-6.1,0.8,0.2,0.95,5,2.2,0,0,0,0.05,-17.80138028,-2.546814899,-4.005635262,-6.288835526,-21.9933548,-0.703408086,-5.293634892,-6.339431405,-15.05864739,-14.40887833,-7.320999384,17.80138028,15.53557088,-3.204508209,-1.257767105,-20.89368706,-3.517040429,-11.64599676,0,0,0,-0.366049969
V,5,0.05,Li120VP19S100Cl15F5,-7.644573878,-1.232995787,-0.25,0.25,0.05,-1,-6.2,0.75,0.25,0.95,5,2.15,0,0,0.05,0,-17.81401384,-2.546814899,-4.005635262,-6.288835526,-21.9933548,-0.703408086,-5.293634892,-6.633602858,-16.92017841,-17.60724521,-7.834082842,17.81401384,15.79025237,-3.004226446,-1.572208881,-20.89368706,-3.517040429,-11.38131502,0,0,-0.88036226,0
V,2,0.06,Li309V3P47S250Cl44F6,-7.682954214,-1.231242662,-0.12,0.12,0.06,-1,-6.24,0.88,0.12,0.94,5,2.36,0,0,0.06,0,-17.86847501,-2.546814899,-4.005635262,-6.288835526,-21.9933548,-0.703408086,-5.293634892,-4.800879478,-9.060732365,-8.002710342,-4.106553078,17.86847501,15.89212497,-3.52495903,-0.754660263,-20.67375351,-3.517040429,-12.49297834,0,0,-0.480162621,0
V,3,0.06,Li306V3P47S250Cl41F9,-7.608778484,-1.237199754,-0.18,0.18,0,-1,-6.15,0.82,0.18,0.94,5,2.3,0,0,0,0.06,-17.88243534,-2.546814899,-4.005635262,-6.288835526,-21.9933548,-0.703408086,-5.293634892,-5.242888927,-12.94714928,-11.00346696,-6.189332604,17.88243534,15.66291163,-3.284620914,-1.131990395,-20.67375351,-3.517040429,-12.17536025,0,0,0,-0.371359956
V,4,0.06,Li303V3P47S250Cl38F12,-7.555281422,-1.234523108,-0.24,0.24,0,-1,-6.12,0.76,0.24,0.94,5,2.24,0,0,0,0.06,-17.89961078,-2.546814899,-4.005635262,-6.288835526,-21.9933548,-0.703408086,-5.293634892,-6.339431405,-15.05864739,-14.40887833,-7.320999384,17.89961078,15.58650718,-3.044282799,-1.509320526,-20.67375351,-3.517040429,-11.85774216,0,0,0,-0.439259963
V,5,0.06,Li300V3P47S250Cl35F15,-7.674492981,-1.229886696,-0.3,0.3,0.06,-1,-6.24,0.7,0.3,0.94,5,2.18,0,0,0.06,0,-17.9113301,-2.546814899,-4.005635262,-6.288835526,-21.9933548,-0.703408086,-5.293634892,-6.633602858,-16.92017841,-17.60724521,-7.834082842,17.9113301,15.89212497,-2.803944683,-1.886650658,-20.67375351,-3.517040429,-11.54012406,0,0,-1.056434712,0
V,2,0.07,Li621V7P93S500Cl86F14,-7.713459466,-1.228257877,-0.14,0.14,0.07,-1,-6.28,0.86,0.14,0.93,5,2.42,0,0,0.07,0,-17.95947282,-2.546814899,-4.005635262,-6.288835526,-21.9933548,-0.703408086,-5.293634892,-4.800879478,-9.060732365,-8.002710342,-4.106553078,17.95947282,15.99399757,-3.444846325,-0.880436974,-20.45381996,-3.517040429,-12.81059644,0,0,-0.560189724,0
V,3,0.07,Li614V7P93S500Cl79F21,-7.624337911,-1.234710593,-0.21,0.21,0,-1,-6.175,0.79,0.21,0.93,5,2.35,-1.39E-17,1.39E-17,0,0.07,-17.97834307,-2.546814899,-4.005635262,-6.288835526,-21.9933548,-0.703408086,-5.293634892,-5.242888927,-12.94714928,-11.00346696,-6.189332604,17.97834307,15.726582,-3.164451857,-1.32065546,-20.45381996,-3.517040429,-12.440042,7.28E-17,-1.80E-16,0,-0.433253282
V,4,0.07,Li607V7P93S500Cl72F28,-7.562281959,-1.231642013,-0.28,0.28,0,-1,-6.14,0.72,0.28,0.93,5,2.28,0,0,0,0.07,-17.9980238,-2.546814899,-4.005635262,-6.288835526,-21.9933548,-0.703408086,-5.293634892,-6.339431405,-15.05864739,-14.40887833,-7.320999384,17.9980238,15.63744348,-2.884057388,-1.760873947,-20.45381996,-3.517040429,-12.06948755,0,0,0,-0.512469957
V,5,0.07,Li600V7P93S500Cl65F35,-7.708354574,-1.227444996,-0.35,0.35,0.07,-1,-6.28,0.65,0.35,0.93,5,2.21,-1.39E-17,1.39E-17,0.07,0,-18.00470388,-2.546814899,-4.005635262,-6.288835526,-21.9933548,-0.703408086,-5.293634892,-6.633602858,-16.92017841,-17.60724521,-7.834082842,18.00470388,15.99399757,-2.60366292,-2.201092434,-20.45381996,-3.517040429,-11.69893311,9.21E-17,-2.35E-16,-1.232507164,0
V,2,0.08,Li156V2P23S125Cl21F4,-7.74311901,-1.225177059,-0.16,0.16,0.08,-1,-6.32,0.84,0.16,0.92,5,2.48,0,0,0.08,0,-18.05131633,-2.546814899,-4.005635262,-6.288835526,-21.9933548,-0.703408086,-5.293634892,-4.800879478,-9.060732365,-8.002710342,-4.106553078,18.05131633,16.09587016,-3.36473362,-1.006213684,-20.23388641,-3.517040429,-13.12821453,0,0,-0.640216827,0
V,3,0.08,Li154V2P23S125Cl19F6,-7.638955738,-1.232089635,-0.24,0.24,0,-1,-6.2,0.76,0.24,0.92,5,2.4,0,0,0,0.08,-18.0751924,-2.546814899,-4.005635262,-6.288835526,-21.9933548,-0.703408086,-5.293634892,-5.242888927,-12.94714928,-11.00346696,-6.189332604,18.0751924,15.79025237,-3.044282799,-1.509320526,-20.23388641,-3.517040429,-12.70472374,0,0,0,-0.495146608
V,4,0.08,Li152V2P23S125Cl17F8,-7.569997993,-1.228895778,-0.32,0.32,0,-1,-6.16,0.68,0.32,0.92,5,2.32,0,0,0,0.08,-18.09572132,-2.546814899,-4.005635262,-6.288835526,-21.9933548,-0.703408086,-5.293634892,-6.339431405,-15.05864739,-14.40887833,-7.320999384,18.09572132,15.68837978,-2.723831978,-2.012427368,-20.23388641,-3.517040429,-12.28123295,0,0,0,-0.585679951
V,5,0.08,Li150V2P23S125Cl15F10,-7.747000155,-1.225791164,-0.4,0.4,0.08,-1,-6.32,0.6,0.4,0.92,5,2.24,0,0,0.08,0,-18.09329367,-2.546814899,-4.005635262,-6.288835526,-21.9933548,-0.703408086,-5.293634892,-6.633602858,-16.92017841,-17.60724521,-7.834082842,18.09329367,16.09587016,-2.403381157,-2.51553421,-20.23388641,-3.517040429,-11.85774216,0,0,-1.408579617,0
V,2,0.09,Li627V9P91S500Cl82F18,-7.771833736,-1.221986436,-0.18,0.18,0.09,-1,-6.36,0.82,0.18,0.91,5,2.54,0,0,0.09,0,-18.14410467,-2.546814899,-4.005635262,-6.288835526,-21.9933548,-0.703408086,-5.293634892,-4.800879478,-9.060732365,-8.002710342,-4.106553078,18.14410467,16.19774276,-3.284620914,-1.131990395,-20.01395287,-3.517040429,-13.44583262,0,0,-0.720243931,0
V,3,0.09,Li618V9P91S500Cl73F27,-7.653002563,-1.229398002,-0.27,0.27,0,-1,-6.225,0.73,0.27,0.91,5,2.45,1.39E-17,-1.39E-17,0,0.09,-18.17261274,-2.546814899,-4.005635262,-6.288835526,-21.9933548,-0.703408086,-5.293634892,-5.242888927,-12.94714928,-11.00346696,-6.189332604,18.17261274,15.85392275,-2.924113741,-1.697985592,-20.01395287,-3.517040429,-12.96940548,-7.28E-17,1.80E-16,0,-0.557039934
V,4,0.09,Li609V9P91S500Cl64F36,-7.578149021,-1.226237706,-0.36,0.36,0,-1,-6.18,0.64,0.36,0.91,5,2.36,0,0,0,0.09,-18.19298384,-2.546814899,-4.005635262,-6.288835526,-21.9933548,-0.703408086,-5.293634892,-6.339431405,-15.05864739,-14.40887833,-7.320999384,18.19298384,15.73931608,-2.563606567,-2.263980789,-20.01395287,-3.517040429,-12.49297834,0,0,0,-0.658889945
V,5,0.09,Li600V9P91S500Cl55F45,-7.790741217,-1.224959311,-0.45,0.45,0.09,-1,-6.36,0.55,0.45,0.91,5,2.27,0,0,0.09,0,-18.17678797,-2.546814899,-4.005635262,-6.288835526,-21.9933548,-0.703408086,-5.293634892,-6.633602858,-16.92017841,-17.60724521,-7.834082842,18.17678797,16.19774276,-2.203099394,-2.829975986,-20.01395287,-3.517040429,-12.0165512,0,0,-1.584652069,0
V,2,0.1,Li63VP9S50Cl8F2,-7.799601975,-1.218687809,-0.2,0.2,0.1,-1,-6.4,0.8,0.2,0.9,5,2.6,0,0,0.1,0,-18.23783948,-2.546814899,-4.005635262,-6.288835526,-21.9933548,-0.703408086,-5.293634892,-4.800879478,-9.060732365,-8.002710342,-4.106553078,18.23783948,16.29961535,-3.204508209,-1.257767105,-19.79401932,-3.517040429,-13.76345072,0,0,-0.800271034,0
V,3,0.1,Li62VP9S50Cl7F3,-7.666352439,-1.22661639,-0.3,0.3,0,-1,-6.25,0.7,0.3,0.9,5,2.5,-1.39E-17,1.39E-17,0,0.1,-18.27073002,-2.546814899,-4.005635262,-6.288835526,-21.9933548,-0.703408086,-5.293634892,-5.242888927,-12.94714928,-11.00346696,-6.189332604,18.27073002,15.91759312,-2.803944683,-1.886650658,-19.79401932,-3.517040429,-13.23408723,7.28E-17,-1.80E-16,0,-0.61893326
V,4,0.1,Li61VP9S50Cl6F4,-7.587048661,-1.223717526,-0.4,0.4,0,-1,-6.2,0.6,0.4,0.9,5,2.4,0,0,0,0.1,-18.28949776,-2.546814899,-4.005635262,-6.288835526,-21.9933548,-0.703408086,-5.293634892,-6.339431405,-15.05864739,-14.40887833,-7.320999384,18.28949776,15.79025237,-2.403381157,-2.51553421,-19.79401932,-3.517040429,-12.70472374,0,0,0,-0.732099938
V,5,0.1,Li60VP9S50Cl5F5,-7.830990759,-1.223592306,-0.5,0.5,0.1,-1,-6.4,0.5,0.5,0.9,5,2.3,0,0,0.1,0,-18.2637738,-2.546814899,-4.005635262,-6.288835526,-21.9933548,-0.703408086,-5.293634892,-6.633602858,-16.92017841,-17.60724521,-7.834082842,18.2637738,16.29961535,-2.002817631,-3.144417763,-19.79401932,-3.517040429,-12.17536025,0,0,-1.760724521,0
W,2,0.01,Li603WP99S500Cl98F2,-7.3815606,-1.224139403,-0.02,0.02,0,-1,-6.03,0.98,0.02,0.99,5,2.06,0,0,0,0.01,-17.55032428,-2.546814899,-4.005635262,-6.288835526,-21.9933548,-0.703408086,-5.293634892,-2.508675277,-7.823607445,-7.571200728,-4.252990246,17.55032428,15.35729384,-3.925522556,-0.125776711,-21.77342125,-3.517040429,-10.90488788,0,0,0,-0.042529902
W,3,0.01,Li602WP99S500Cl97F3,-7.375093387,-1.22408189,-0.03,0.03,0,-1,-6.025,0.97,0.03,0.99,5,2.05,0,0,0,0.01,-17.54931076,-2.546814899,-4.005635262,-6.288835526,-21.9933548,-0.703408086,-5.293634892,-3.465196609,-10.62217999,-10.48433542,-5.241943598,17.54931076,15.34455977,-3.885466204,-0.188665066,-21.77342125,-3.517040429,-10.85195153,0,0,0,-0.052419436
W,4,0.01,Li601WP99S500Cl96F4,-7.392108173,-1.223858969,-0.04,0.04,0.01,-1,-6.04,0.96,0.04,0.99,5,2.04,0,0,0.01,0,-17.54872011,-2.546814899,-4.005635262,-6.288835526,-21.9933548,-0.703408086,-5.293634892,-4.637530744,-13.10345531,-13.71501446,-6.05999136,17.54872011,15.38276199,-3.845409851,-0.251553421,-21.77342125,-3.517040429,-10.79901518,0,0,-0.137150145,0
W,5,0.01,Li600WP99S500Cl95F5,-7.392801894,-1.223973823,-0.05,0.05,0.01,-1,-6.04,0.95,0.05,0.99,5,2.03,0,0,0.01,0,-17.54852653,-2.546814899,-4.005635262,-6.288835526,-21.9933548,-0.703408086,-5.293634892,-5.497563601,-16.2920351,-16.77546263,-7.107077718,17.54852653,15.38276199,-3.805353498,-0.314441776,-21.77342125,-3.517040429,-10.74607883,0,0,-0.167754626,0
W,6,0.01,Li599WP99S500Cl94F6,-7.357960905,-1.22428634,-0.06,0.06,0,-1,-6.01,0.94,0.06,0.99,5,2.02,0,0,0,0.01,-17.54869652,-2.546814899,-4.005635262,-6.288835526,-21.9933548,-0.703408086,-5.293634892,-6.656308889,-19.78348351,-19.55561638,-8.67835331,17.54869652,15.30635754,-3.765297146,-0.377330132,-21.77342125,-3.517040429,-10.69314248,0,0,0,-0.086783533
W,2,0.02,Li303WP49S250Cl48F2,-7.418639587,-1.224197952,-0.04,0.04,0,-1,-6.06,0.96,0.04,0.98,5,2.12,0,0,0,0.02,-17.6227193,-2.546814899,-4.005635262,-6.288835526,-21.9933548,-0.703408086,-5.293634892,-2.508675277,-7.823607445,-7.571200728,-4.252990246,17.6227193,15.43369829,-3.845409851,-0.251553421,-21.5534877,-3.517040429,-11.22250597,0,0,0,-0.085059805
W,3,0.02,Li302WP49S250Cl47F3,-7.403362382,-1.223696262,-0.06,0.06,0,-1,-6.05,0.94,0.06,0.98,5,2.1,0,0,0,0.02,-17.62303503,-2.546814899,-4.005635262,-6.288835526,-21.9933548,-0.703408086,-5.293634892,-3.465196609,-10.62217999,-10.48433542,-5.241943598,17.62303503,15.40823014,-3.765297146,-0.377330132,-21.5534877,-3.517040429,-11.11663327,0,0,0,-0.104838872
W,4,0.02,Li301WP49S250Cl46F4,-7.434425027,-1.222767274,-0.08,0.08,0.02,-1,-6.08,0.92,0.08,0.98,5,2.08,0,0,0.02,0,-17.62482066,-2.546814899,-4.005635262,-6.288835526,-21.9933548,-0.703408086,-5.293634892,-4.637530744,-13.10345531,-13.71501446,-6.05999136,17.62482066,15.48463459,-3.685184441,-0.503106842,-21.5534877,-3.517040429,-11.01076057,0,0,-0.274300289,0
W,5,0.02,Li300WP49S250Cl45F5,-7.432581395,-1.222464045,-0.1,0.1,0.02,-1,-6.08,0.9,0.1,0.98,5,2.06,0,0,0.02,0,-17.62766457,-2.546814899,-4.005635262,-6.288835526,-21.9933548,-0.703408086,-5.293634892,-5.497563601,-16.2920351,-16.77546263,-7.107077718,17.62766457,15.48463459,-3.605071735,-0.628883553,-21.5534877,-3.517040429,-10.90488788,0,0,-0.335509253,0
W,6,0.02,Li299WP49S250Cl44F6,-7.359822207,-1.222561828,-0.12,0.12,0,-1,-6.02,0.88,0.12,0.98,5,2.04,0,0,0,0.02,-17.63108177,-2.546814899,-4.005635262,-6.288835526,-21.9933548,-0.703408086,-5.293634892,-6.656308889,-19.78348351,-19.55561638,-8.67835331,17.63108177,15.33182569,-3.52495903,-0.754660263,-21.5534877,-3.517040429,-10.79901518,0,0,0,-0.173567066
W,2,0.03,Li609W3P97S500Cl94F6,-7.455041065,-1.224144674,-0.06,0.06,0,-1,-6.09,0.94,0.06,0.97,5,2.18,0,0,0,0.03,-17.69579183,-2.546814899,-4.005635262,-6.288835526,-21.9933548,-0.703408086,-5.293634892,-2.508675277,-7.823607445,-7.571200728,-4.252990246,17.69579183,15.51010274,-3.765297146,-0.377330132,-21.33355415,-3.517040429,-11.54012406,0,0,0,-0.127589707
W,3,0.03,Li606W3P97S500Cl91F9,-7.428942434,-1.222871183,-0.09,0.09,0,-1,-6.075,0.91,0.09,0.97,5,2.15,0,0,0,0.03,-17.69944825,-2.546814899,-4.005635262,-6.288835526,-21.9933548,-0.703408086,-5.293634892,-3.465196609,-10.62217999,-10.48433542,-5.241943598,17.69944825,15.47190051,-3.645128088,-0.565995197,-21.33355415,-3.517040429,-11.38131502,0,0,0,-0.157258308
W,4,0.03,Li603W3P97S500Cl88F12,-7.47215046,-1.220939618,-0.12,0.12,0.03,-1,-6.12,0.88,0.12,0.97,5,2.12,0,0,0.03,0,-17.70551264,-2.546814899,-4.005635262,-6.288835526,-21.9933548,-0.703408086,-5.293634892,-4.637530744,-13.10345531,-13.71501446,-6.05999136,17.70551264,15.58650718,-3.52495903,-0.754660263,-21.33355415,-3.517040429,-11.22250597,0,0,-0.411450434,0
W,5,0.03,Li600W3P97S500Cl85F15,-7.466780353,-1.220062149,-0.15,0.15,0.03,-1,-6.12,0.85,0.15,0.97,5,2.09,0,0,0.03,0,-17.71238315,-2.546814899,-4.005635262,-6.288835526,-21.9933548,-0.703408086,-5.293634892,-5.497563601,-16.2920351,-16.77546263,-7.107077718,17.71238315,15.58650718,-3.404789972,-0.943325329,-21.33355415,-3.517040429,-11.06369692,0,0,-0.503263879,0
W,6,0.03,Li597W3P97S500Cl82F18,-7.356639313,-1.22000652,-0.18,0.18,0,-1,-6.03,0.82,0.18,0.97,5,2.06,0,0,0,0.03,-17.71851121,-2.546814899,-4.005635262,-6.288835526,-21.9933548,-0.703408086,-5.293634892,-6.656308889,-19.78348351,-19.55561638,-8.67835331,17.71851121,15.35729384,-3.284620914,-1.131990395,-21.33355415,-3.517040429,-10.90488788,0,0,0,-0.260350599
W,2,0.04,Li153WP24S125Cl23F2,-7.491039782,-1.224026108,-0.08,0.08,0,-1,-6.12,0.92,0.08,0.96,5,2.24,0,0,0,0.04,-17.76926712,-2.546814899,-4.005635262,-6.288835526,-21.9933548,-0.703408086,-5.293634892,-2.508675277,-7.823607445,-7.571200728,-4.252990246,17.76926712,15.58650718,-3.685184441,-0.503106842,-21.11362061,-3.517040429,-11.85774216,0,0,0,-0.17011961
W,3,0.04,Li152WP24S125Cl22F3,-7.452511038,-1.221723121,-0.12,0.12,0,-1,-6.1,0.88,0.12,0.96,5,2.2,0,0,0,0.04,-17.77787291,-2.546814899,-4.005635262,-6.288835526,-21.9933548,-0.703408086,-5.293634892,-3.465196609,-10.62217999,-10.48433542,-5.241943598,17.77787291,15.53557088,-3.52495903,-0.754660263,-21.11362061,-3.517040429,-11.64599676,0,0,0,-0.209677744
W,4,0.04,Li151WP24S125Cl21F4,-7.507120858,-1.218688451,-0.16,0.16,0.04,-1,-6.16,0.84,0.16,0.96,5,2.16,0,0,0.04,0,-17.78895965,-2.546814899,-4.005635262,-6.288835526,-21.9933548,-0.703408086,-5.293634892,-4.637530744,-13.10345531,-13.71501446,-6.05999136,17.78895965,15.68837978,-3.36473362,-1.006213684,-21.11362061,-3.517040429,-11.43425137,0,0,-0.548600578,0
W,5,0.04,Li150WP24S125Cl20F5,-7.498991018,-1.217368672,-0.2,0.2,0.04,-1,-6.16,0.8,0.2,0.96,5,2.12,0,0,0.04,0,-17.79909003,-2.546814899,-4.005635262,-6.288835526,-21.9933548,-0.703408086,-5.293634892,-5.497563601,-16.2920351,-16.77546263,-7.107077718,17.79909003,15.68837978,-3.204508209,-1.257767105,-21.11362061,-3.517040429,-11.22250597,0,0,-0.671018505,0
W,6,0.04,Li149WP24S125Cl19F6,-7.353998421,-1.217549407,-0.24,0.24,0,-1,-6.04,0.76,0.24,0.96,5,2.08,0,0,0,0.04,-17.80539865,-2.546814899,-4.005635262,-6.288835526,-21.9933548,-0.703408086,-5.293634892,-6.656308889,-19.78348351,-19.55561638,-8.67835331,17.80539865,15.38276199,-3.044282799,-1.509320526,-21.11362061,-3.517040429,-11.01076057,0,0,0,-0.347134132
W,2,0.05,Li123WP19S100Cl18F2,-7.526808004,-1.22387122,-0.1,0.1,0,-1,-6.15,0.9,0.1,0.95,5,2.3,0,0,0,0.05,-17.8429729,-2.546814899,-4.005635262,-6.288835526,-21.9933548,-0.703408086,-5.293634892,-2.508675277,-7.823607445,-7.571200728,-4.252990246,17.8429729,15.66291163,-3.605071735,-0.628883553,-20.89368706,-3.517040429,-12.17536025,0,0,0,-0.212649512
W,3,0.05,Li122WP19S100Cl17F3,-7.474639032,-1.22034923,-0.15,0.15,0,-1,-6.125,0.85,0.15,0.95,5,2.25,-6.94E-18,6.94E-18,0,0.05,-17.85773818,-2.546814899,-4.005635262,-6.288835526,-21.9933548,-0.703408086,-5.293634892,-3.465196609,-10.62217999,-10.48433542,-5.241943598,17.85773818,15.59924126,-3.404789972,-0.943325329,-20.89368706,-3.517040429,-11.91067851,2.40E-17,-7.37E-17,0,-0.26209718
W,4,0.05,Li121WP19S100Cl16F4,-7.540559106,-1.216219211,-0.2,0.2,0.05,-1,-6.2,0.8,0.2,0.95,5,2.2,0,0,0.05,0,-17.8739388,-2.546814899,-4.005635262,-6.288835526,-21.9933548,-0.703408086,-5.293634892,-4.637530744,-13.10345531,-13.71501446,-6.05999136,17.8739388,15.79025237,-3.204508209,-1.257767105,-20.89368706,-3.517040429,-11.64599676,0,0,-0.685750723,0
W,5,0.05,Li120WP19S100Cl15F5,-7.531181537,-1.2147067,-0.25,0.25,0.05,-1,-6.2,0.75,0.25,0.95,5,2.15,0,0,0.05,0,-17.88581705,-2.546814899,-4.005635262,-6.288835526,-21.9933548,-0.703408086,-5.293634892,-5.497563601,-16.2920351,-16.77546263,-7.107077718,17.88581705,15.79025237,-3.004226446,-1.572208881,-20.89368706,-3.517040429,-11.38131502,0,0,-0.838773131,0
W,6,0.05,Li119WP19S100Cl14F6,-7.35535666,-1.215761431,-0.3,0.3,0,-1,-6.05,0.7,0.3,0.95,5,2.1,-6.94E-18,6.94E-18,0,0.05,-17.88828697,-2.546814899,-4.005635262,-6.288835526,-21.9933548,-0.703408086,-5.293634892,-6.656308889,-19.78348351,-19.55561638,-8.67835331,17.88828697,15.40823014,-2.803944683,-1.886650658,-20.89368706,-3.517040429,-11.11663327,4.62E-17,-1.37E-16,0,-0.433917665
W,2,0.06,Li309W3P47S250Cl44F6,-7.562412745,-1.223691383,-0.12,0.12,0,-1,-6.18,0.88,0.12,0.94,5,2.36,0,0,0,0.06,-17.91684217,-2.546814899,-4.005635262,-6.288835526,-21.9933548,-0.703408086,-5.293634892,-2.508675277,-7.823607445,-7.571200728,-4.252990246,17.91684217,15.73931608,-3.52495903,-0.754660263,-20.67375351,-3.517040429,-12.49297834,0,0,0,-0.255179415
W,3,0.06,Li306W3P47S250Cl41F9,-7.495705286,-1.218813868,-0.18,0.18,0,-1,-6.15,0.82,0.18,0.94,5,2.3,0,0,0,0.06,-17.9386652,-2.546814899,-4.005635262,-6.288835526,-21.9933548,-0.703408086,-5.293634892,-3.465196609,-10.62217999,-10.48433542,-5.241943598,17.9386652,15.66291163,-3.284620914,-1.131990395,-20.67375351,-3.517040429,-12.17536025,0,0,0,-0.314516616
W,4,0.06,Li303W3P47S250Cl38F12,-7.573344676,-1.213677031,-0.24,0.24,0.06,-1,-6.24,0.76,0.24,0.94,5,2.24,0,0,0.06,0,-17.95957064,-2.546814899,-4.005635262,-6.288835526,-21.9933548,-0.703408086,-5.293634892,-4.637530744,-13.10345531,-13.71501446,-6.05999136,17.95957064,15.89212497,-3.044282799,-1.509320526,-20.67375351,-3.517040429,-11.85774216,0,0,-0.822900867,0
W,5,0.06,Li300W3P47S250Cl35F15,-7.565377395,-1.212400224,-0.3,0.3,0.06,-1,-6.24,0.7,0.3,0.94,5,2.18,0,0,0.06,0,-17.97053874,-2.546814899,-4.005635262,-6.288835526,-21.9933548,-0.703408086,-5.293634892,-5.497563601,-16.2920351,-16.77546263,-7.107077718,17.97053874,15.89212497,-2.803944683,-1.886650658,-20.67375351,-3.517040429,-11.54012406,0,0,-1.006527758,0
W,6,0.06,Li297W3P47S250Cl32F18,-7.364549204,-1.215272146,-0.36,0.36,0,-1,-6.06,0.64,0.36,0.94,5,2.12,0,0,0,0.06,-17.96334097,-2.546814899,-4.005635262,-6.288835526,-21.9933548,-0.703408086,-5.293634892,-6.656308889,-19.78348351,-19.55561638,-8.67835331,17.96334097,15.43369829,-2.563606567,-2.263980789,-20.67375351,-3.517040429,-11.22250597,0,0,0,-0.520701199
W,2,0.07,Li621W7P93S500Cl86F14,-7.597794078,-1.223477307,-0.14,0.14,0,-1,-6.21,0.86,0.14,0.93,5,2.42,0,0,0,0.07,-17.99093484,-2.546814899,-4.005635262,-6.288835526,-21.9933548,-0.703408086,-5.293634892,-2.508675277,-7.823607445,-7.571200728,-4.252990246,17.99093484,15.81572052,-3.444846325,-0.880436974,-20.45381996,-3.517040429,-12.81059644,0,0,0,-0.297709317
W,3,0.07,Li614W7P93S500Cl79F21,-7.516119212,-1.217185297,-0.21,0.21,0,-1,-6.175,0.79,0.21,0.93,5,2.35,-1.39E-17,1.39E-17,0,0.07,-18.02024454,-2.546814899,-4.005635262,-6.288835526,-21.9933548,-0.703408086,-5.293634892,-3.465196609,-10.62217999,-10.48433542,-5.241943598,18.02024454,15.726582,-3.164451857,-1.32065546,-20.45381996,-3.517040429,-12.440042,4.81E-17,-1.47E-16,0,-0.366936052
W,4,0.07,Li607W7P93S500Cl72F28,-7.606777305,-1.211270272,-0.28,0.28,0.07,-1,-6.28,0.72,0.28,0.93,5,2.28,0,0,0.07,0,-18.04455542,-2.546814899,-4.005635262,-6.288835526,-21.9933548,-0.703408086,-5.293634892,-4.637530744,-13.10345531,-13.71501446,-6.05999136,18.04455542,15.99399757,-2.884057388,-1.760873947,-20.45381996,-3.517040429,-12.06948755,0,0,-0.960051012,0
W,5,0.07,Li600W7P93S500Cl65F35,-7.603892325,-1.21081088,-0.35,0.35,0.07,-1,-6.28,0.65,0.35,0.93,5,2.21,-1.39E-17,1.39E-17,0.07,0,-18.05094135,-2.546814899,-4.005635262,-6.288835526,-21.9933548,-0.703408086,-5.293634892,-5.497563601,-16.2920351,-16.77546263,-7.107077718,18.05094135,15.99399757,-2.60366292,-2.201092434,-20.45381996,-3.517040429,-11.69893311,7.63E-17,-2.26E-16,-1.174282384,0
W,6,0.07,Li593W7P93S500Cl58F42,-7.384983175,-1.216636437,-0.42,0.42,0,-1,-6.07,0.58,0.42,0.93,5,2.14,-1.39E-17,1.39E-17,0,0.07,-18.02715355,-2.546814899,-4.005635262,-6.288835526,-21.9933548,-0.703408086,-5.293634892,-6.656308889,-19.78348351,-19.55561638,-8.67835331,18.02715355,15.45916644,-2.323268452,-2.641310921,-20.45381996,-3.517040429,-11.32837867,9.24E-17,-2.75E-16,0,-0.607484732
W,2,0.08,Li156W2P23S125Cl21F4,-7.63283787,-1.223211197,-0.16,0.16,0,-1,-6.24,0.84,0.16,0.92,5,2.48,0,0,0,0.08,-18.06536506,-2.546814899,-4.005635262,-6.288835526,-21.9933548,-0.703408086,-5.293634892,-2.508675277,-7.823607445,-7.571200728,-4.252990246,18.06536506,15.89212497,-3.36473362,-1.006213684,-20.23388641,-3.517040429,-13.12821453,0,0,0,-0.34023922
W,3,0.08,Li154W2P23S125Cl19F6,-7.536557867,-1.215573849,-0.24,0.24,0,-1,-6.2,0.76,0.24,0.92,5,2.4,0,0,0,0.08,-18.10179915,-2.546814899,-4.005635262,-6.288835526,-21.9933548,-0.703408086,-5.293634892,-3.465196609,-10.62217999,-10.48433542,-5.241943598,18.10179915,15.79025237,-3.044282799,-1.509320526,-20.23388641,-3.517040429,-12.70472374,0,0,0,-0.419355488
W,4,0.08,Li152W2P23S125Cl17F8,-7.64209834,-1.209192775,-0.32,0.32,0.08,-1,-6.32,0.68,0.32,0.92,5,2.32,0,0,0.08,0,-18.12765179,-2.546814899,-4.005635262,-6.288835526,-21.9933548,-0.703408086,-5.293634892,-4.637530744,-13.10345531,-13.71501446,-6.05999136,18.12765179,16.09587016,-2.723831978,-2.012427368,-20.23388641,-3.517040429,-12.28123295,0,0,-1.097201157,0
W,5,0.08,Li150W2P23S125Cl15F10,-7.649129943,-1.210305371,-0.4,0.4,0.08,-1,-6.32,0.6,0.4,0.92,5,2.24,0,0,0.08,0,-18.12462127,-2.546814899,-4.005635262,-6.288835526,-21.9933548,-0.703408086,-5.293634892,-5.497563601,-16.2920351,-16.77546263,-7.107077718,18.12462127,16.09587016,-2.403381157,-2.51553421,-20.23388641,-3.517040429,-11.85774216,0,0,-1.34203701,0
W,6,0.08,Li148W2P23S125Cl13F12,-7.413603267,-1.219342643,-0.48,0.48,0,-1,-6.08,0.52,0.48,0.92,5,2.16,0,0,0,0.08,-18.08278001,-2.546814899,-4.005635262,-6.288835526,-21.9933548,-0.703408086,-5.293634892,-6.656308889,-19.78348351,-19.55561638,-8.67835331,18.08278001,15.48463459,-2.082930336,-3.018641052,-20.23388641,-3.517040429,-11.43425137,0,0,0,-0.694268265
W,2,0.09,Li627W9P91S500Cl82F18,-7.667515963,-1.222889308,-0.18,0.18,0,-1,-6.27,0.82,0.18,0.91,5,2.54,0,0,0,0.09,-18.14016097,-2.546814899,-4.005635262,-6.288835526,-21.9933548,-0.703408086,-5.293634892,-2.508675277,-7.823607445,-7.571200728,-4.252990246,18.14016097,15.96852942,-3.284620914,-1.131990395,-20.01395287,-3.517040429,-13.44583262,0,0,0,-0.382769122
W,3,0.09,Li618W9P91S500Cl73F27,-7.55772129,-1.214091774,-0.27,0.27,0,-1,-6.225,0.73,0.27,0.91,5,2.45,1.39E-17,-1.39E-17,0,0.09,-18.182629,-2.546814899,-4.005635262,-6.288835526,-21.9933548,-0.703408086,-5.293634892,-3.465196609,-10.62217999,-10.48433542,-5.241943598,18.182629,15.85392275,-2.924113741,-1.697985592,-20.01395287,-3.517040429,-12.96940548,-4.81E-17,1.47E-16,0,-0.471774924
W,4,0.09,Li609W9P91S500Cl64F36,-7.680019246,-1.207550196,-0.36,0.36,0.09,-1,-6.36,0.64,0.36,0.91,5,2.36,0,0,0.09,0,-18.20814829,-2.546814899,-4.005635262,-6.288835526,-21.9933548,-0.703408086,-5.293634892,-4.637530744,-13.10345531,-13.71501446,-6.05999136,18.20814829,16.19774276,-2.563606567,-2.263980789,-20.01395287,-3.517040429,-12.49297834,0,0,-1.234351301,0
W,5,0.09,Li600W9P91S500Cl55F45,-7.701719437,-1.210962176,-0.45,0.45,0.09,-1,-6.36,0.55,0.45,0.91,5,2.27,0,0,0.09,0,-18.19094932,-2.546814899,-4.005635262,-6.288835526,-21.9933548,-0.703408086,-5.293634892,-5.497563601,-16.2920351,-16.77546263,-7.107077718,18.19094932,16.19774276,-2.203099394,-2.829975986,-20.01395287,-3.517040429,-12.0165512,0,0,-1.509791636,0
W,6,0.09,Li591W9P91S500Cl46F54,-7.432350687,-1.220418832,-0.54,0.54,0,-1,-6.09,0.46,0.54,0.91,5,2.18,1.39E-17,-1.39E-17,0,0.09,-18.14827914,-2.546814899,-4.005635262,-6.288835526,-21.9933548,-0.703408086,-5.293634892,-6.656308889,-19.78348351,-19.55561638,-8.67835331,18.14827914,15.51010274,-1.84259222,-3.395971184,-20.01395287,-3.517040429,-11.54012406,-9.24E-17,2.75E-16,0,-0.781051798
W,2,0.1,Li63WP9S50Cl8F2,-7.701953746,-1.222532341,-0.2,0.2,0,-1,-6.3,0.8,0.2,0.9,5,2.6,0,0,0,0.1,-18.21519719,-2.546814899,-4.005635262,-6.288835526,-21.9933548,-0.703408086,-5.293634892,-2.508675277,-7.823607445,-7.571200728,-4.252990246,18.21519719,16.04493386,-3.204508209,-1.257767105,-19.79401932,-3.517040429,-13.76345072,0,0,0,-0.425299025
W,3,0.1,Li62WP9S50Cl7F3,-7.579921949,-1.212787512,-0.3,0.3,0,-1,-6.25,0.7,0.3,0.9,5,2.5,-1.39E-17,1.39E-17,0,0.1,-18.26242161,-2.546814899,-4.005635262,-6.288835526,-21.9933548,-0.703408086,-5.293634892,-3.465196609,-10.62217999,-10.48433542,-5.241943598,18.26242161,15.91759312,-2.803944683,-1.886650658,-19.79401932,-3.517040429,-13.23408723,4.81E-17,-1.47E-16,0,-0.52419436
W,4,0.1,Li61WP9S50Cl6F4,-7.721650305,-1.20650786,-0.4,0.4,0.1,-1,-6.4,0.6,0.4,0.9,5,2.4,0,0,0.1,0,-18.28493464,-2.546814899,-4.005635262,-6.288835526,-21.9933548,-0.703408086,-5.293634892,-4.637530744,-13.10345531,-13.71501446,-6.05999136,18.28493464,16.29961535,-2.403381157,-2.51553421,-19.79401932,-3.517040429,-12.70472374,0,0,-1.371501446,0
W,5,0.1,Li60WP9S50Cl5F5,-7.75530695,-1.211766711,-0.5,0.5,0.1,-1,-6.4,0.5,0.5,0.9,5,2.3,0,0,0.1,0,-18.25627935,-2.546814899,-4.005635262,-6.288835526,-21.9933548,-0.703408086,-5.293634892,-5.497563601,-16.2920351,-16.77546263,-7.107077718,18.25627935,16.29961535,-2.002817631,-3.144417763,-19.79401932,-3.517040429,-12.17536025,0,0,-1.677546263,0
W,6,0.1,Li59WP9S50Cl4F6,-7.435583374,-1.218948094,-0.6,0.6,0,-1,-6.1,0.4,0.6,0.9,5,2.2,-1.39E-17,1.39E-17,0,0.1,-18.229293,-2.546814899,-4.005635262,-6.288835526,-21.9933548,-0.703408086,-5.293634892,-6.656308889,-19.78348351,-19.55561638,-8.67835331,18.229293,15.53557088,-1.602254105,-3.773301315,-19.79401932,-3.517040429,-11.64599676,9.24E-17,-2.75E-16,0,-0.867835331
Y,3,0.01,Li602YP99S500Cl97F3,-6.62267308,-1.099198852,-0.03,0.03,0,-1,-6.025,0.97,0.03,0.99,5,2.05,0,0,0,0.01,-18.34719359,-2.546814899,-4.005635262,-6.288835526,-21.9933548,-0.703408086,-5.293634892,-10.10769081,-18.12897682,-14.39502239,-9.788196087,18.34719359,15.34455977,-3.885466204,-0.188665066,-21.77342125,-3.517040429,-10.85195153,0,0,0,-0.097881961
Y,3,0.02,Li302YP49S250Cl47F3,-6.670285386,-1.10252651,-0.06,0.06,0,-1,-6.05,0.94,0.06,0.98,5,2.1,0,0,0,0.02,-18.44703708,-2.546814899,-4.005635262,-6.288835526,-21.9933548,-0.703408086,-5.293634892,-10.10769081,-18.12897682,-14.39502239,-9.788196087,18.44703708,15.40823014,-3.765297146,-0.377330132,-21.5534877,-3.517040429,-11.11663327,0,0,0,-0.195763922
Y,3,0.03,Li606Y3P97S500Cl91F9,-6.716164593,-1.105541497,-0.09,0.09,0,-1,-6.075,0.91,0.09,0.97,5,2.15,0,0,0,0.03,-18.54861366,-2.546814899,-4.005635262,-6.288835526,-21.9933548,-0.703408086,-5.293634892,-10.10769081,-18.12897682,-14.39502239,-9.788196087,18.54861366,15.47190051,-3.645128088,-0.565995197,-21.33355415,-3.517040429,-11.38131502,0,0,0,-0.293645883
Y,3,0.04,Li152YP24S125Cl22F3,-6.759937324,-1.108186447,-0.12,0.12,0,-1,-6.1,0.88,0.12,0.96,5,2.2,0,0,0,0.04,-18.65229672,-2.546814899,-4.005635262,-6.288835526,-21.9933548,-0.703408086,-5.293634892,-10.10769081,-18.12897682,-14.39502239,-9.788196087,18.65229672,15.53557088,-3.52495903,-0.754660263,-21.11362061,-3.517040429,-11.64599676,0,0,0,-0.391527843
Y,3,0.05,Li122YP19S100Cl17F3,-6.80159807,-1.110464991,-0.15,0.15,0,-1,-6.125,0.85,0.15,0.95,5,2.25,-6.94E-18,6.94E-18,0,0.05,-18.75809177,-2.546814899,-4.005635262,-6.288835526,-21.9933548,-0.703408086,-5.293634892,-10.10769081,-18.12897682,-14.39502239,-9.788196087,18.75809177,15.59924126,-3.404789972,-0.943325329,-20.89368706,-3.517040429,-11.91067851,7.01E-17,-1.26E-16,0,-0.489409804
Y,3,0.06,Li306Y3P47S250Cl41F9,-6.841512013,-1.112440978,-0.18,0.18,0,-1,-6.15,0.82,0.18,0.94,5,2.3,0,0,0,0.06,-18.86563362,-2.546814899,-4.005635262,-6.288835526,-21.9933548,-0.703408086,-5.293634892,-10.10769081,-18.12897682,-14.39502239,-9.788196087,18.86563362,15.66291163,-3.284620914,-1.131990395,-20.67375351,-3.517040429,-12.17536025,0,0,0,-0.587291765
Y,3,0.07,Li614Y7P93S500Cl79F21,-6.880074812,-1.114182156,-0.21,0.21,0,-1,-6.175,0.79,0.21,0.93,5,2.35,-1.39E-17,1.39E-17,0,0.07,-18.97452662,-2.546814899,-4.005635262,-6.288835526,-21.9933548,-0.703408086,-5.293634892,-10.10769081,-18.12897682,-14.39502239,-9.788196087,18.97452662,15.726582,-3.164451857,-1.32065546,-20.45381996,-3.517040429,-12.440042,1.40E-16,-2.52E-16,0,-0.685173726
Y,3,0.08,Li154Y2P23S125Cl19F6,-6.917427293,-1.11571408,-0.24,0.24,0,-1,-6.2,0.76,0.24,0.92,5,2.4,0,0,0,0.08,-19.08462993,-2.546814899,-4.005635262,-6.288835526,-21.9933548,-0.703408086,-5.293634892,-10.10769081,-18.12897682,-14.39502239,-9.788196087,19.08462993,15.79025237,-3.044282799,-1.509320526,-20.23388641,-3.517040429,-12.70472374,0,0,0,-0.783055687
Y,3,0.09,Li618Y9P91S500Cl73F27,-6.953272812,-1.116991616,-0.27,0.27,0,-1,-6.225,0.73,0.27,0.91,5,2.45,1.39E-17,-1.39E-17,0,0.09,-19.1962402,-2.546814899,-4.005635262,-6.288835526,-21.9933548,-0.703408086,-5.293634892,-10.10769081,-18.12897682,-14.39502239,-9.788196087,19.1962402,15.85392275,-2.924113741,-1.697985592,-20.01395287,-3.517040429,-12.96940548,-1.40E-16,2.52E-16,0,-0.880937648
Y,3,0.1,Li62YP9S50Cl7F3,-6.987001383,-1.117920221,-0.3,0.3,0,-1,-6.25,0.7,0.3,0.9,5,2.5,-1.39E-17,1.39E-17,0,0.1,-19.30996742,-2.546814899,-4.005635262,-6.288835526,-21.9933548,-0.703408086,-5.293634892,-10.10769081,-18.12897682,-14.39502239,-9.788196087,19.30996742,15.91759312,-2.803944683,-1.886650658,-19.79401932,-3.517040429,-13.23408723,1.40E-16,-2.52E-16,0,-0.978819609
Yb,2,0.01,Li603YbP99S500Cl98F2,-6.467879837,-1.070841033,-0.02,0.02,0.01,-1,-6.04,0.98,0.02,0.99,5,2.06,0,0,0.01,0,-18.5100941,-2.546814899,-4.005635262,-6.288835526,-21.9933548,-0.703408086,-5.293634892,-6.402611017,-13.12859058,-11.40871048,-6.457994938,18.5100941,15.38276199,-3.925522556,-0.125776711,-21.77342125,-3.517040429,-10.90488788,0,0,-0.114087105,0
Yb,3,0.01,Li602YbP99S500Cl97F3,-6.461921721,-1.072518128,-0.03,0.03,0,-1,-6.025,0.97,0.03,0.99,5,2.05,0,0,0,0.01,-18.51186727,-2.546814899,-4.005635262,-6.288835526,-21.9933548,-0.703408086,-5.293634892,-9.95889473,-18.40937424,-14.57166862,-10.18042803,18.51186727,15.34455977,-3.885466204,-0.188665066,-21.77342125,-3.517040429,-10.85195153,0,0,0,-0.10180428
Yb,2,0.02,Li303YbP49S250Cl48F2,-6.524834251,-1.073163528,-0.04,0.04,0.02,-1,-6.08,0.96,0.04,0.98,5,2.12,0,0,0.02,0,-18.60870275,-2.546814899,-4.005635262,-6.288835526,-21.9933548,-0.703408086,-5.293634892,-6.402611017,-13.12859058,-11.40871048,-6.457994938,18.60870275,15.48463459,-3.845409851,-0.251553421,-21.5534877,-3.517040429,-11.22250597,0,0,-0.22817421,0
Yb,3,0.02,Li302YbP49S250Cl47F3,-6.511247843,-1.076239313,-0.06,0.06,0,-1,-6.05,0.94,0.06,0.98,5,2.1,0,0,0,0.02,-18.61391926,-2.546814899,-4.005635262,-6.288835526,-21.9933548,-0.703408086,-5.293634892,-9.95889473,-18.40937424,-14.57166862,-10.18042803,18.61391926,15.40823014,-3.765297146,-0.377330132,-21.5534877,-3.517040429,-11.11663327,0,0,0,-0.203608561
Yb,2,0.03,Li609Yb3P97S500Cl94F6,-6.58236783,-1.075550299,-0.06,0.06,0.03,-1,-6.12,0.94,0.06,0.97,5,2.18,0,0,0.03,0,-18.70673223,-2.546814899,-4.005635262,-6.288835526,-21.9933548,-0.703408086,-5.293634892,-6.402611017,-13.12859058,-11.40871048,-6.457994938,18.70673223,15.58650718,-3.765297146,-0.377330132,-21.33355415,-3.517040429,-11.54012406,0,0,-0.342261314,0
Yb,3,0.03,Li606Yb3P97S500Cl91F9,-6.56114994,-1.080024681,-0.09,0.09,0,-1,-6.075,0.91,0.09,0.97,5,2.15,0,0,0,0.03,-18.71539527,-2.546814899,-4.005635262,-6.288835526,-21.9933548,-0.703408086,-5.293634892,-9.95889473,-18.40937424,-14.57166862,-10.18042803,18.71539527,15.47190051,-3.645128088,-0.565995197,-21.33355415,-3.517040429,-11.38131502,0,0,0,-0.305412841
Yb,2,0.04,Li153YbP24S125Cl23F2,-6.641213599,-1.078119091,-0.08,0.08,0.04,-1,-6.16,0.92,0.08,0.96,5,2.24,0,0,0.04,0,-18.80344952,-2.546814899,-4.005635262,-6.288835526,-21.9933548,-0.703408086,-5.293634892,-6.402611017,-13.12859058,-11.40871048,-6.457994938,18.80344952,15.68837978,-3.685184441,-0.503106842,-21.11362061,-3.517040429,-11.85774216,0,0,-0.456348419,0
Yb,3,0.04,Li152YbP24S125Cl22F3,-6.613180036,-1.084127875,-0.12,0.12,0,-1,-6.1,0.88,0.12,0.96,5,2.2,0,0,0,0.04,-18.81474329,-2.546814899,-4.005635262,-6.288835526,-21.9933548,-0.703408086,-5.293634892,-9.95889473,-18.40937424,-14.57166862,-10.18042803,18.81474329,15.53557088,-3.52495903,-0.754660263,-21.11362061,-3.517040429,-11.64599676,0,0,0,-0.407217121
Yb,2,0.05,Li123YbP19S100Cl18F2,-6.70173971,-1.08092576,-0.1,0.1,0.05,-1,-6.2,0.9,0.1,0.95,5,2.3,0,0,0.05,0,-18.89848647,-2.546814899,-4.005635262,-6.288835526,-21.9933548,-0.703408086,-5.293634892,-6.402611017,-13.12859058,-11.40871048,-6.457994938,18.89848647,15.79025237,-3.605071735,-0.628883553,-20.89368706,-3.517040429,-12.17536025,0,0,-0.570435524,0
Yb,3,0.05,Li122YbP19S100Cl17F3,-6.667715905,-1.088606678,-0.15,0.15,0,-1,-6.125,0.85,0.15,0.95,5,2.25,-6.94E-18,6.94E-18,0,0.05,-18.91158553,-2.546814899,-4.005635262,-6.288835526,-21.9933548,-0.703408086,-5.293634892,-9.95889473,-18.40937424,-14.57166862,-10.18042803,18.91158553,15.59924126,-3.404789972,-0.943325329,-20.89368706,-3.517040429,-11.91067851,6.91E-17,-1.28E-16,0,-0.509021401
Yb,2,0.06,Li309Yb3P47S250Cl44F6,-6.764056761,-1.083983455,-0.12,0.12,0.06,-1,-6.24,0.88,0.12,0.94,5,2.36,0,0,0.06,0,-18.99173247,-2.546814899,-4.005635262,-6.288835526,-21.9933548,-0.703408086,-5.293634892,-6.402611017,-13.12859058,-11.40871048,-6.457994938,18.99173247,15.89212497,-3.52495903,-0.754660263,-20.67375351,-3.517040429,-12.49297834,0,0,-0.684522629,0
Yb,3,0.06,Li306Yb3P47S250Cl41F9,-6.724407158,-1.093399538,-0.18,0.18,0,-1,-6.15,0.82,0.18,0.94,5,2.3,0,0,0,0.06,-19.00627239,-2.546814899,-4.005635262,-6.288835526,-21.9933548,-0.703408086,-5.293634892,-9.95889473,-18.40937424,-14.57166862,-10.18042803,19.00627239,15.66291163,-3.284620914,-1.131990395,-20.67375351,-3.517040429,-12.17536025,0,0,0,-0.610825682
Yb,2,0.07,Li621Yb7P93S500Cl86F14,-6.828093568,-1.087276046,-0.14,0.14,0.07,-1,-6.28,0.86,0.14,0.93,5,2.42,0,0,0.07,0,-19.08325873,-2.546814899,-4.005635262,-6.288835526,-21.9933548,-0.703408086,-5.293634892,-6.402611017,-13.12859058,-11.40871048,-6.457994938,19.08325873,15.99399757,-3.444846325,-0.880436974,-20.45381996,-3.517040429,-12.81059644,0,0,-0.798609734,0
Yb,3,0.07,Li614Yb7P93S500Cl79F21,-6.782378017,-1.098360812,-0.21,0.21,0,-1,-6.175,0.79,0.21,0.93,5,2.35,-1.39E-17,1.39E-17,0,0.07,-19.09967965,-2.546814899,-4.005635262,-6.288835526,-21.9933548,-0.703408086,-5.293634892,-9.95889473,-18.40937424,-14.57166862,-10.18042803,19.09967965,15.726582,-3.164451857,-1.32065546,-20.45381996,-3.517040429,-12.440042,1.38E-16,-2.55E-16,0,-0.712629962
Yb,2,0.08,Li156Yb2P23S125Cl21F4,-6.893678736,-1.090771952,-0.16,0.16,0.08,-1,-6.32,0.84,0.16,0.92,5,2.48,0,0,0.08,0,-19.17323662,-2.546814899,-4.005635262,-6.288835526,-21.9933548,-0.703408086,-5.293634892,-6.402611017,-13.12859058,-11.40871048,-6.457994938,19.17323662,16.09587016,-3.36473362,-1.006213684,-20.23388641,-3.517040429,-13.12821453,0,0,-0.912696838,0
Yb,3,0.08,Li154Yb2P23S125Cl19F6,-6.840301763,-1.103274478,-0.24,0.24,0,-1,-6.2,0.76,0.24,0.92,5,2.4,0,0,0,0.08,-19.19313401,-2.546814899,-4.005635262,-6.288835526,-21.9933548,-0.703408086,-5.293634892,-9.95889473,-18.40937424,-14.57166862,-10.18042803,19.19313401,15.79025237,-3.044282799,-1.509320526,-20.23388641,-3.517040429,-12.70472374,0,0,0,-0.814434242
Yb,2,0.09,Li627Yb9P91S500Cl82F18,-6.960575923,-1.094430177,-0.18,0.18,0.09,-1,-6.36,0.82,0.18,0.91,5,2.54,0,0,0.09,0,-19.26190249,-2.546814899,-4.005635262,-6.288835526,-21.9933548,-0.703408086,-5.293634892,-6.402611017,-13.12859058,-11.40871048,-6.457994938,19.26190249,16.19774276,-3.284620914,-1.131990395,-20.01395287,-3.517040429,-13.44583262,0,0,-1.026783943,0
Yb,3,0.09,Li618Yb9P91S500Cl73F27,-6.896633038,-1.107892858,-0.27,0.27,0,-1,-6.225,0.73,0.27,0.91,5,2.45,1.39E-17,-1.39E-17,0,0.09,-19.28818085,-2.546814899,-4.005635262,-6.288835526,-21.9933548,-0.703408086,-5.293634892,-9.95889473,-18.40937424,-14.57166862,-10.18042803,19.28818085,15.85392275,-2.924113741,-1.697985592,-20.01395287,-3.517040429,-12.96940548,-1.38E-16,2.55E-16,0,-0.916238523
Yb,2,0.1,Li63YbP9S50Cl8F2,-7.028467265,-1.09819801,-0.2,0.2,0.1,-1,-6.4,0.8,0.2,0.9,5,2.6,0,0,0.1,0,-19.34957421,-2.546814899,-4.005635262,-6.288835526,-21.9933548,-0.703408086,-5.293634892,-6.402611017,-13.12859058,-11.40871048,-6.457994938,19.34957421,16.29961535,-3.204508209,-1.257767105,-19.79401932,-3.517040429,-13.76345072,0,0,-1.140871048,0
Yb,3,0.1,Li62YbP9S50Cl7F3,-6.95029546,-1.112047274,-0.3,0.3,0,-1,-6.25,0.7,0.3,0.9,5,2.5,-1.39E-17,1.39E-17,0,0.1,-19.38589654,-2.546814899,-4.005635262,-6.288835526,-21.9933548,-0.703408086,-5.293634892,-9.95889473,-18.40937424,-14.57166862,-10.18042803,19.38589654,15.91759312,-2.803944683,-1.886650658,-19.79401932,-3.517040429,-13.23408723,1.38E-16,-2.55E-16,0,-1.018042803
Zn,2,0.01,Li603ZnP99S500Cl98F2,-7.633600557,-1.265937074,-0.02,0.02,0,-1,-6.03,0.98,0.02,0.99,5,2.06,0,0,0,0.01,-17.29117842,-2.546814899,-4.005635262,-6.288835526,-21.9933548,-0.703408086,-5.293634892,-3.829727411,-7.655556679,-6.989604831,-3.542399406,17.29117842,15.35729384,-3.925522556,-0.125776711,-21.77342125,-3.517040429,-10.90488788,0,0,0,-0.035423994
Zn,2,0.02,Li303ZnP49S250Cl48F2,-7.654338633,-1.263092184,-0.04,0.04,0,-1,-6.06,0.96,0.04,0.98,5,2.12,0,0,0,0.02,-17.37280844,-2.546814899,-4.005635262,-6.288835526,-21.9933548,-0.703408086,-5.293634892,-3.829727411,-7.655556679,-6.989604831,-3.542399406,17.37280844,15.43369829,-3.845409851,-0.251553421,-21.5534877,-3.517040429,-11.22250597,0,0,0,-0.070847988
Zn,2,0.03,Li609Zn3P97S500Cl94F6,-7.674620867,-1.260200471,-0.06,0.06,0,-1,-6.09,0.94,0.06,0.97,5,2.18,0,0,0,0.03,-17.4548943,-2.546814899,-4.005635262,-6.288835526,-21.9933548,-0.703408086,-5.293634892,-3.829727411,-7.655556679,-6.989604831,-3.542399406,17.4548943,15.51010274,-3.765297146,-0.377330132,-21.33355415,-3.517040429,-11.54012406,0,0,0,-0.106271982
Zn,2,0.04,Li153ZnP24S125Cl23F2,-7.694478292,-1.257267695,-0.08,0.08,0,-1,-6.12,0.92,0.08,0.96,5,2.24,0,0,0,0.04,-17.53740498,-2.546814899,-4.005635262,-6.288835526,-21.9933548,-0.703408086,-5.293634892,-3.829727411,-7.655556679,-6.989604831,-3.542399406,17.53740498,15.58650718,-3.685184441,-0.503106842,-21.11362061,-3.517040429,-11.85774216,0,0,0,-0.141695976
Zn,2,0.05,Li123ZnP19S100Cl18F2,-7.713812129,-1.254278395,-0.1,0.1,0,-1,-6.15,0.9,0.1,0.95,5,2.3,0,0,0,0.05,-17.62043924,-2.546814899,-4.005635262,-6.288835526,-21.9933548,-0.703408086,-5.293634892,-3.829727411,-7.655556679,-6.989604831,-3.542399406,17.62043924,15.66291163,-3.605071735,-0.628883553,-20.89368706,-3.517040429,-12.17536025,0,0,0,-0.17711997
Zn,2,0.06,Li309Zn3P47S250Cl44F6,-7.732550992,-1.251221843,-0.12,0.12,0,-1,-6.18,0.88,0.12,0.94,5,2.36,0,0,0,0.06,-17.70406847,-2.546814899,-4.005635262,-6.288835526,-21.9933548,-0.703408086,-5.293634892,-3.829727411,-7.655556679,-6.989604831,-3.542399406,17.70406847,15.73931608,-3.52495903,-0.754660263,-20.67375351,-3.517040429,-12.49297834,0,0,0,-0.212543964
Zn,2,0.07,Li621Zn7P93S500Cl86F14,-7.750692156,-1.248098576,-0.14,0.14,0,-1,-6.21,0.86,0.14,0.93,5,2.42,0,0,0,0.07,-17.78829541,-2.546814899,-4.005635262,-6.288835526,-21.9933548,-0.703408086,-5.293634892,-3.829727411,-7.655556679,-6.989604831,-3.542399406,17.78829541,15.81572052,-3.444846325,-0.880436974,-20.45381996,-3.517040429,-12.81059644,0,0,0,-0.247967958
Zn,2,0.08,Li156Zn2P23S125Cl21F4,-7.768324439,-1.244923788,-0.16,0.16,0,-1,-6.24,0.84,0.16,0.92,5,2.48,0,0,0,0.08,-17.87303122,-2.546814899,-4.005635262,-6.288835526,-21.9933548,-0.703408086,-5.293634892,-3.829727411,-7.655556679,-6.989604831,-3.542399406,17.87303122,15.89212497,-3.36473362,-1.006213684,-20.23388641,-3.517040429,-13.12821453,0,0,0,-0.283391953
Zn,2,0.09,Li627Zn9P91S500Cl82F18,-7.785613422,-1.241724629,-0.18,0.18,0,-1,-6.27,0.82,0.18,0.91,5,2.54,0,0,0,0.09,-17.95811034,-2.546814899,-4.005635262,-6.288835526,-21.9933548,-0.703408086,-5.293634892,-3.829727411,-7.655556679,-6.989604831,-3.542399406,17.95811034,15.96852942,-3.284620914,-1.131990395,-20.01395287,-3.517040429,-13.44583262,0,0,0,-0.318815947
Zn,2,0.1,Li63ZnP9S50Cl8F2,-7.802745224,-1.238530988,-0.2,0.2,0,-1,-6.3,0.8,0.2,0.9,5,2.6,0,0,0,0.1,-18.04334663,-2.546814899,-4.005635262,-6.288835526,-21.9933548,-0.703408086,-5.293634892,-3.829727411,-7.655556679,-6.989604831,-3.542399406,18.04334663,16.04493386,-3.204508209,-1.257767105,-19.79401932,-3.517040429,-13.76345072,0,0,0,-0.354239941
Zr,2,0.01,Li603ZrP99S500Cl98F2,-7.004831917,-1.159740384,-0.02,0.02,0.01,-1,-6.04,0.98,0.02,0.99,5,2.06,0,0,0.01,0,-17.96176937,-2.546814899,-4.005635262,-6.288835526,-21.9933548,-0.703408086,-5.293634892,-5.460931778,-11.32633924,-10.27144551,-6.198413372,17.96176937,15.38276199,-3.925522556,-0.125776711,-21.77342125,-3.517040429,-10.90488788,0,0,-0.102714455,0
Zr,3,0.01,Li602ZrP99S500Cl97F3,-6.999378043,-1.161722497,-0.03,0.03,0,-1,-6.025,0.97,0.03,0.99,5,2.05,0,0,0,0.01,-17.96076136,-2.546814899,-4.005635262,-6.288835526,-21.9933548,-0.703408086,-5.293634892,-7.675695419,-16.43000412,-13.73788369,-8.815469742,17.96076136,15.34455977,-3.885466204,-0.188665066,-21.77342125,-3.517040429,-10.85195153,0,0,0,-0.088154697
Zr,4,0.01,Li601ZrP99S500Cl96F4,-7.007385877,-1.164017587,-0.04,0.04,0,-1,-6.02,0.96,0.04,0.99,5,2.04,0,0,0,0.01,-17.9602719,-2.546814899,-4.005635262,-6.288835526,-21.9933548,-0.703408086,-5.293634892,-9.972375035,-20.14451742,-17.83637238,-11.30433369,17.9602719,15.33182569,-3.845409851,-0.251553421,-21.77342125,-3.517040429,-10.79901518,0,0,0,-0.113043337
Zr,2,0.02,Li303ZrP49S250Cl48F2,-7.065379731,-1.162069035,-0.04,0.04,0.02,-1,-6.08,0.96,0.04,0.98,5,2.12,0,0,0.02,0,-18.04541197,-2.546814899,-4.005635262,-6.288835526,-21.9933548,-0.703408086,-5.293634892,-5.460931778,-11.32633924,-10.27144551,-6.198413372,18.04541197,15.48463459,-3.845409851,-0.251553421,-21.5534877,-3.517040429,-11.22250597,0,0,-0.20542891,0
Zr,3,0.02,Li302ZrP49S250Cl47F3,-7.05204295,-1.165626934,-0.06,0.06,0,-1,-6.05,0.94,0.06,0.98,5,2.1,0,0,0,0.02,-18.04582499,-2.546814899,-4.005635262,-6.288835526,-21.9933548,-0.703408086,-5.293634892,-7.675695419,-16.43000412,-13.73788369,-8.815469742,18.04582499,15.40823014,-3.765297146,-0.377330132,-21.5534877,-3.517040429,-11.11663327,0,0,0,-0.176309395
Zr,4,0.02,Li301ZrP49S250Cl46F4,-7.064761351,-1.169662475,-0.08,0.08,0,-1,-6.04,0.92,0.08,0.98,5,2.08,0,0,0,0.02,-18.04814332,-2.546814899,-4.005635262,-6.288835526,-21.9933548,-0.703408086,-5.293634892,-9.972375035,-20.14451742,-17.83637238,-11.30433369,18.04814332,15.38276199,-3.685184441,-0.503106842,-21.5534877,-3.517040429,-11.01076057,0,0,0,-0.226086674
Zr,2,0.03,Li609Zr3P97S500Cl94F6,-7.123784266,-1.164017037,-0.06,0.06,0.03,-1,-6.12,0.94,0.06,0.97,5,2.18,0,0,0.03,0,-18.13119784,-2.546814899,-4.005635262,-6.288835526,-21.9933548,-0.703408086,-5.293634892,-5.460931778,-11.32633924,-10.27144551,-6.198413372,18.13119784,15.58650718,-3.765297146,-0.377330132,-21.33355415,-3.517040429,-11.54012406,0,0,-0.308143365,0
Zr,3,0.03,Li606Zr3P97S500Cl91F9,-7.100457219,-1.168799542,-0.09,0.09,0,-1,-6.075,0.91,0.09,0.97,5,2.15,0,0,0,0.03,-18.13513925,-2.546814899,-4.005635262,-6.288835526,-21.9933548,-0.703408086,-5.293634892,-7.675695419,-16.43000412,-13.73788369,-8.815469742,18.13513925,15.47190051,-3.645128088,-0.565995197,-21.33355415,-3.517040429,-11.38131502,0,0,0,-0.264464092
Zr,4,0.03,Li603Zr3P97S500Cl88F12,-7.115531824,-1.174180169,-0.12,0.12,0,-1,-6.06,0.88,0.12,0.97,5,2.12,0,0,0,0.03,-18.14261974,-2.546814899,-4.005635262,-6.288835526,-21.9933548,-0.703408086,-5.293634892,-9.972375035,-20.14451742,-17.83637238,-11.30433369,18.14261974,15.43369829,-3.52495903,-0.754660263,-21.33355415,-3.517040429,-11.22250597,0,0,0,-0.339130011
Zr,2,0.04,Li153ZrP24S125Cl23F2,-7.179556657,-1.165512444,-0.08,0.08,0.04,-1,-6.16,0.92,0.08,0.96,5,2.24,0,0,0.04,0,-18.21961586,-2.546814899,-4.005635262,-6.288835526,-21.9933548,-0.703408086,-5.293634892,-5.460931778,-11.32633924,-10.27144551,-6.198413372,18.21961586,15.68837978,-3.685184441,-0.503106842,-21.11362061,-3.517040429,-11.85774216,0,0,-0.410857821,0
Zr,3,0.04,Li152ZrP24S125Cl22F3,-7.144817309,-1.171281526,-0.12,0.12,0,-1,-6.1,0.88,0.12,0.96,5,2.2,0,0,0,0.04,-18.22850769,-2.546814899,-4.005635262,-6.288835526,-21.9933548,-0.703408086,-5.293634892,-7.675695419,-16.43000412,-13.73788369,-8.815469742,18.22850769,15.53557088,-3.52495903,-0.754660263,-21.11362061,-3.517040429,-11.64599676,0,0,0,-0.35261879
Zr,4,0.04,Li151ZrP24S125Cl21F4,-7.161207303,-1.177830149,-0.16,0.16,0,-1,-6.08,0.84,0.16,0.96,5,2.16,0,0,0,0.04,-18.24219116,-2.546814899,-4.005635262,-6.288835526,-21.9933548,-0.703408086,-5.293634892,-9.972375035,-20.14451742,-17.83637238,-11.30433369,18.24219116,15.48463459,-3.36473362,-1.006213684,-21.11362061,-3.517040429,-11.43425137,0,0,0,-0.452173347
Zr,2,0.05,Li123ZrP19S100Cl18F2,-7.232465481,-1.16652669,-0.1,0.1,0.05,-1,-6.2,0.9,0.1,0.95,5,2.3,0,0,0.05,0,-18.31089745,-2.546814899,-4.005635262,-6.288835526,-21.9933548,-0.703408086,-5.293634892,-5.460931778,-11.32633924,-10.27144551,-6.198413372,18.31089745,15.79025237,-3.605071735,-0.628883553,-20.89368706,-3.517040429,-12.17536025,0,0,-0.513572276,0
Zr,3,0.05,Li122ZrP19S100Cl17F3,-7.185750446,-1.173183746,-0.15,0.15,0,-1,-6.125,0.85,0.15,0.95,5,2.25,-6.94E-18,6.94E-18,0,0.05,-18.32530308,-2.546814899,-4.005635262,-6.288835526,-21.9933548,-0.703408086,-5.293634892,-7.675695419,-16.43000412,-13.73788369,-8.815469742,18.32530308,15.59924126,-3.404789972,-0.943325329,-20.89368706,-3.517040429,-11.91067851,5.33E-17,-1.14E-16,0,-0.440773487
Zr,4,0.05,Li121ZrP19S100Cl16F4,-7.203062901,-1.180829984,-0.2,0.2,0,-1,-6.1,0.8,0.2,0.95,5,2.2,0,0,0,0.05,-18.34558246,-2.546814899,-4.005635262,-6.288835526,-21.9933548,-0.703408086,-5.293634892,-9.972375035,-20.14451742,-17.83637238,-11.30433369,18.34558246,15.53557088,-3.204508209,-1.257767105,-20.89368706,-3.517040429,-11.64599676,0,0,0,-0.565216684
Zr,2,0.06,Li309Zr3P47S250Cl44F6,-7.282494178,-1.167066375,-0.12,0.12,0.06,-1,-6.24,0.88,0.12,0.94,5,2.36,0,0,0.06,0,-18.40505916,-2.546814899,-4.005635262,-6.288835526,-21.9933548,-0.703408086,-5.293634892,-5.460931778,-11.32633924,-10.27144551,-6.198413372,18.40505916,15.89212497,-3.52495903,-0.754660263,-20.67375351,-3.517040429,-12.49297834,0,0,-0.616286731,0
Zr,3,0.06,Li306Zr3P47S250Cl41F9,-7.223897181,-1.174617428,-0.18,0.18,0,-1,-6.15,0.82,0.18,0.94,5,2.3,0,0,0,0.06,-18.42488487,-2.546814899,-4.005635262,-6.288835526,-21.9933548,-0.703408086,-5.293634892,-7.675695419,-16.43000412,-13.73788369,-8.815469742,18.42488487,15.66291163,-3.284620914,-1.131990395,-20.67375351,-3.517040429,-12.17536025,0,0,0,-0.528928185
Zr,4,0.06,Li303Zr3P47S250Cl38F12,-7.241597679,-1.183267595,-0.24,0.24,0,-1,-6.12,0.76,0.24,0.94,5,2.24,0,0,0,0.06,-18.45229458,-2.546814899,-4.005635262,-6.288835526,-21.9933548,-0.703408086,-5.293634892,-9.972375035,-20.14451742,-17.83637238,-11.30433369,18.45229458,15.58650718,-3.044282799,-1.509320526,-20.67375351,-3.517040429,-11.85774216,0,0,0,-0.678260021
Zr,2,0.07,Li621Zr7P93S500Cl86F14,-7.32972856,-1.167154229,-0.14,0.14,0.07,-1,-6.28,0.86,0.14,0.93,5,2.42,0,0,0.07,0,-18.50201519,-2.546814899,-4.005635262,-6.288835526,-21.9933548,-0.703408086,-5.293634892,-5.460931778,-11.32633924,-10.27144551,-6.198413372,18.50201519,15.99399757,-3.444846325,-0.880436974,-20.45381996,-3.517040429,-12.81059644,0,0,-0.719001186,0
Zr,3,0.07,Li614Zr7P93S500Cl79F21,-7.259632636,-1.17564901,-0.21,0.21,0,-1,-6.175,0.79,0.21,0.93,5,2.35,-1.39E-17,1.39E-17,0,0.07,-18.52687795,-2.546814899,-4.005635262,-6.288835526,-21.9933548,-0.703408086,-5.293634892,-7.675695419,-16.43000412,-13.73788369,-8.815469742,18.52687795,15.726582,-3.164451857,-1.32065546,-20.45381996,-3.517040429,-12.440042,1.07E-16,-2.28E-16,0,-0.617082882
Zr,4,0.07,Li607Zr7P93S500Cl72F28,-7.276643842,-1.185121147,-0.28,0.28,0,-1,-6.14,0.72,0.28,0.93,5,2.28,0,0,0,0.07,-18.56249532,-2.546814899,-4.005635262,-6.288835526,-21.9933548,-0.703408086,-5.293634892,-9.972375035,-20.14451742,-17.83637238,-11.30433369,18.56249532,15.63744348,-2.884057388,-1.760873947,-20.45381996,-3.517040429,-12.06948755,0,0,0,-0.791303358
Zr,2,0.08,Li156Zr2P23S125Cl21F4,-7.374279059,-1.166816307,-0.16,0.16,0.08,-1,-6.32,0.84,0.16,0.92,5,2.48,0,0,0.08,0,-18.6016551,-2.546814899,-4.005635262,-6.288835526,-21.9933548,-0.703408086,-5.293634892,-5.460931778,-11.32633924,-10.27144551,-6.198413372,18.6016551,16.09587016,-3.36473362,-1.006213684,-20.23388641,-3.517040429,-13.12821453,0,0,-0.821715641,0
Zr,3,0.08,Li154Zr2P23S125Cl19F6,-7.292899734,-1.176274151,-0.24,0.24,0,-1,-6.2,0.76,0.24,0.92,5,2.4,0,0,0,0.08,-18.63133938,-2.546814899,-4.005635262,-6.288835526,-21.9933548,-0.703408086,-5.293634892,-7.675695419,-16.43000412,-13.73788369,-8.815469742,18.63133938,15.79025237,-3.044282799,-1.509320526,-20.23388641,-3.517040429,-12.70472374,0,0,0,-0.705237579
Zr,4,0.08,Li152Zr2P23S125Cl17F8,-7.307752438,-1.186323448,-0.32,0.32,0,-1,-6.16,0.68,0.32,0.92,5,2.32,0,0,0,0.08,-18.67663362,-2.546814899,-4.005635262,-6.288835526,-21.9933548,-0.703408086,-5.293634892,-9.972375035,-20.14451742,-17.83637238,-11.30433369,18.67663362,15.68837978,-2.723831978,-2.012427368,-20.23388641,-3.517040429,-12.28123295,0,0,0,-0.904346695
Zr,2,0.09,Li627Zr9P91S500Cl82F18,-7.416290487,-1.16608341,-0.18,0.18,0.09,-1,-6.36,0.82,0.18,0.91,5,2.54,0,0,0.09,0,-18.70383408,-2.546814899,-4.005635262,-6.288835526,-21.9933548,-0.703408086,-5.293634892,-5.460931778,-11.32633924,-10.27144551,-6.198413372,18.70383408,16.19774276,-3.284620914,-1.131990395,-20.01395287,-3.517040429,-13.44583262,0,0,-0.924430096,0
Zr,3,0.09,Li618Zr9P91S500Cl73F27,-7.32311948,-1.176404736,-0.27,0.27,0,-1,-6.225,0.73,0.27,0.91,5,2.45,1.39E-17,-1.39E-17,0,0.09,-18.73884816,-2.546814899,-4.005635262,-6.288835526,-21.9933548,-0.703408086,-5.293634892,-7.675695419,-16.43000412,-13.73788369,-8.815469742,18.73884816,15.85392275,-2.924113741,-1.697985592,-20.01395287,-3.517040429,-12.96940548,-1.07E-16,2.28E-16,0,-0.793392277
Zr,4,0.09,Li609Zr9P91S500Cl64F36,-7.335025567,-1.186897341,-0.36,0.36,0,-1,-6.18,0.64,0.36,0.91,5,2.36,0,0,0,0.09,-18.79460738,-2.546814899,-4.005635262,-6.288835526,-21.9933548,-0.703408086,-5.293634892,-9.972375035,-20.14451742,-17.83637238,-11.30433369,18.79460738,15.73931608,-2.563606567,-2.263980789,-20.01395287,-3.517040429,-12.49297834,0,0,0,-1.017390032
Zr,2,0.1,Li63ZrP9S50Cl8F2,-7.455967775,-1.164994965,-0.2,0.2,0.1,-1,-6.4,0.8,0.2,0.9,5,2.6,0,0,0.1,0,-18.8083472,-2.546814899,-4.005635262,-6.288835526,-21.9933548,-0.703408086,-5.293634892,-5.460931778,-11.32633924,-10.27144551,-6.198413372,18.8083472,16.29961535,-3.204508209,-1.257767105,-19.79401932,-3.517040429,-13.76345072,0,0,-1.027144551,0
Zr,3,0.1,Li62ZrP9S50Cl7F3,-7.349408877,-1.17590542,-0.3,0.3,0,-1,-6.25,0.7,0.3,0.9,5,2.5,-1.39E-17,1.39E-17,0,0.1,-18.85028729,-2.546814899,-4.005635262,-6.288835526,-21.9933548,-0.703408086,-5.293634892,-7.675695419,-16.43000412,-13.73788369,-8.815469742,18.85028729,15.91759312,-2.803944683,-1.886650658,-19.79401932,-3.517040429,-13.23408723,1.07E-16,-2.28E-16,0,-0.881546974
Zr,4,0.1,Li61ZrP9S50Cl6F4,-7.360124182,-1.187116804,-0.4,0.4,0,-1,-6.2,0.6,0.4,0.9,5,2.4,0,0,0,0.1,-18.91475567,-2.546814899,-4.005635262,-6.288835526,-21.9933548,-0.703408086,-5.293634892,-9.972375035,-20.14451742,-17.83637238,-11.30433369,18.91475567,15.79025237,-2.403381157,-2.51553421,-19.79401932,-3.517040429,-12.70472374,0,0,0,-1.130433369
